k,AU,AT,DU,DT1,DT2,cU,cT1,cT2,J,S,sbar
1e-06,0.057598540852952074,-1.5527369419861818,-0.7052223644189671,17.88071054595539,0.0032636646886368575,-0.003032482648883315,0.013535350741269672,0.0018194860015730073,0.057598540853238615,-0.011750102333969732,0.0
1.028463060849779e-06,0.05759854085292721,-1.5527369419852297,-0.7052519380386024,17.88150778927032,0.0032636646886331925,-0.003032482648882863,0.01353535074126756,0.0018194860015727818,0.0575985408532303,-0.01175010233396278,0.0
1.0577362675324964e-06,0.057598540852900934,-1.5527369419842203,-0.70520381095901,17.880210383231372,0.0032636646886293327,-0.0030324826488823857,0.01353535074126533,0.001819486001572542,0.05759854085322151,-0.011750102333955443,0.0
1.087842679278294e-06,0.05759854085287312,-1.5527369419831556,-0.7052902456969538,17.882540484112187,0.003263664688625241,-0.003032482648881879,0.013535350741262955,0.0018194860015722872,0.05759854085321216,-0.011750102333947672,0.0
1.118806011653579e-06,0.05759854085284366,-1.5527369419820263,-0.7052361872347256,17.88108318032521,0.0032636646886208924,-0.0030324826488813427,0.013535350741260431,0.0018194860015720194,0.057598540853202304,-0.011750102333939437,0.0
1.1506506552423733e-06,0.057598540852812574,-1.5527369419808335,-0.7052557707470363,17.881611111109912,0.0032636646886163214,-0.003032482648880778,0.013535350741257784,0.0018194860015717342,0.05759854085319188,-0.011750102333930746,0.0
1.183401694859375e-06,0.057598540852779656,-1.5527369419795716,-0.705244549630126,17.8813086131167,0.003263664688611468,-0.003032482648880181,0.013535350741254972,0.0018194860015714339,0.05759854085318085,-0.011750102333921543,0.0
1.2170849293098917e-06,0.05759854085274485,-1.5527369419782378,-0.7052283215270566,17.880871137183206,0.0032636646886063454,-0.0030324826488795473,0.013535350741252004,0.0018194860015711164,0.05759854085316919,-0.011750102333911818,0.0
1.251726891712188e-06,0.05759854085270804,-1.5527369419768249,-0.7052213912502647,17.880684311320792,0.003263664688600919,-0.0030324826488788773,0.013535350741248866,0.0018194860015707812,0.05759854085315688,-0.011750102333901525,0.0
1.2873548703982968e-06,0.05759854085266908,-1.5527369419753323,-0.7053315337045318,17.88365352295683,0.003263664688595179,-0.0030324826488781717,0.013535350741245547,0.001819486001570426,0.05759854085314386,-0.011750102333890644,0.0
1.323996930409703e-06,0.05759854085262789,-1.552736941973752,-0.7052667804659464,17.881907910226456,0.0032636646885891175,-0.003032482648877422,0.013535350741242036,0.00181948600157005,0.05759854085313008,-0.011750102333879126,0.0
1.361681935604878e-06,0.057598540852584285,-1.5527369419720816,-0.7052318735094558,17.880966891226887,0.0032636646885827025,-0.0030324826488766277,0.013535350741238314,0.001819486001569652,0.057598540853115415,-0.011750102333866945,0.0
1.4004395713960445e-06,0.05759854085253818,-1.5527369419703136,-0.7052617807966641,17.881773129523523,0.00326366468857591,-0.0030324826488757907,0.013535350741234378,0.001819486001569231,0.05759854085309994,-0.01175010233385407,0.0
1.4403003681331284e-06,0.05759854085248943,-1.5527369419684456,-0.7052454212038904,17.88133210889925,0.0032636646885687336,-0.003032482648874903,0.01353535074123022,0.001819486001568787,0.057598540853083684,-0.011750102333840438,0.0
1.4812957251532608e-06,0.057598540852437846,-1.5527369419664676,-0.7052438632844831,17.881290110623954,0.0032636646885611325,-0.003032482648873966,0.013535350741225815,0.0018194860015683157,0.05759854085306637,-0.011750102333826024,0.0
1.5234579355148189e-06,0.057598540852383306,-1.552736941964375,-0.7052404728517191,17.881198711596987,0.003263664688553096,-0.003032482648872975,0.013535350741221164,0.0018194860015678174,0.057598540853048115,-0.01175010233381078,0.0
1.566820211435456e-06,0.05759854085232561,-1.5527369419621642,-0.7052711654818871,17.88202612110609,0.0032636646885446027,-0.0030324826488719258,0.013535350741216246,0.001819486001567291,0.057598540853028804,-0.011750102333794662,0.0
1.611416710454207e-06,0.05759854085226457,-1.5527369419598227,-0.7052525766559229,17.881525004986905,0.0032636646885356208,-0.0030324826488708143,0.013535350741211025,0.0018194860015667337,0.057598540853008334,-0.011750102333777601,0.0
1.6572825623382159e-06,0.057598540852200036,-1.5527369419573482,-0.7052863805200752,17.882436286896898,0.003263664688526107,-0.003032482648869643,0.013535350741205526,0.0018194860015661445,0.05759854085298673,-0.011750102333759558,0.0
1.7044538967553262e-06,0.05759854085213176,-1.552736941954729,-0.7052821615138152,17.88232255124902,0.0032636646885160505,-0.003032482648868403,0.013535350741199714,0.0018194860015655222,0.057598540852963856,-0.011750102333740478,0.0
1.7529678717343196e-06,0.057598540852059524,-1.5527369419519608,-0.7052729094315954,17.882073134333787,0.003263664688505414,-0.0030324826488670885,0.013535350741193535,0.0018194860015648623,0.05759854085293969,-0.011750102333720295,0.0
1.8028627029352012e-06,0.057598540851983154,-1.552736941949033,-0.7052786705540249,17.882228442211133,0.003263664688494155,-0.003032482648865699,0.013535350741187026,0.0018194860015641658,0.05759854085291407,-0.011750102333698947,0.0
1.854177693752643e-06,0.05759854085190233,-1.5527369419459336,-0.7052889681224591,17.88250604324343,0.0032636646884822503,-0.0030324826488642305,0.013535350741180128,0.0018194860015634286,0.05759854085288702,-0.011750102333676368,0.0
1.9069532662762274e-06,0.057598540851816885,-1.552736941942658,-0.7052514373296483,17.881494291065188,0.0032636646884696657,-0.0030324826488626762,0.013535350741172849,0.0018194860015626484,0.0575985408528584,-0.01175010233365248,0.0
1.9612309931319364e-06,0.05759854085172647,-1.5527369419391912,-0.7052516641074471,17.881500404512536,0.0032636646884563513,-0.0030324826488610317,0.013535350741165124,0.0018194860015618237,0.0575985408528281,-0.01175010233362721,0.0
2.0170536302299236e-06,0.057598540851630825,-1.552736941935524,-0.705258787394088,17.88169243350351,0.003263664688442268,-0.0030324826488592935,0.013535350741156976,0.0018194860015609505,0.05759854085279609,-0.011750102333600491,0.0
2.0744651504444257e-06,0.057598540851529705,-1.5527369419316452,-0.7052495602660154,17.881443689296788,0.003263664688427361,-0.0030324826488574547,0.013535350741148346,0.0018194860015600274,0.057598540852762205,-0.011750102333572226,0.0
2.1335107782522713e-06,0.057598540851422714,-1.5527369419275439,-0.7052592303378907,17.88170437432297,0.003263664688411607,-0.0030324826488555092,0.013535350741139218,0.0018194860015590514,0.05759854085272638,-0.01175010233354233,0.0
2.19423702535733e-06,0.057598540851309596,-1.552736941923206,-0.7052738207219308,17.882097700737678,0.0032636646883949325,-0.0030324826488534536,0.013535350741129564,0.00181948600155802,0.057598540852688486,-0.011750102333510698,0.0
2.2566917273289136e-06,0.05759854085118987,-1.552736941918616,-0.7052622821881644,17.881786645835447,0.0032636646883773017,-0.003032482648851276,0.013535350741119353,0.0018194860015569264,0.05759854085264836,-0.01175010233347725,0.0
2.320924081283069e-06,0.05759854085106328,-1.5527369419137622,-0.7052634974520193,17.881819406807956,0.0032636646883586517,-0.0030324826488489745,0.013535350741108558,0.0018194860015557713,0.05759854085260599,-0.011750102333441871,0.0
2.3869846846363467e-06,0.05759854085092935,-1.5527369419086277,-0.7052600183720984,17.881725618028476,0.003263664688338923,-0.0030324826488465403,0.013535350741097123,0.0018194860015545492,0.05759854085256112,-0.011750102333404447,0.0
2.454925574962647e-06,0.05759854085078773,-1.5527369419031962,-0.7052712008093023,17.882027073276355,0.003263664688318053,-0.0030324826488439638,0.013535350741085053,0.001819486001553257,0.05759854085251369,-0.011750102333364857,0.0
2.524800270984487e-06,0.057598540850637855,-1.5527369418974513,-0.7052470075235268,17.881374872558702,0.0032636646882959882,-0.0030324826488412394,0.013535350741072257,0.0018194860015518883,0.05759854085246348,-0.011750102333322993,0.0
2.5966638147310575e-06,0.05759854085047943,-1.5527369418913743,-0.7052529467235079,17.881534981026906,0.0032636646882726337,-0.003032482648838359,0.013535350741058744,0.0018194860015504433,0.05759854085241041,-0.011750102333278702,0.0
2.670572814896167e-06,0.0575985408503118,-1.5527369418849486,-0.7052627200599156,17.881798449843,0.003263664688247937,-0.003032482648835312,0.013535350741044443,0.0018194860015489133,0.05759854085235427,-0.011750102333231859,0.0
2.746585491430322e-06,0.05759854085013451,-1.5527369418781498,-0.7052669337231169,17.88191204142382,0.0032636646882218162,-0.0030324826488320883,0.013535350741029323,0.001819486001547296,0.05759854085229489,-0.011750102333182308,0.0
2.8247617214020294e-06,0.05759854084994695,-1.5527369418709596,-0.7052560485024255,17.881618598476116,0.003263664688194194,-0.003032482648828678,0.013535350741013316,0.001819486001545584,0.05759854085223205,-0.011750102333129895,0.0
2.905163086164422e-06,0.0575985408497486,-1.5527369418633534,-0.7052607527325695,17.881745414719607,0.0032636646881649663,-0.0030324826488250726,0.013535350740996384,0.001819486001543773,0.05759854085216562,-0.01175010233307446,0.0
2.987852919864452e-06,0.05759854084953876,-1.5527369418553079,-0.7052568793416741,17.88164099612671,0.003263664688134054,-0.0030324826488212562,0.013535350740978495,0.0018194860015418592,0.05759854085209533,-0.011750102333015822,0.0
3.072896359332744e-06,0.05759854084931683,-1.5527369418467996,-0.7052549859118437,17.881589953167403,0.0032636646881013566,-0.003032482648817222,0.013535350740959561,0.0018194860015398335,0.05759854085202098,-0.011750102332953804,0.0
3.1603603953935026e-06,0.057598540849082086,-1.5527369418377983,-0.7052604915038512,17.881738372456812,0.0032636646880667784,-0.0030324826488129547,0.01353535074093953,0.0018194860015376913,0.05759854085194237,-0.01175010233288819,0.0
3.25031392563482e-06,0.057598540848833785,-1.5527369418282764,-0.7052518311207174,17.88150490649813,0.003263664688030189,-0.0030324826488084397,0.013535350740918349,0.0018194860015354258,0.05759854085185921,-0.011750102332818807,0.0
3.3428278086810476e-06,0.05759854084857113,-1.5527369418182075,-0.7052605558672522,17.881740107499365,0.003263664687991492,-0.0030324826488036653,0.013535350740895943,0.0018194860015330284,0.05759854085177125,-0.011750102332745411,0.0
3.43797492000987e-06,0.057598540848293356,-1.552736941807557,-0.7052618974580428,17.8817762739655,0.003263664687950571,-0.0030324826487986133,0.013535350740872247,0.0018194860015304927,0.05759854085167819,-0.011750102332667772,0.0
3.535830209358125e-06,0.05759854084799953,-1.5527369417962902,-0.7052597994970076,17.881719717261483,0.003263664687907278,-0.003032482648793272,0.013535350740847175,0.0018194860015278125,0.057598540851579755,-0.011750102332585655,0.0
3.6364707597615798e-06,0.05759854084768873,-1.5527369417843728,-0.705263967830708,17.88183208683728,0.003263664687861489,-0.003032482648787622,0.013535350740820669,0.0018194860015249767,0.05759854085147567,-0.0117501023324988,0.0
3.739975848275116e-06,0.05759854084735999,-1.552736941771767,-0.7052585834566498,17.88168693526466,0.0032636646878130573,-0.0030324826487816456,0.013535350740792618,0.0018194860015219756,0.05759854085136557,-0.011750102332406925,0.0
3.846427008421274e-06,0.05759854084701223,-1.5527369417584338,-0.7052570448037571,17.881645456339225,0.0032636646877618218,-0.0030324826487753216,0.013535350740762947,0.0018194860015188024,0.057598540851249075,-0.011750102332309744,0.0
3.955908094416211e-06,0.05759854084664444,-1.5527369417443295,-0.7052592358901423,17.881704523430205,0.0032636646877076355,-0.003032482648768635,0.013535350740731575,0.0018194860015154457,0.05759854085112587,-0.011750102332206951,0.0
4.068505347223713e-06,0.05759854084625542,-1.5527369417294128,-0.7052586024107987,17.881687446097345,0.003263664687650317,-0.0030324826487615614,0.013535350740698381,0.001819486001511896,0.057598540850995555,-0.011750102332098233,0.0
4.184307462489393e-06,0.05759854084584392,-1.5527369417136379,-0.7052571926012936,17.881649440514234,0.0032636646875896795,-0.003032482648754081,0.013535350740663275,0.0018194860015081403,0.05759854085085777,-0.011750102331983226,0.0
4.303405660408413e-06,0.05759854084540865,-1.552736941696948,-0.7052576246283189,17.881661087012983,0.0032636646875255624,-0.0030324826487461674,0.013535350740626149,0.0018194860015041683,0.05759854085071192,-0.01175010233186159,0.0
4.425893757581901e-06,0.057598540844948226,-1.5527369416792949,-0.7052555609438225,17.88160545431334,0.003263664687457724,-0.003032482648737796,0.013535350740586862,0.0018194860014999663,0.057598540850557725,-0.011750102331732926,0.0
4.551868240918621e-06,0.05759854084446128,-1.5527369416606231,-0.705255995078028,17.881617157611114,0.0032636646873859822,-0.003032482648728943,0.013535350740545318,0.0018194860014955228,0.057598540850394585,-0.011750102331596832,0.0
4.681428343640065e-06,0.05759854084394622,-1.5527369416408743,-0.7052611448556295,17.881755984850184,0.0032636646873100946,-0.003032482648719579,0.013535350740501377,0.0018194860014908228,0.05759854085022211,-0.011750102331452886,0.0
4.814676123448972e-06,0.05759854084340141,-1.5527369416199832,-0.7052604172123043,17.88173636903354,0.0032636646872298268,-0.003032482648709674,0.0135353507404549,0.001819486001485851,0.057598540850039605,-0.011750102331300622,0.0
4.9517165429226785e-06,0.05759854084282509,-1.5527369415978873,-0.7052599131776661,17.88172278123857,0.003263664687144927,-0.003032482648699194,0.013535350740405731,0.0018194860014805914,0.057598540849846565,-0.01175010233113957,0.0
5.092657552194755e-06,0.05759854084221554,-1.5527369415745143,-0.7052607351151168,17.88174493889121,0.0032636646870551128,-0.0030324826486881127,0.01353535074035373,0.0018194860014750288,0.05759854084964242,-0.01175010233096922,0.0
5.237610173989961e-06,0.057598540841570775,-1.5527369415497927,-0.7052573428007143,17.881653489068775,0.0032636646869601237,-0.0030324826486763904,0.01353535074029872,0.0018194860014691444,0.05759854084942646,-0.011750102330789032,0.0
5.3866885910796595e-06,0.05759854084088882,-1.5527369415236445,-0.7052601406752822,17.8817289138705,0.003263664686859643,-0.003032482648663992,0.013535350740240546,0.001819486001462922,0.05759854084919805,-0.01175010233059845,0.0
5.54001023622637e-06,0.05759854084016748,-1.5527369414959857,-0.7052609369615995,17.881750380008533,0.00326366468675337,-0.0030324826486508773,0.013535350740179,0.0018194860014563393,0.05759854084895639,-0.011750102330396845,0.0
5.69769588468848e-06,0.05759854083940448,-1.5527369414667302,-0.7052604789540792,17.881738032986725,0.003263664686640959,-0.0030324826486370043,0.01353535074011391,0.001819486001449376,0.057598540848700815,-0.011750102330183617,0.0
5.859869749357916e-06,0.057598540838597466,-1.5527369414357854,-0.7052579524944311,17.881669924789506,0.003263664686522054,-0.003032482648622331,0.013535350740045058,0.0018194860014420107,0.05759854084843052,-0.011750102329958071,0.0
6.026659578605669e-06,0.05759854083774378,-1.5527369414030543,-0.7052604297758517,17.88173670704586,0.003263664686396283,-0.0030324826486068115,0.013535350739972222,0.0018194860014342218,0.057598540848144565,-0.011750102329719507,0.0
6.198196756912426e-06,0.05759854083684088,-1.5527369413684327,-0.7052599757747711,17.881724468012642,0.0032636646862632523,-0.003032482648590396,0.013535350739895199,0.0018194860014259819,0.05759854084784219,-0.011750102329467165,0.0
6.374616408363341e-06,0.05759854083588577,-1.5527369413318115,-0.7052606876267856,17.881743657949503,0.0032636646861225493,-0.003032482648573031,0.013535350739813724,0.0018194860014172651,0.057598540847522244,-0.011750102329200261,0.0
6.556057503088586e-06,0.057598540834875575,-1.5527369412930798,-0.7052610073040443,17.881752275663455,0.003263664685973717,-0.003032482648554664,0.013535350739727541,0.0018194860014080464,0.05759854084718388,-0.011750102328917942,0.0
6.742662966733648e-06,0.05759854083380704,-1.552736941252109,-0.7052592993725162,17.881706233251876,0.0032636646858162847,-0.003032482648535236,0.013535350739636373,0.001819486001398294,0.05759854084682598,-0.011750102328619318,0.0
6.9345797930453395e-06,0.05759854083267682,-1.5527369412087726,-0.7052592411591934,17.88170466380686,0.0032636646856497647,-0.0030324826485146885,0.013535350739539952,0.00181948600138798,0.05759854084644737,-0.011750102328303457,0.0
7.131959159662437e-06,0.057598540831481346,-1.5527369411629337,-0.7052573447564285,17.881653540587326,0.003263664685473641,-0.003032482648492952,0.013535350739437955,0.0018194860013770711,0.05759854084604693,-0.011750102327969367,0.0
7.334956547202062e-06,0.05759854083021686,-1.55273694111445,-0.7052609386232015,17.881750423615006,0.003263664685287335,-0.0030324826484699643,0.013535350739330083,0.0018194860013655322,0.057598540845623436,-0.011750102327615974,0.0
7.543731861735561e-06,0.05759854082887936,-1.5527369410631668,-0.7052597967901661,17.881719642010104,0.0032636646850902826,-0.003032482648445646,0.013535350739215975,0.0018194860013533258,0.05759854084517542,-0.011750102327242194,0.0
7.758449560750557e-06,0.057598540827464614,-1.55273694100892,-0.7052586948758935,17.88168993652285,0.0032636646848818456,-0.003032482648419924,0.013535350739095288,0.0018194860013404147,0.05759854084470155,-0.011750102326846819,0.0
7.979278782698142e-06,0.05759854082596821,-1.552736940951544,-0.7052593350954943,17.881707195334123,0.0032636646846613817,-0.0030324826483927184,0.013535350738967626,0.0018194860013267594,0.05759854084420032,-0.011750102326428622,0.0
8.206393480227446e-06,0.0575985408243854,-1.5527369408908556,-0.7052596882151788,17.881716714518085,0.003263664684428182,-0.0030324826483639398,0.013535350738832587,0.0018194860013123154,0.057598540843670186,-0.011750102325986276,0.0
8.43997255721239e-06,0.057598540822711194,-1.5527369408266616,-0.7052589210115625,17.881696032103488,0.00326366468418153,-0.0030324826483335014,0.013535350738689757,0.0018194860012970368,0.05759854084310937,-0.011750102325518397,0.0
8.680200009678792e-06,0.05759854082094035,-1.5527369407587623,-0.7052599468142055,17.881723685399454,0.0032636646839206227,-0.0030324826483013076,0.013535350738538685,0.0018194860012808764,0.05759854084251622,-0.0117501023250235,0.0
8.927265070742531e-06,0.057598540819067276,-1.552736940686943,-0.7052599481212408,17.881723720411003,0.003263664683644661,-0.0030324826482672524,0.013535350738378886,0.0018194860012637841,0.05759854084188884,-0.011750102324500033,0.0
9.181362359673182e-06,0.05759854081708602,-1.552736940610976,-0.7052600026450773,17.88172519002399,0.003263664683352755,-0.0030324826482312304,0.013535350738209849,0.0018194860012457033,0.057598540841225204,-0.01175010232394634,0.0
9.442692035200451e-06,0.0575985408149904,-1.5527369405306213,-0.7052595445540142,17.88171284059108,0.003263664683044005,-0.0030324826481931285,0.01353535073803108,0.0018194860012265787,0.0575985408405233,-0.011750102323360672,0.0
9.711459953184085e-06,0.057598540812773755,-1.5527369404456302,-0.7052593262451581,17.88170695517366,0.0032636646827174346,-0.0030324826481528274,0.013535350737841971,0.0018194860012063496,0.057598540839780804,-0.011750102322741198,0.0
9.987877828771756e-06,0.057598540810429144,-1.5527369403557294,-0.7052597004469965,17.881717042597845,0.0032636646823719965,-0.0030324826481102,0.013535350737641942,0.0018194860011849546,0.05759854083899549,-0.011750102322085959,0.0
1.0272163403172267e-05,0.05759854080794917,-1.552736940260642,-0.7052597120214502,17.88171735432522,0.0032636646820066208,-0.003032482648065113,0.013535350737430368,0.0018194860011623223,0.0575985408381648,-0.011750102321392888,0.0
1.0564540615175633e-05,0.05759854080532598,-1.5527369401600621,-0.7052592338112604,17.881704462459563,0.0032636646816201482,-0.003032482648017419,0.013535350737206573,0.0018194860011383842,0.05759854083728618,-0.011750102320659797,0.0
1.0865239777555338e-05,0.05759854080255139,-1.5527369400536764,-0.7052595745005645,17.88171364640418,0.00326366468121136,-0.003032482647966975,0.013535350736969872,0.0018194860011130644,0.05759854083635682,-0.011750102319884393,0.0
1.1174497758491336e-05,0.057598540799616585,-1.552736939941147,-0.7052597374532541,17.88171803891994,0.003263664680778983,-0.003032482647913616,0.013535350736719493,0.0018194860010862803,0.057598540835373774,-0.011750102319064199,0.0
1.1492558168156995e-05,0.05759854079651233,-1.5527369398221211,-0.7052595028418048,17.881711713912637,0.0032636646803216158,-0.0030324826478571776,0.013535350736454654,0.0018194860010579523,0.057598540834333994,-0.011750102318196665,0.0
1.1819671550616871e-05,0.05759854079322885,-1.5527369396962227,-0.7052593830159788,17.8817084832658,0.003263664679837858,-0.0030324826477974784,0.013535350736174531,0.0018194860010279875,0.05759854083323417,-0.011750102317279043,0.0
1.2156095581186507e-05,0.05759854078975578,-1.552736939563055,-0.7052591570528205,17.881702391354445,0.0032636646793261716,-0.003032482647734335,0.013535350735878237,0.0018194860009962937,0.05759854083207092,-0.011750102316308431,0.0
1.2502095269409549e-05,0.05759854078608222,-1.5527369394221986,-0.7052592344055093,17.88170447618398,0.00326366467878494,-0.0030324826476675446,0.013535350735564835,0.0018194860009627702,0.05759854083084049,-0.011750102315281794,0.0
1.2857943167812487e-05,0.05759854078219651,-1.5527369392732109,-0.7052591085636333,17.881701083285108,0.0032636646782124674,-0.003032482647596898,0.013535350735233325,0.0018194860009273098,0.05759854082953889,-0.011750102314195867,0.0
1.3223919586600963e-05,0.05759854077808651,-1.552736939115622,-0.7052597811487744,17.881719214292318,0.003263664677606929,-0.0030324826475221747,0.013535350734882698,0.001819486000889803,0.05759854082816227,-0.011750102313047251,0.0
1.360031281446697e-05,0.057598540773739194,-1.5527369389489327,-0.7052593279898708,17.881706997551596,0.0032636646769664325,-0.0030324826474431355,0.01353535073451181,0.00181948600085013,0.05759854082670609,-0.011750102311832322,0.0
1.3987419345681172e-05,0.05759854076914088,-1.5527369387726198,-0.7052588970872399,17.881695380763887,0.003263664676288958,-0.0030324826473595323,0.013535350734119518,0.001819486000808167,0.05759854082516589,-0.01175010231054724,0.0
1.4385544113648672e-05,0.057598540764277076,-1.552736938586127,-0.7052594344764859,17.881709867080858,0.003263664675572368,-0.0030324826472711034,0.013535350733704574,0.0018194860007637813,0.05759854082353674,-0.011750102309187967,0.0
1.4795000731112636e-05,0.05759854075913246,-1.5527369383888672,-0.70525933218589,17.88170710892537,0.003263664674814409,-0.0030324826471775676,0.013535350733265665,0.0018194860007168328,0.057598540821813565,-0.011750102307750209,0.0
1.5216111737194851e-05,0.05759854075369082,-1.552736938180218,-0.7052596088449122,17.881714566428503,0.0032636646740126832,-0.0030324826470786337,0.013535350732801427,0.0018194860006671737,0.057598540819990905,-0.011750102306229441,0.0
1.5649208851467664e-05,0.05759854074793496,-1.5527369379595226,-0.7052595476120116,17.88171291503025,0.0032636646731646797,-0.0030324826469739856,0.013535350732310384,0.0018194860006146472,0.05759854081806297,-0.011750102304620877,0.0
1.609463323525789e-05,0.057598540741846796,-1.552736937726085,-0.7052594244665541,17.881709594558515,0.0032636646722677028,-0.0030324826468632964,0.01353535073179098,0.001819486000559088,0.05759854081602374,-0.011750102302919434,0.0
1.6552735760387945e-05,0.05759854073540713,-1.5527369374791702,-0.7052594108395303,17.88170922643419,0.0032636646713189404,-0.0030324826467462156,0.013535350731241586,0.0018194860005003213,0.057598540813866755,-0.011750102301119766,0.0
1.7023877285566182e-05,0.05759854072859566,-1.5527369372179987,-0.7052592452089654,17.881704760565963,0.0032636646703154007,-0.0030324826466223745,0.013535350730660476,0.0018194860004381614,0.057598540811585226,-0.01175010229921618,0.0
1.7508428940644423e-05,0.05759854072139094,-1.552736936941748,-0.7052596658559046,17.88171609947379,0.0032636646692539182,-0.003032482646491386,0.013535350730045827,0.0018194860003724134,0.05759854080917199,-0.011750102297202691,0.0
1.8006772418966018e-05,0.05759854071377023,-1.5527369366495483,-0.7052592719507186,17.881705479699747,0.0032636646681311497,-0.0030324826463528306,0.013535350729395684,0.001819486000302867,0.057598540806619435,-0.011750102295072949,0.0
1.851930027803517e-05,0.057598540705709536,-1.5527369363404775,-0.7052594101546271,17.881709204428414,0.003263664666943561,-0.0030324826462062794,0.013535350728707997,0.0018194860002293076,0.057598540803919504,-0.01175010229282025,0.0
1.9046416248744217e-05,0.057598540697183426,-1.5527369360135617,-0.7052594497453742,17.88171027069571,0.0032636646656874074,-0.0030324826460512663,0.013535350727980608,0.0018194860001515011,0.05759854080106365,-0.011750102290437485,0.0
1.958853555340248e-05,0.057598540688165056,-1.5527369356677712,-0.7052594229331086,17.88170954681709,0.0032636646643587246,-0.0030324826458873006,0.013535350727211223,0.0018194860000692007,0.05759854079804297,-0.011750102287917145,0.0
2.0146085232817037e-05,0.057598540678626006,-1.552736935302016,-0.7052593445600366,17.881707432904165,0.003263664662953337,-0.003032482645713871,0.013535350726397423,0.00181948599998215,0.05759854079484786,-0.011750102285251297,0.0
2.0719504482683542e-05,0.05759854066853625,-1.552736934915144,-0.7052595023351933,17.881711684991007,0.0032636646614667905,-0.0030324826455304264,0.013535350725536636,0.0018194859998900731,0.05759854079146828,-0.011750102282431523,0.0
2.1309244999551478e-05,0.05759854065786389,-1.552736934505936,-0.705259507020078,17.881711810012803,0.003263664659894424,-0.003032482645336391,0.013535350724626145,0.00181948599979268,0.05759854078789356,-0.011750102279448954,0.0
2.1915771336636564e-05,0.05759854064657536,-1.5527369340731016,-0.7052595396024384,17.881712687019068,0.0032636646582312745,-0.003032482645131154,0.013535350723663091,0.001819485999689664,0.05759854078411246,-0.011750102276294179,0.0
2.253956126976109e-05,0.05759854063463511,-1.5527369336152759,-0.7052594548399508,17.881710400574416,0.0032636646564721027,-0.0030324826449140657,0.013535350722644432,0.0018194859995807004,0.057598540780113054,-0.011750102272957263,0.0
2.3181106173709626e-05,0.0575985406220054,-1.5527369331310181,-0.7052593409717008,17.881707329416628,0.0032636646546113654,-0.003032482644684444,0.013535350721566952,0.0018194859994654445,0.05759854077588274,-0.011750102269427678,0.0
2.3840911409297112e-05,0.05759854060864657,-1.5527369326187992,-0.7052593510375578,17.88170759917783,0.00326366465264318,-0.0030324826444415648,0.013535350720427268,0.0018194859993435346,0.05759854077140818,-0.011750102265694317,0.0
2.4519496721454177e-05,0.05759854059451639,-1.5527369320770088,-0.7052593902279123,17.88170865398296,0.003263664650561377,-0.003032482644184663,0.013535350719221781,0.0018194859992145863,0.05759854076667525,-0.0117501022617454,0.0
2.5217396648642885e-05,0.05759854057957043,-1.552736931503938,-0.7052594197125579,17.881709447045022,0.0032636646483593774,-0.0030324826439129273,0.013535350717946714,0.0018194859990781935,0.057598540761669106,-0.011750102257568487,0.0
2.593516094392622e-05,0.057598540563761555,-1.5527369308977785,-0.7052595003703426,17.881711619525635,0.0032636646460302413,-0.0030324826436255053,0.013535350716598005,0.001819485998933925,0.0575985407563739,-0.011750102253150424,0.0
2.667335500802206e-05,0.05759854054703987,-1.5527369302566205,-0.7052593694961466,17.881708089434852,0.0032636646435666274,-0.0030324826433214855,0.013535350715171424,0.0018194859987813266,0.05759854075077299,-0.011750102248477272,0.0
2.743256033468315e-05,0.05759854052935279,-1.552736929578446,-0.7052594470156984,17.881710177091207,0.003263664640960775,-0.0030324826429999146,0.013535350713662488,0.0018194859986199194,0.05759854074484866,-0.011750102243534297,0.0
2.821337496875447e-05,0.05759854051064454,-1.5527369288611164,-0.705259407903152,17.881709120466816,0.0032636646382044584,-0.0030324826426597782,0.013535350712066432,0.0018194859984491923,0.05759854073858234,-0.011750102238305951,0.0
2.9016413977267764e-05,0.057598540490856116,-1.5527369281023722,-0.7052594013191134,17.88170894061453,0.0032636646352890144,-0.003032482642300001,0.013535350710378218,0.0018194859982686067,0.05759854073195418,-0.011750102232775733,0.0
2.9842309933945116e-05,0.05759854046992517,-1.5527369272998184,-0.7052594664034436,17.881710692656227,0.003263664632205242,-0.0030324826419194533,0.013535350708592549,0.0018194859980775972,0.05759854072494338,-0.011750102226926221,0.0
3.0691713417492957e-05,0.05759854044778577,-1.5527369264509292,-0.705259498438113,17.881711553603665,0.0032636646289434285,-0.003032482641516934,0.013535350706703766,0.0018194859978755583,0.05759854071752772,-0.011750102220738986,0.0
3.156529352407911e-05,0.05759854042436813,-1.5527369255530286,-0.7052593826229325,17.881708428673946,0.00326366462549327,-0.0030324826410911745,0.013535350704705936,0.0018194859976618542,0.057598540709683954,-0.011750102214194515,0.0
3.246373839439611e-05,0.05759854039959842,-1.5527369246032865,-0.7052593301614194,17.881707011466165,0.0032636646218439412,-0.0030324826406408325,0.013535350702592765,0.0018194859974358115,0.057598540701387306,-0.011750102207272193,0.0
3.338775575572711e-05,0.05759854037339865,-1.5527369235987096,-0.7052594435050866,17.881710063850875,0.0032636646179839027,-0.0030324826401644917,0.013535350700357591,0.0018194859971967193,0.05759854069261174,-0.011750102199950202,0.0
3.433807347944e-05,0.05759854034568612,-1.5527369225361332,-0.7052595064265136,17.881711756776333,0.0032636646139009907,-0.003032482639660648,0.01353535069799335,0.0018194859969438218,0.05759854068332943,-0.01175010219220547,0.0
3.531544015434949e-05,0.05759854031637363,-1.5527369214122055,-0.7052594569285904,17.881710418918924,0.0032636646095823584,-0.0030324826391277134,0.013535350695492616,0.0018194859966763229,0.05759854067351115,-0.01175010218401359,0.0
3.632062567639947e-05,0.05759854028536873,-1.5527369202233874,-0.7052594415775549,17.881710001388786,0.0032636646050143827,-0.0030324826385640076,0.01353535069284749,0.0018194859963933795,0.05759854066312601,-0.011750102175348729,0.0
3.7354421855128875e-05,0.05759854025257375,-1.5527369189659321,-0.7052594356944197,17.881709838880045,0.003263664600182652,-0.0030324826379677585,0.013535350690049651,0.0018194859960941002,0.05759854065214135,-0.011750102166183591,0.0
3.8417643037399724e-05,0.057598540217885255,-1.5527369176358756,-0.7052593757006591,17.88170821743548,0.0032636645950719703,-0.0030324826373370824,0.013535350687090277,0.001819485995777541,0.057598540640522417,-0.011750102156489297,0.0
3.95111267488784e-05,0.05759854018119401,-1.5527369162290265,-0.7052593673260098,17.88170798729595,0.0032636645896662276,-0.003032482636669993,0.013535350683960041,0.0018194859954427057,0.057598540628232636,-0.011750102146235295,0.0
4.063573435377506e-05,0.05759854014238437,-1.5527369147409515,-0.7052595192209319,17.881712077438266,0.003263664583948357,-0.003032482635964392,0.013535350680649077,0.001819485995088539,0.05759854061523334,-0.011750102135389266,0.0
4.1792351733362016e-05,0.05759854010133397,-1.5527369131669602,-0.7052594336317245,17.88170976523483,0.0032636645779003685,-0.003032482635218048,0.013535350677146942,0.0018194859947139228,0.057598540601483464,-0.011750102123917019,0.0
4.2981889983804156e-05,0.05759854005791351,-1.5527369115020913,-0.7052595058205656,17.88171170611693,0.0032636645715031828,-0.0030324826344286155,0.013535350673442623,0.001819485994317678,0.057598540586939764,-0.011750102111782417,0.0
4.420528613385168e-05,0.05759854001198605,-1.5527369097411015,-0.7052594275043318,17.88170958939603,0.0032636645647366627,-0.003032482633593601,0.013535350669524411,0.001819485993898555,0.05759854057155631,-0.011750102098947194,0.0
4.546350388296139e-05,0.05759853996340696,-1.5527369078784359,-0.7052594537538749,17.881710291234846,0.0032636645575794673,-0.0030324826327103784,0.01353535066537999,0.001819485993455234,0.05759854055528471,-0.011750102085370926,0.0
4.675753436042629e-05,0.057598539912023086,-1.5527369059082299,-0.7052594565285215,17.881710359904687,0.003263664550009034,-0.0030324826317761626,0.013535350660996282,0.0018194859929863165,0.05759854053807363,-0.011750102071010819,0.0
4.808839690611274e-05,0.05759853985767249,-1.5527369038242693,-0.7052594542811658,17.881710292837944,0.003263664542001514,-0.0030324826307880077,0.013535350656359479,0.001819485992490326,0.05759854051986887,-0.011750102055821608,0.0
4.945713987341975e-05,0.05759853980018388,-1.55273690161999,-0.7052593797472784,17.88170827670228,0.003263664533531664,-0.0030324826297428,0.013535350651454947,0.0018194859919656995,0.057598540500613,-0.011750102039755425,0.0
5.0864841455093035e-05,0.057598539739376155,-1.5527368992884438,-0.7052594785897021,17.88171093403566,0.003263664524572805,-0.0030324826286372464,0.013535350646267265,0.0018194859914107825,0.057598540480245444,-0.011750102022761642,0.0
5.2312610532543714e-05,0.057598539675057535,-1.5527368968222828,-0.7052594280999996,17.8817095652666,0.0032636645150966913,-0.0030324826274678615,0.013535350640780059,0.0018194859908238262,0.057598540458701865,-0.011750102004786697,0.0
5.38015875493423e-05,0.057598539607025455,-1.5527368942137345,-0.7052594201368274,17.88170934248148,0.003263664505073468,-0.003032482626230962,0.01353535063497603,0.0018194859902029821,0.057598540435914454,-0.011750101985773953,0.0
5.533294540957405e-05,0.057598539535065454,-1.5527368914545783,-0.7052594134316829,17.881709153141635,0.003263664494471538,-0.0030324826249226475,0.013535350628836911,0.0018194859895462926,0.0575985404118114,-0.01175010196566348,0.0
5.6907890401764265e-05,0.05759853945895076,-1.5527368885361175,-0.7052594322278714,17.881709650769157,0.0032636644832574864,-0.003032482623538796,0.013535350622343352,0.001819485988851688,0.05759854038631676,-0.011750101944391909,0.0
5.852766314910223e-05,0.05759853937844144,-1.5527368854491583,-0.705259419349042,17.881709293979885,0.0032636644713959864,-0.0030324826220750447,0.013535350615474869,0.0018194859881169795,0.057598540359350074,-0.01175010192189219,0.0
6.01935395867105e-05,0.05759853929328383,-1.552736882183969,-0.7052594261496992,17.88170946715423,0.0032636644588496357,-0.003032482620526784,0.01353535060820982,0.001819485987339853,0.05759854033082651,-0.01175010189809343,0.0
6.190683196673063e-05,0.05759853920320958,-1.5527368787302585,-0.7052594132847565,17.881709109598447,0.0032636644455789187,-0.003032482618889133,0.01353535060052531,0.0018194859865178548,0.05759854030065605,-0.011750101872920606,0.0
6.366888989201686e-05,0.05759853910793475,-1.5527368750771442,-0.705259437941849,17.881709762938428,0.003263664431541993,-0.0030324826171569284,0.013535350592397131,0.0018194859856484017,0.05759854026874371,-0.011750101846294407,0.0
6.548110137925122e-05,0.05759853900715911,-1.5527368712131142,-0.7052594305100667,17.881709550572943,0.0032636644166946283,-0.0030324826153247148,0.013535350583799672,0.001819485984728747,0.057598540234988824,-0.011750101818130916,0.0
6.73448939523194e-05,0.057598538900565044,-1.5527368671259885,-0.7052594272124378,17.881709448961658,0.003263664400990043,-0.003032482613386714,0.013535350574705816,0.0018194859837559955,0.05759854019928508,-0.011750101788341356,0.0
6.926173576680631e-05,0.057598538787816636,-1.5527368628028861,-0.7052594143736249,17.881709089405796,0.0032636643843787097,-0.0030324826113368205,0.013535350565086927,0.00181948598272708,0.057598540161519864,-0.011750101756831862,0.0
7.123313676649825e-05,0.05759853866855856,-1.5527368582301855,-0.7052594152019493,17.881709097511116,0.0032636643668083245,-0.0030324826091685723,0.013535350554912656,0.0018194859816387597,0.057598540121574296,-0.01175010172350313,0.0
7.326064987280371e-05,0.05759853854241499,-1.5527368533934731,-0.7052593977583559,17.881708612222216,0.0032636643482234756,-0.0030324826068751395,0.01353535054415098,0.0018194859804876043,0.05759854007932242,-0.011750101688250124,0.0
7.534587220802769e-05,0.05759853840898839,-1.5527368482775084,-0.7052594146794106,17.881709052464135,0.0032636643285656143,-0.0030324826044492927,0.01353535053276797,0.0018194859792699852,0.05759854003463109,-0.011750101650961733,0.0
7.749044635346445e-05,0.057598538267858185,-1.552736842866167,-0.7052594135212764,17.881709004409846,0.003263664307772776,-0.0030324826018833873,0.013535350520727733,0.0018194859779820654,0.057598539987359476,-0.011750101611520453,0.0
7.969606164329965e-05,0.05759853811857966,-1.5527368371423946,-0.7052594301341104,17.881709434452,0.0032636642857794443,-0.003032482599169335,0.013535350507992353,0.0018194859766197866,0.05759853993735854,-0.011750101569801984,0.0
8.19644554953408e-05,0.0575985379606823,-1.5527368310881515,-0.7052593995748578,17.881708591804777,0.0032636642625163007,-0.003032482596298582,0.013535350494521646,0.0018194859751788515,0.05759853988447065,-0.011750101525674848,0.0
8.429741477962369e-05,0.05759853779366862,-1.5527368246843605,-0.7052594092580016,17.881708832921507,0.00326366423791003,-0.003032482593262085,0.013535350480273219,0.001819485973654725,0.0575985398285293,-0.011750101478999974,0.0
8.669677722597519e-05,0.05759853761701217,-1.5527368179108387,-0.7052594098509551,17.881708827835496,0.0032636642118830817,-0.0030324825900502703,0.013535350465202135,0.0018194859720426014,0.05759853976935808,-0.01175010142963027,0.0
8.916443287163803e-05,0.0575985374301562,-1.5527368107462387,-0.7052594113000874,17.881708844613705,0.0032636641843534404,-0.003032482586653017,0.01353535044926089,0.001819485970337399,0.057598539706770556,-0.011750101377410142,0.0
9.17023255500995e-05,0.057598537232511904,-1.5527368031679798,-0.705259398643941,17.88170847985616,0.0032636641552343227,-0.0030324825830596214,0.013535350432399293,0.0018194859685337441,0.05759853964056944,-0.011750101322175015,0.0
9.431245442229824e-05,0.05759853702345634,-1.5527367951521824,-0.7052593957081252,17.88170837577744,0.0032636641244340055,-0.003032482579258755,0.013535350414564126,0.0018194859666259538,0.05759853957054616,-0.011750101263750826,0.0
9.699687555141212e-05,0.05759853680233068,-1.5527367866735842,-0.705259392083397,17.88170825168737,0.003263664091855365,-0.003032482575238441,0.013535350395699253,0.001819485964608015,0.05759853949647996,-0.011750101201953432,0.0
9.975770352247041e-05,0.05759853656843809,-1.5527367777054626,-0.7052593897917551,17.881708162011762,0.003263664057395768,-0.0030324825709860084,0.01353535037574518,0.0018194859624735668,0.05759853941813747,-0.0117501011365881,0.0
0.0001025971131080648,0.05759853632104142,-1.552736768219555,-0.7052593943792013,17.881708256171375,0.0032636640209465994,-0.0030324825664880574,0.013535350354639047,0.001819485960215885,0.057598539335271794,-0.011750101067448811,0.0
0.00010551734098147142,0.057598536059360966,-1.5527367581859666,-0.7052593801492307,17.881707841348835,0.003263663982393,-0.0030324825617304104,0.013535350332314306,0.0018194859578278522,0.05759853924762171,-0.011750100994317676,0.0
0.00010852068747853394,0.05759853578257207,-1.5527367475730758,-0.7052593691858212,17.881707512783933,0.0032636639416134664,-0.0030324825566980735,0.013535350308700624,0.0018194859553019428,0.05759853915491099,-0.01175010091696422,0.0
0.00011160951840969542,0.05759853548980244,-1.5527367363474367,-0.7052593737211877,17.881707600127697,0.003263663898479459,-0.00303248255137519,0.013535350283723586,0.0018194859526301974,0.057598539056847614,-0.011750100835144673,0.0
0.00011478626692360511,0.057598535180129334,-1.5527367244736707,-0.7052593673233492,17.881707390718795,0.003263663852855069,-0.0030324825457449835,0.013535350257304464,0.0018194859498041954,0.057598538953122405,-0.011750100748601172,0.0
0.00011805343542377077,0.05759853485257688,-1.5527367119143611,-0.7052593593965483,17.881707137959715,0.0032636638045964823,-0.0030324825397897086,0.013535350229359986,0.0018194859468150314,0.05759853884340847,-0.011750100657060973,0.0
0.00012141359753976303,0.05759853450611282,-1.5527366986299227,-0.7052593608120163,17.881707134793043,0.0032636637535516286,-0.0030324825334906,0.013535350199802128,0.0018194859436532838,0.057598538727360114,-0.011750100560235578,0.0
0.000124869400154528,0.05759853413964519,-1.552736684578488,-0.7052593555243943,17.881706948539094,0.0032636636995596376,-0.003032482526827803,0.013535350168537678,0.0018194859403089876,0.05759853860461145,-0.011750100457819856,0.0
0.00012842356548940176,0.05759853375201906,-1.552736669715778,-0.7052593429737194,17.881706563964617,0.0032636636424503594,-0.0030324825197803216,0.013535350135468147,0.001819485936771604,0.0575985384747758,-0.011750100349491028,0.0
0.0001320788932484723,0.05759853334201291,-1.552736653994952,-0.705259336974043,17.881706353322063,0.003263663582043807,-0.003032482512325944,0.01353535010048931,0.0018194859330299862,0.05759853833744386,-0.011750100234907709,0.0
0.00013583826282397506,0.05759853290833448,-1.5527366373664617,-0.7052593286261113,17.88170607655193,0.003263663518149594,-0.0030324825044411785,0.013535350063490915,0.0018194859290723408,0.05759853819218297,-0.011750100113708773,0.0
0.00013970463556446213,0.05759853244961713,-1.552736619777908,-0.7052593203069222,17.881705797570067,0.0032636634505663763,-0.0030324824961011788,0.013535350024356374,0.0018194859248861965,0.05759853803853522,-0.011750099985512262,0.0
0.00014368105710752977,0.057598531964415126,-1.552736601173855,-0.7052593155661834,17.881705611896848,0.003263663379081166,-0.0030324824872796563,0.013535349982962347,0.0018194859204583586,0.05759853787601644,-0.01175009984991416,0.0
0.00014777065977894196,0.05759853145119939,-1.552736581495676,-0.7052593037249865,17.88170523146869,0.003263663303468647,-0.0030324824779488133,0.013535349939178388,0.001819485915774876,0.0575985377041144,-0.011750099706487145,0.0
0.00015197666506004215,0.05759853090835251,-1.552736560681353,-0.7052592938890383,17.881704901563573,0.003263663223490561,-0.0030324824680792407,0.013535349892866524,0.0018194859108209853,0.05759853752228737,-0.011750099554779188,0.0
0.0001563023861253926,0.057598530334163706,-1.552736538665289,-0.7052592914624132,17.881704767660064,0.0032636631388948496,-0.0030324824576398383,0.013535349843880778,0.0018194859055810748,0.05759853732996241,-0.011750099394312175,0.0
0.00016075123045264548,0.05759852972682334,-1.5527365153780988,-0.7052592822364254,17.88170444650574,0.0032636630494148845,-0.003032482446597702,0.01353534979206676,0.001819485900038633,0.057598537126533296,-0.011750099224580422,0.0
0.000165326702506696,0.05759852908441748,-1.5527364907463954,-0.7052592751329179,17.881704178386602,0.0032636629547686752,-0.0030324824349180343,0.013535349737261209,0.001819485894176191,0.057598536911358904,-0.011750099045048975,0.0
0.00017003240650023758,0.057598528404921495,-1.55273646469255,-0.7052592596587064,17.881703680186767,0.0032636628546579686,-0.0030324824225640245,0.013535349679291384,0.0018194858879752728,0.05759853668376111,-0.011750098855152059,0.0
0.0001748720492328882,0.05759852768619396,-1.552736437134453,-0.7052592464630236,17.881703238731944,0.0032636627487672297,-0.0030324824094967425,0.013535349617974597,0.0018194858814163364,0.057598536443022715,-0.011750098654291207,0.0
0.00017984944301112964,0.05759852692596977,-1.552736407985258,-0.7052592363206581,17.881702874638716,0.0032636626367627663,-0.0030324823956750053,0.013535349553117604,0.0018194858744787121,0.05759853618838499,-0.011750098441833418,0.0
0.00018496850865135428,0.057598526121853164,-1.5527363771530969,-0.7052592271465313,17.88170253141186,0.0032636625182915885,-0.0030324823810552507,0.01353534948451603,0.0018194858671405367,0.05759853591904546,-0.011750098217109102,0.0
0.00019023327856839087,0.057598525271309806,-1.552736344540803,-0.7052592085384733,17.881701928328265,0.0032636623929803285,-0.003032482365591406,0.01353534941195364,0.00181948585937868,0.05759853563415522,-0.011750097979410047,0.0
0.00019564789995193594,0.057598524371659326,-1.5527363100455982,-0.705259194409251,17.881701440127543,0.003263662260434065,-0.0030324823492347353,0.013535349335201773,0.0018194858511686829,0.057598535332816475,-0.011750097727987158,0.0
0.00020121663803339957,0.057598523420066404,-1.5527362735587724,-0.7052591816007678,17.88170098133572,0.00326366212023509,-0.0030324823319336958,0.013535349254018544,0.0018194858424846723,0.05759853501407959,-0.011750097462048048,0.0
0.00020694387944573218,0.05759852241353209,-1.5527362349653353,-0.7052591640522919,17.881700388210376,0.003263661971941549,-0.0030324823136337574,0.013535349168148093,0.001819485833299279,0.057598534676940004,-0.01175009718075462,0.0
0.00021283413567888562,0.05759852134888428,-1.5527361941436597,-0.7052591473231928,17.881699810242253,0.0032636618150860986,-0.0030324822942772475,0.013535349077319816,0.0018194858235835555,0.05759853432033524,-0.011750096883220386,0.0
0.00021889204663362387,0.057598520222767714,-1.5527361509650943,-0.7052591323166354,17.881699271378544,0.003263661649174399,-0.0030324822738031698,0.01353534898124745,0.0018194858133068843,0.05759853394314146,-0.011750096568507623,0.0
0.0002251223842764894,0.05759851903163342,-1.5527361052935635,-0.7052591110150092,17.881698555057906,0.003263661473683597,-0.0030324822521469908,0.013535348879628215,0.0018194858024368735,0.0575985335441699,-0.01175009623562454,0.0
0.00023153005639879866,0.05759851777172751,-1.5527360569851336,-0.7052590949997143,17.88169797304297,0.003263661288060605,-0.0030324822292404673,0.013535348772141884,0.0018194857909392716,0.05759853312216322,-0.011750095883522051,0.0
0.00023812011048263045,0.05759851643907939,-1.5527360058875581,-0.7052590720532123,17.881697195500813,0.0032636610917204587,-0.0030324822050114037,0.013535348658449676,0.0018194857787778393,0.05759853267579143,-0.0117500955110905,0.0
0.00024489773767685395,0.05759851502948922,-1.5527359518398023,-0.7052590497511659,17.881696426154537,0.0032636608840443723,-0.0030324821793834473,0.013535348538193314,0.0018194857659142526,0.057598532203647815,-0.011750095117156155,0.0
0.0002518682768863234,0.057598513538514653,-1.552735894671538,-0.7052590269566945,17.881695633826396,0.003263660664377844,-0.003032482152275829,0.01353534841099381,0.00181948575230797,0.0575985317042444,-0.011750094700477533,0.0
0.00025903721897746815,0.05759851196145684,-1.5527358342025934,-0.7052590030265155,17.88169480061433,0.003263660432028621,-0.0030324821236031164,0.013535348276450265,0.0018194857379161108,0.05759853117600724,-0.011750094259741474,0.0
0.00026641021110358136,0.057598510293345624,-1.5527357702424034,-0.7052589753945099,17.881693856748335,0.003263660186264428,-0.003032482093274951,0.013535348134138684,0.0018194857226933206,0.05759853061727163,-0.011750093793558984,0.0
0.0002739930611532253,0.05759850852892408,-1.5527357025893997,-0.7052589479390545,17.88169290615433,0.003263659926310735,-0.003032482061195748,0.013535347983610564,0.0018194857065916227,0.05759853002627676,-0.01175009330046089,0.0
0.00028179174232524683,0.05759850666263147,-1.55273563103037,-0.7052589193518147,17.881691912899115,0.003263659651348325,-0.003032482027264415,0.013535347824391527,0.001819485689560274,0.05759852940115999,-0.011750092778893172,0.0
0.00028981239783401586,0.057598504688586266,-1.552735555339797,-0.7052588884565122,17.88169084457117,0.003263659360510622,-0.003032481991374012,0.013535347655979774,0.0018194856715455985,0.05759852873995145,-0.011750092227212123,0.0
0.00029806134574858587,0.05759850260056713,-1.552735475279141,-0.7052588535290052,17.881689653949145,0.0032636590528810614,-0.0030324819534114306,0.013535347477844555,0.0018194856524908222,0.057598528040566976,-0.01175009164367912,0.0
0.0003065450839695952,0.057598500391993775,-1.5527353905960937,-0.7052588207201683,17.881688506062964,0.0032636587274901306,-0.003032481913257035,0.013535347289424484,0.001819485632335896,0.057598527300802824,-0.01175009102645514,0.0
0.0003152702953478224,0.05759849805590579,-1.5527353010237746,-0.7052587848511512,17.88168726047142,0.0032636583833123836,-0.0030324818707842768,0.013535347090125735,0.0018194856110173002,0.057598526518327385,-0.011750090373595022,0.0
0.0003242438529484356,0.05759849558494096,-1.5527352062798963,-0.7052587454230108,17.881685902845938,0.003263658019263133,-0.003032481825859297,0.013535346879320238,0.001819485588467847,0.057598525690674696,-0.011750089683041243,0.0
0.00033347282546507376,0.05759849297131208,-1.5527351060658752,-0.7052587058593709,17.881684524551417,0.003263657634195065,-0.0030324817783405184,0.013535346656343615,0.0018194855646164743,0.05759852481523643,-0.011750088952617553,0.0
0.00034296448278803423,0.05759849020678221,-1.5527350000658828,-0.7052586604088528,17.881682969560323,0.003263657226894654,-0.0030324817280781824,0.013535346420493156,0.0018194855393880117,0.057598523889253614,-0.011750088180021967,0.0
0.00035272630173094306,0.05759848728263896,-1.5527348879458687,-0.7052586151671951,17.881681401161828,0.0032636567960782734,-0.0030324816749138896,0.013535346171025588,0.0018194855127029528,0.05759852290980802,-0.011750087362819708,0.0
0.0003627659719204284,0.05759848418966693,-1.5527347693524818,-0.7052585679996967,17.881679760709687,0.0032636563403882334,-0.003032481618680091,0.013535345907154696,0.0018194854844771993,0.0575985218738129,-0.011750086498435312,0.0
0.00037309140185342915,0.05759848091811861,-1.5527346439119778,-0.7052585171161547,17.88167799878119,0.003263655858388383,-0.0030324815591995656,0.013535345628048897,0.001819485454621797,0.05759852077800322,-0.011750085584144712,0.0
0.00038371072512691267,0.057598477457683595,-1.5527345112290307,-0.7052584620199526,17.881676100758845,0.0032636553485597343,-0.003032481496284854,0.013535345332828571,0.0018194854230426543,0.05759851961892558,-0.011750084617066498,0.0
0.00039463230684491326,0.057598473797456404,-1.5527343708854953,-0.7052584047827211,17.88167412118873,0.0032636548092955645,-0.0030324814297376856,0.013535345020563336,0.0018194853896402526,0.057598518392927074,-0.011750083594152918,0.0
0.0004058647502079287,0.057598469925901834,-1.5527342224390772,-0.7052583440005402,17.881672020848274,0.003263654238896355,-0.0030324813593483333,0.013535344690269086,0.001819485354309319,0.05759851709614405,-0.011750082512180293,0.0
0.0004174169032898778,0.057598465830818645,-1.5527340654219537,-0.7052582801301357,17.881669810594545,0.0032636536355645346,-0.003032481284894967,0.01353534434090488,0.001819485316938512,0.05759851572448953,-0.01175008136773876,0.0
0.0004292978660079439,0.05759846149930121,-1.5527338993392852,-0.7052582123754422,17.88166746742807,0.0032636529973986725,-0.0030324812061429396,0.013535343971369723,0.001819485277410054,0.05759851427364078,-0.011750080157221626,0.0
0.0004415169972908087,0.05759845691769872,-1.552733723667668,-0.7052581401947331,17.88166497511679,0.0032636523223876137,-0.003032481122844071,0.013535343580498993,0.0018194852355993734,0.0575985127390254,-0.011750078876813964,0.0
0.00045408392245090877,0.05759845207157242,-1.5527335378534768,-0.7052580651527531,17.8816623741209,0.0032636516084040583,-0.0030324810347358375,0.013535343167060874,0.0018194851913747002,0.057598511115807036,-0.01175007752248057,0.0
0.0004670085407665358,0.05759844694564956,-1.552733341311121,-0.7052579852902231,17.881659609800636,0.003263650853197902,-0.0030324809415405675,0.013535342729752379,0.0018194851445966602,0.057598509398870054,-0.011750076089953277,0.0
0.0004803010332797402,0.05759844152377603,-1.5527331334212027,-0.7052579001222721,17.881656667158236,0.003263650054389114,-0.0030324808429645555,0.013535342267195357,0.001819485095117834,0.057598507582803465,-0.011750074574717507,0.0
0.0004939718708161937,0.05759843578886478,-1.552732913528567,-0.7052578100431305,17.881653554783306,0.003263649209460256,-0.0030324807386971336,0.013535341777932058,0.0018194850427822858,0.05759850566188394,-0.011750072971997991,0.0
0.0005080318222333142,0.05759842972284221,-1.5527326809402258,-0.7052577155654999,17.88165028434155,0.003263648315748561,-0.003032480628409708,0.013535341260420521,0.0018194849874250806,0.05759850363005772,-0.011750071276743813,0.0
0.0005224919629031658,0.05759842330659142,-1.5527324349231892,-0.7052576148218284,17.881646803207587,0.003263647370437524,-0.0030324805117547013,0.013535340713029842,0.00181948492887176,0.05759850148092128,-0.011750069483612367,0.0
0.000537363683436799,0.05759841651989169,-1.5527321747021428,-0.7052575089148151,17.881643138696177,0.0032636463705479797,-0.003032480388364478,0.013535340134034912,0.0018194848669377923,0.05759849920770173,-0.011750067586952666,0.0
0.0005526586986569221,0.057598409341354795,-1.55273189945701,-0.7052573966050638,17.881639254844767,0.0032636453129288342,-0.0030324802578501693,0.013535339521610998,0.0018194848014279911,0.057598496803234825,-0.011750065580787427,0.0
0.0005683890568259543,0.057598401748357765,-1.5527316083203737,-0.7052572778331501,17.88163514735322,0.0032636441942470056,-0.003032480119800459,0.01353533887382808,0.0018194847321359017,0.05759849425994293,-0.011750063458794254,0.0
0.00058456714913674,0.05759839371697134,-1.5527313003747247,-0.7052571521949571,17.881630802473317,0.003263643010977019,-0.0030324799737802824,0.013535338188644627,0.0018194846588431488,0.05759849156981077,-0.011750061214285755,0.0
0.0006012057194734015,0.05759838522188485,-1.552730974649596,-0.7052570190893143,17.88162620097999,0.0032636417593898182,-0.003032479819329454,0.01353533746390129,0.0018194845813187502,0.05759848872436034,-0.011750058840188439,0.0
0.000618317874450008,0.05759837623632632,-1.5527306301184796,-0.7052568784825068,17.88162133877134,0.003263640435541076,-0.0030324796559612253,0.013535336697314037,0.0018194844993183862,0.057598485714624066,-0.011750056329020379,0.0
0.0006359170937349853,0.05759836673197782,-1.5527302656956123,-0.7052567297408382,17.881616195386773,0.0032636390352587343,-0.0030324794831607343,0.013535335886466982,0.0018194844125836338,0.05759848253111675,-0.011750053672867746,0.0
0.0006540172406693789,0.05759835667888689,-1.5527298802325384,-0.7052565725674439,17.881610759251082,0.003263637554129853,-0.0030324793003834007,0.013535335028804702,0.0018194843208411467,0.057598479163805394,-0.011750050863359764,0.0
0.0006726325731873567,0.057598346045371424,-1.5527294725145009,-0.7052564060824312,17.881605002865594,0.0032636359874867143,-0.003032479107053201,0.01353533412162431,0.0018194842238017951,0.057598475602077905,-0.011750047891642397,0.0
0.0006917777550475318,0.05759833479792035,-1.5527290412566048,-0.7052562301496214,17.88159891856241,0.0032636343303921386,-0.0030324789025608545,0.013535333162066784,0.0018194841211597614,0.05759847183470949,-0.011750044748350397,0.0
0.000711467867383974,0.05759832290108772,-1.5527285850997865,-0.7052560440071244,17.88159248157514,0.0032636325776238518,-0.0030324786862619014,0.013535332147108094,0.0018194840125915677,0.057598467849826966,-0.01175004142357786,0.0
0.0007317184205859866,0.05759831031738124,-1.5527281026065038,-0.7052558472711473,17.881585677085955,0.003263630723658116,-0.0030324784574746765,0.013535331073549596,0.0018194838977550613,0.05759846363487204,-0.0117500379068469,0.0
0.0007525453665160305,0.05759829700714391,-1.5527275922562263,-0.7052556389779724,17.881578474385336,0.0032636287626522727,-0.0030324782154781517,0.013535329938007974,0.001819483776288334,0.05759845917656109,-0.011750034187074782,0.0
0.0007739651110753956,0.05759828292842917,-1.5527270524406422,-0.7052554185268524,17.881570852275704,0.003263626688426316,-0.003032477959509678,0.013535328736904577,0.0018194836478085817,0.05759845446084357,-0.01175003025253886,0.0
0.0007959945271275413,0.05759826803686876,-1.552726481458581,-0.7052551854689285,17.88156279336521,0.0032636244944434867,-0.003032477688762569,0.013535327466454116,0.0018194835119109017,0.05759844947285785,-0.01175002609083972,0.0
0.0008186509677892636,0.057598252285532836,-1.5527258775106634,-0.7052549391659929,17.881554274852114,0.0032636221737896024,-0.0030324774023835687,0.013535326122652755,0.0018194833681670101,0.05759844419688409,-0.011750021688862019,0.0
0.00084195228010018,0.05759823562478208,-1.5527252386936234,-0.7052546784939911,17.881545260514212,0.003263619719151296,-0.0030324770994701457,0.01353532470126555,0.0018194832161239002,0.057598438616294885,-0.011750017032733305,0.0
0.0008659168190812825,0.057598218002111214,-1.5527245629943174,-0.7052544028281732,17.881535727247602,0.0032636171227930014,-0.0030324767790676764,0.013535323197812974,0.0018194830553024048,0.057598432713502914,-0.011750012107780152,0.0
0.0008905634621936402,0.05759819936198368,-1.5527238482833758,-0.7052541110789209,17.88152563905525,0.0032636143765325375,-0.0030324764401664056,0.013535321607556921,0.001819482885195697,0.0575984264699052,-0.011750006898481996,0.0
0.0009159116242086486,0.057598179645656625,-1.5527230923085005,-0.7052538026108554,17.881514971802957,0.003263611471715308,-0.0030324760816982936,0.013535319925485715,0.0018194827052676835,0.057598419865824896,-0.011750001388422257,0.0
0.0009419812725015193,0.05759815879099578,-1.5527222926873645,-0.7052534763054253,17.881503687926884,0.0032636083991871043,-0.0030324757025336304,0.013535318146298313,0.0018194825149513239,0.05759841288044905,-0.01174999556023651,0.0
0.0009687929427800833,0.057598136732279426,-1.5527214469000963,-0.7052531312687393,17.88149175549171,0.0032636051492651802,-0.0030324753014774773,0.013535316264387654,0.0018194823136468365,0.057598405491762976,-0.011749989395557846,0.0
0.0009963677552612693,0.05759811339999176,-1.552720552281361,-0.7052527660598388,17.88147912736206,0.003263601711707805,-0.0030324748772659086,0.01353531427382288,0.0018194821007198093,0.05759839767648097,-0.01174998287495902,0.0
0.0010247274313080297,0.05759808872060349,-1.5527196060119428,-0.7052523799821641,17.881465775991337,0.0032635980756819502,-0.00303247442856203,0.0135353121683308,0.0018194818754992048,0.05759838940997288,-0.011749975977891158,0.0
0.0010538943105397878,0.05759806261634024,-1.5527186051098782,-0.7052519714013435,17.8814516480454,0.003263594229729172,-0.003032473953951751,0.013535309941275974,0.0018194816372752423,0.0575983806661865,-0.011749968682619053,0.0
0.001083891368429919,0.05759803500493755,-1.5527175464210474,-0.7052515394935425,17.881436711505,0.0032635901617295016,-0.0030324734519393483,0.013535307585639905,0.0018194813852971618,0.05759837141756543,-0.011749960966152669,0.0
0.00111474223440409,0.057598005799381534,-1.5527164266092481,-0.7052510826180187,17.881420911762643,0.0032635858588632802,-0.003032472920942733,0.013535305093998818,0.001819481118770856,0.05759836163496231,-0.01174995280417472,0.0
0.0011464712104537534,0.05759797490763485,-1.5527152421456767,-0.705250599089234,17.881404192404293,0.0032635813075707013,-0.003032472359288481,0.013535302458500384,0.0018194808368563685,0.05759835128754679,-0.011749944170964017,0.0
0.0011791032902794185,0.05759794223234658,-1.552713989297822,-0.7052500879976118,17.881386517300623,0.0032635764935092,-0.003032471765206551,0.013535299670838948,0.0018194805386652537,0.05759834034270863,-0.01174993503931447,0.0
0.0012126641789788175,0.05759790767054566,-1.5527126641176867,-0.7052495471898761,17.881367816124786,0.0032635714015081226,-0.003032471136824703,0.013535296722229216,0.0018194802232577645,0.057598328765954686,-0.01174992538044932,0.0
0.001247180313295439,0.05759787111331609,-1.552711262429375,-0.7052489751556404,17.881348035172188,0.003263566015521049,-0.0030324704721626087,0.013535293603378759,0.0018194798896399003,0.05759831652080026,-0.011749915163930506,0.0
0.0012826788824434148,0.05759783244545417,-1.5527097798159197,-0.7052483702215206,17.88132711559447,0.003263560318575159,-0.0030324697691256047,0.013535290304458674,0.0018194795367602716,0.057598303568654176,-0.011749904357562785,0.0
0.0013191878495251283,0.057597791545105304,-1.5527082116053719,-0.7052477302611347,17.881304985538705,0.0032635542927178175,-0.003032469025498087,0.01353528681507248,0.0018194791635067844,0.05759828986869712,-0.01174989292729217,0.0
0.001356735973558451,0.05759774828338011,-1.552706552856089,-0.7052470533417871,17.881281577534583,0.0032635479189599675,-0.003032468238936536,0.013535283124223573,0.0018194787687031396,0.05759827537775301,-0.011749880837098832,0.0
0.0013953528321309309,0.0575977025239482,-1.5527047983411664,-0.7052463373850275,17.88125681929572,0.0032635411772162933,-0.0030324674069621333,0.013535279220280399,0.0018194783511051263,0.05759826005015291,-0.011749868048883458,0.0
0.0014350688446987852,0.05759765412260906,-1.5527029425319687,-0.7052455801096912,17.88123063213271,0.0032635340462420243,-0.0030324665269529415,0.013535275090939877,0.0018194779093966974,0.05759824383759101,-0.011749854522347346,0.0
0.0014759152965490702,0.05759760292683726,-1.55270097958072,-0.7052447791307086,17.881202933562932,0.003263526503565898,-0.003032465596135647,0.013535270723188601,0.0018194774421858208,0.05759822668897263,-0.011749840214865354,0.0
0.001517924363443866,0.0575975487753021,-1.5526989033020855,-0.705243931768859,17.88117363212461,0.003263518525419481,-0.0030324646115768216,0.013535266103261867,0.0018194769480000983,0.05759820855025278,-0.011749825081351604,0.0
0.0015611291369659326,0.0575974914973596,-1.5526967071536912,-0.7052430356369446,17.881142643118125,0.0032635100866621816,-0.0030324635701736774,0.013535261216600293,0.0018194764252821255,0.0575981893642663,-0.011749809074117578,0.0
0.001605563650585757,0.057597430912514506,-1.5526943842155112,-0.7052420877114245,17.88110986351548,0.003263501160702139,-0.0030324624686442828,0.013535256047803876,0.001819475872384576,0.05759816907054729,-0.011749792142721743,0.0
0.0016512629064705745,0.05759736682985185,-1.5526919271680866,-0.7052410849818578,17.881075189400025,0.003263491719412405,-0.0030324613035172332,0.013535250580583517,0.0018194752875650175,0.05759814760513882,-0.011749774233810734,0.0
0.0016982629030564294,0.05759729904743578,-1.5526893282694567,-0.7052400244876195,17.881038516884676,0.003263481733042373,-0.0030324600711207,0.013535244797709716,0.0018194746689804255,0.05759812490039131,-0.011749755290951326,0.0
0.0017466006634050488,0.057597227351672886,-1.5526865793308076,-0.7052389027474142,17.88099972665706,0.0032634711701240602,-0.0030324587675708693,0.013535238680958243,0.0018194740146813613,0.057598100884749065,-0.011749735254452534,0.0
0.001796314264367811,0.05759715151663972,-1.5526836716906471,-0.7052377162328212,17.880958696665314,0.003263459997372977,-0.0030324573887596904,0.013535232211052668,0.0018194733226058386,0.05759807548252508,-0.01174971406117771,0.0
0.0018474428665798401,0.05759707130337113,-1.5526805961875667,-0.7052364611714058,17.88091529672548,0.0032634481795832957,-0.0030324559303419457,0.01353522536760374,0.001819472590572823,0.057598048613662335,-0.011749691644345635,0.0
0.0019000267453077922,0.05759698645910759,-1.552677343131373,-0.7052351336625757,17.88086939155531,0.0032634356795169977,-0.0030324543877215484,0.013535218129045009,0.0018194718162753644,0.057598020193481425,-0.011749667933320265,0.0
0.0019541073221756976,0.05759689671649873,-1.5526739022725926,-0.705233729529641,17.88082083669132,0.0032634224577865346,-0.0030324527560370677,0.013535210472564967,0.0018194709972733194,0.05759799013241384,-0.0117496428533881,0.0
0.0020097271977937833,0.05759680179276158,-1.5526702627701914,-0.7052322442958805,17.880769477743414,0.0032634084727308226,-0.0030324510301463986,0.013535202374035113,0.001819470130985667,0.05759795833571957,-0.011749616325522991,0.0
0.0020669301853160457,0.05759670138878981,-1.5526664131574535,-0.7052306733713601,17.880715155325195,0.0032633936802840217,-0.0030324492046105685,0.013535193807933948,0.0018194692146823739,0.05759792470318859,-0.011749588266137251,0.0
0.0021257613449529415,0.05759659518821169,-1.5526623413058798,-0.7052290117166097,17.880657695875247,0.003263378033836783,-0.003032447273676596,0.013535184747266546,0.0018194682454757906,0.05759788912882464,-0.011749558586818358,0.0
0.0021862670194664454,0.05759648285639381,-1.5526580343870116,-0.7052272541579944,17.880596920040478,0.003263361484089455,-0.0030324452312593623,0.013535175163479504,0.0018194672203115559,0.057597851500511645,-0.011749527194050636,0.0
0.002248494870675386,0.05759636403938679,-1.5526534788320596,-0.7052253951535054,17.880532636237042,0.0032633439788968817,-0.0030324430709224386,0.01353516502637097,0.001819466135958971,0.057597811699660245,-0.011749493988920683,0.0
0.0023124939169998355,0.05759623836281142,-1.5526486602891858,-0.7052234287992462,17.880464640692594,0.003263325463104165,-0.003032440785857796,0.013535154303995494,0.0018194649890008153,0.05759776960083376,-0.011749458866806029,0.0
0.0023783145720741483,0.0575961054306789,-1.5526435635783449,-0.70522134888101,17.88039271869671,0.003263305878373063,-0.0030324383688643715,0.01353514296256334,0.0018194637758225814,0.05759772507135281,-0.011749421717045575,0.0
0.0024460086844590107,0.057595964824144634,-1.5526381726435219,-0.7052191489284342,17.880316645912327,0.003263285162998228,-0.0030324358123253693,0.013535130966334083,0.0018194624926010934,0.0575976779708778,-0.011749382422591272,0.0
0.002515629578483858,0.05759581610018897,-1.5526324705022019,-0.7052168219607885,17.880236181366424,0.0032632632517130937,-0.00303243310818425,0.013535118277503939,0.0018194611352924444,0.0575976281509655,-0.01174934085963969,0.0
0.0025872320962517484,0.05759565879022252,-1.552626439191943,-0.7052143606751341,17.880151072356416,0.0032632400754842995,-0.0030324302479193717,0.013535104856086682,0.0018194596996192736,0.05759757545460227,-0.011749296897242092,0.0
0.002660872640839866,0.05759549239861073,-1.5526200597138633,-0.7052117572686949,17.880061049486557,0.003263215561294389,-0.003032427222517115,0.013535090659787698,0.0018194581810572687,0.05759751971570815,-0.011749250396892391,0.0
0.0027366092207296035,0.05759531640111362,-1.5526133119728895,-0.7052090035692115,17.87996582999679,0.003263189631912048,-0.003032424022443493,0.013535075643870654,0.0018194565748209264,0.05759746075861421,-0.011749201212091071,0.0
0.0028145014955012993,0.05759513024323571,-1.5526061747145392,-0.7052060909164163,17.879865114371587,0.003263162205649001,-0.0030324206376141196,0.013535059761016642,0.0018194548758484694,0.05759739839750829,-0.011749149187884186,0.0
0.002894610822829547,0.05759493333848013,-1.5525986254580877,-0.7052030101163933,17.879758584902483,0.003263133196102944,-0.003032417057362429,0.013535042961175055,0.0018194530787858923,0.057597332435849635,-0.011749094160375539,0.0
0.0029770003068161762,0.057594725066502685,-1.5525906404258691,-0.7051997514627462,17.879645906039904,0.0032631025118855937,-0.00303241327040607,0.01353502519140588,0.0018194511779701026,0.0575972626657492,-0.011749035956211107,0.0
0.003061734847698896,0.05759450477115984,-1.55258219446852,-0.7051963046865667,17.879526722812656,0.003263070056335214,-0.003032409264811361,0.013535006395713025,0.0018194491674110686,0.05759718886731435,-0.011748974392033366,0.0
0.003148881192974842,0.057594271758443186,-1.5525732609859246,-0.7051926589533764,17.87940066050077,0.003263035727212412,-0.003032405027955705,0.0135349865148678,0.0018194470407729578,0.05759711080795609,-0.011748909273904437,0.0
0.0032385079899792096,0.05759402529429598,-1.5525638118435896,-0.7051888027502559,17.87926732133404,0.003262999416378569,-0.003032400546487801,0.01353496548622242,0.001819444791354161,0.05759702824165517,-0.011748840396695973,0.0
0.0033306858399604834,0.05759376460230291,-1.5525538172842361,-0.7051847239202663,17.879126285146185,0.003262961009455602,-0.003032395806285598,0.013534943243512579,0.00181944241206619,0.05759694090818738,-0.011748767543443787,0.0
0.0034254873536947797,0.05759348886124787,-1.552543245834292,-0.7051804096711014,17.878977109318814,0.0032629203854662617,-0.003032390792411806,0.013534919716648821,0.0018194398954113492,0.05759684853230284,-0.01174869048466549,0.0
0.003522987208683143,0.057593197202529624,-1.552532064205011,-0.7051758463511139,17.878819322437998,0.0032628774164536333,-0.003032385489066838,0.013534894831495668,0.001819437233459099,0.05759675082285836,-0.011748608977638597,0.0
0.003623262207976888,0.05759288870743018,-1.5525202371879017,-0.7051710196135288,17.878652428397494,0.003262831967078785,-0.003032379879539035,0.013534868509638144,0.0018194344178210859,0.057596647471899645,-0.011748522765637336,0.0
0.003726391340677239,0.057592562404224716,-1.5525077275441663,-0.7051659142740991,17.878475902220035,0.0032627838941952218,-0.0030323739461520336,0.013534840668134802,0.0018194314396247128,0.05759653815369077,-0.01174843157712538,0.0
0.003832455844157029,0.05759221726512559,-1.5524944958877553,-0.7051605142101889,17.878289186975465,0.003262733046398873,-0.0030323676702090673,0.013534811219256466,0.0018194282894851861,0.057596422523686845,-0.011748335124902115,0.0
0.003941539268053362,0.05759185220305067,-1.5524805005617484,-0.7051548024536304,17.878091695902082,0.0032626792635522023,-0.0030323610319340994,0.013534780070209937,0.0018194249574759595,0.057596300217448305,-0.01174823310519981,0.0
0.004053727540081762,0.057591466068204596,-1.5524656975075877,-0.7051487609935744,17.877882806688493,0.0032626223762808556,-0.0030323540104095098,0.01353474712284573,0.0018194214330974551,0.05759617084949185,-0.011748125196728897,0.0
0.004169109033723534,0.0575910576444647,-1.5524500401268477,-0.7051423708060509,17.87766186184393,0.0032625622054415207,-0.0030323465835102306,0.013534712273349016,0.0018194177052440004,0.05759603401207494,-0.01174801105966822,0.0
0.004287774637839775,0.05759062564555827,-1.5524334791350554,-0.7051356117742361,17.877428166097946,0.0032624985615590445,-0.0030323387278340386,0.013534675411912655,0.0018194137621688387,0.05759588927391071,-0.011747890334597362,0.0
0.0044098178282667485,0.05759016871101956,-1.552415962407113,-0.7051284626149517,17.877180983942598,0.0032624312442312226,-0.003032330418627875,0.013534636422391404,0.0018194095914471386,0.05759573617880799,-0.011747762641367477,0.0
0.00453533474144915,0.057589685401915114,-1.55239743481389,-0.7051209008052068,17.876919537148765,0.0032623600414994373,-0.0030323216297098734,0.01353459518193623,0.0018194051799368513,0.05759557424423318,-0.011747627577907224,0.0
0.004664424250169134,0.057589174196322736,-1.5523778380494078,-0.705112902552146,17.87664300342403,0.0032622847291831287,-0.0030323123333869024,0.013534551560607474,0.0018194005137373256,0.05759540295978857,-0.011747484718960217,0.0
0.004797188041430887,0.05758863348455039,-1.5523571104481702,-0.7051044426574771,17.876350512195703,0.0032622050701759334,-0.003032302500367386,0.01353450542096567,0.0018193955781455223,0.057595221785603654,-0.011747333614749774,0.0
0.004933730696561968,0.057588061564081354,-1.552335186791988,-0.7050954944941511,17.87604114338821,0.0032621208137015773,-0.003032292099669027,0.013534456617638958,0.0018193903576097217,0.0575950301506324,-0.01174717378956703,0.0
0.005074159773594634,0.057587456634227346,-1.5523119981057816,-0.7050860298880169,17.875713923605247,0.0032620316945268725,-0.0030322810985212805,0.0135344049968653,0.0018193848356805333,0.057594827450852794,-0.011747004740278117,0.0
0.005218585891991964,0.05758681679047607,-1.5522874714416783,-0.7050760190532531,17.875367823726116,0.003261937432129704,-0.0030322694622621615,0.013534350396008483,0.0018193789949591081,0.05759461304736263,-0.01174682593474548,0.0
0.00536712281978553,0.05758614001851335,-1.5522615296507818,-0.7050654304651229,17.875001754775226,0.0032618377298192416,-0.003032257154229092,0.013534292643046173,0.001819372817042344,0.05759438626436431,-0.011746636810158766,0.0
0.005519887563193328,0.05758542418790189,-1.5522340911418904,-0.7050542308082312,17.87461456578732,0.0032617322738055935,-0.0030322441356435193,0.013534231556028486,0.0018193662824649462,0.05759414638703405,-0.011746436771269868,0.0
0.005677000458788438,0.05758466704539834,-1.5522050696264211,-0.7050423848176058,17.874205038742147,0.0032616207322163394,-0.003032230365488791,0.013534166942505208,0.0018193593706381274,0.05759389265926781,-0.011746225188526842,0.0
0.005838585268291164,0.05758386620788575,-1.5521743738488154,-0.7050298552276644,17.873771886363247,0.003261502754056541,-0.0030322158003810665,0.013534098598920276,0.001819352059784801,0.057593624281296676,-0.01174600139610094,0.0
0.006004769276059158,0.05758301915490157,-1.552141907301525,-0.7050166026039867,17.873313746711666,0.0032613779681092627,-0.0030322003944327483,0.01353402630997111,0.0018193443268710125,0.05759334040716465,-0.011745764689800445,0.0
0.00617568338935252,0.05758212322073716,-1.5521075679237766,-0.7050025852438078,17.872829179583157,0.003261245981773192,-0.003032184099108051,0.01353394984793117,0.0018193361475334242,0.0575930401420605,-0.011745514324865326,0.0
0.006351462241452631,0.05758117558608423,-1.552071247783164,-0.7049877590470064,17.872316662058715,0.0032611063798336486,-0.003032166863070234,0.013533868971933406,0.0018193274960026306,0.05759272253949594,-0.011745249513635415,0.0
0.006532244297716178,0.05758017326920372,-1.5520328327391446,-0.7049720773712819,17.87177458357466,0.003260958723163424,-0.0030321486320200727,0.013533783427212594,0.0018193183450220445,0.0575923865983199,-0.011744969423085356,0.0
0.006718171964647695,0.05757911311658804,-1.551992202087378,-0.704955490886938,17.871201240925433,0.003260802547349329,-0.0030321293485249656,0.013533692944303795,0.0018193086657621073,0.05759203125956079,-0.011744673172218653,0.0
0.006909391702076749,0.05757799179309012,-1.551949228183869,-0.7049379474204306,17.87059483290289,0.003260637361240262,-0.003032108951838228,0.013533597238194807,0.0018192984277295551,0.05759165540308601,-0.011744359829312713,0.0
0.007106054138527918,0.05757680577148704,-1.5519037760477774,-0.7049193918013326,17.869953454964985,0.003260462645412448,-0.0030320873777079844,0.013533496007429858,0.0018192875986714646,0.057591257844068544,-0.011744028409006665,0.0
0.0073083141898746705,0.05757555132144798,-1.5518557029417115,-0.7048997656783379,17.869275093002983,0.0032602778505470987,-0.00303206455817502,0.013533388933161547,0.0018192761444737577,0.057590837329248905,-0.011743677869222981,0.0
0.007516331181370376,0.057574224497871515,-1.551804857928241,-0.7048790073480686,17.86855761738371,0.0032600823957156517,-0.0030320404213590277,0.013533275678148332,0.0018192640290538773,0.05759039253298132,-0.011743307107913574,0.0
0.007730268973152821,0.057572821128557036,-1.551751081401325,-0.7048570515448638,17.867798775866596,0.0032598756665671758,-0.0030320148912325188,0.013533155885694322,0.001819251214247252,0.05758992205305122,-0.011742914959620388,0.0
0.00795029608932083,0.05757133680117353,-1.5516942045912692,-0.7048338292565753,17.86699618714405,0.0032596570134128464,-0.003031987887381724,0.013533029178528007,0.0018192376596872517,0.0575894244062505,-0.011742500191840272,0.0
0.008176585850684927,0.05756976684948482,-1.5516340490417257,-0.7048092674976765,17.866147333149595,0.0032594257492012894,-0.00303195932475375,0.013532895157616508,0.0018192233226782136,0.05758889802369749,-0.011742061501182937,0.0
0.008409316511296424,0.057568106338790205,-1.5515704260572307,-0.7047832890846008,17.86524955134084,0.0032591811473789765,-0.003031929113389146,0.01353275340091165,0.001819208158061158,0.05758834124588593,-0.01174159750931062,0.0
0.008648671398862506,0.05756635005053709,-1.5515031361196516,-0.7047558124027534,17.86430002666755,0.003258922439629133,-0.0030318971581391294,0.01353260346202395,0.0018191921180717844,0.05758775231744734,-0.011741106758647047,0.0
0.008894839059158081,0.057564492466057236,-1.551431968271829,-0.7047267511381253,17.86329578249184,0.003258648813482507,-0.0030318633583664876,0.01353244486882029,0.0018191751521902774,0.05758712938161082,-0.011740587707842925,0.0
0.00914801340454789,0.05756252774938003,-1.5513566994666421,-0.7046960140181237,17.862233671656792,0.0032583594097926123,-0.0030318276076293283,0.013532277121941065,0.0018191572069824794,0.0575864704743421,-0.01174003872698462,0.0
0.00940839386673614,0.05756044972906965,-1.5512770938796212,-0.7046635045250534,17.861110366715014,0.0032580533200683307,-0.0030317897933466067,0.013532099693232205,0.001819138225931925,0.05758577351814345,-0.011739458092531211,0.0
0.009676185553863738,0.05755825187903169,-1.5511929021831183,-0.7046291206014097,17.85992234982638,0.003257729583655589,-0.0030317497964444428,0.01353191202408687,0.0018191181492622072,0.05758503631549483,-0.011738843981965539,0.0
0.009951599412077126,0.057555927298233216,-1.5511038607799759,-0.7045927543269666,17.85866590178224,0.003257387184759987,-0.003031707490982094,0.013531713523692233,0.0018190969137491326,0.05758425654191565,-0.01173819446814294,0.0
0.010234852391695703,0.05755346868927445,-1.5510096909945257,-0.7045542915814564,17.85733709052144,0.0032570250493016537,-0.0030316627437564385,0.013531503567175333,0.0018190744525220677,0.05758343173862457,-0.01173750751332127,0.0
0.010526167618109044,0.0575508683357497,-1.5509100982186261,-0.7045136117035519,17.855931759421257,0.00325664204159297,-0.0030316154138837507,0.01353128149364285,0.0018190506948538771,0.05758255930477465,-0.01173678096285448,0.0
0.010825774567538277,0.05754811807832979,-1.5508047710103336,-0.7044705871068941,17.85444551430028,0.003256236960829577,-0.003031565352357429,0.013531046604108043,0.0018190255659387723,0.057581636489238704,-0.011736012538531671,0.0
0.01113390924780011,0.05754520928949661,-1.5506933801427638,-0.7044250828894996,17.852873710105804,0.0032558085373844987,-0.0030315124015803576,0.01353079815929907,0.0018189989866574069,0.05758066038191952,-0.011735199831541698,0.0
0.01145081438421616,0.05754213284685407,-1.5505755776004297,-0.7043769564128219,17.85121143664099,0.003255355428894565,-0.0030314563948704064,0.01353053537734159,0.0018189708733284762,0.05757962790455584,-0.011734340295043586,0.0
0.011776739610813632,0.05753887910494041,-1.5504509955203982,-0.7043260568730833,17.849453503934487,0.003254876216128038,-0.0030313971559375675,0.013530257431308673,0.001818941137446053,0.05757853580099688,-0.011733431236320821,0.0
0.012111941666968247,0.05753543786545624,-1.5503192450753438,-0.7042722248204999,17.84759442605092,0.0032543693986215377,-0.003031334498331094,0.013529963446630088,0.00181890968540183,0.057577380626912374,-0.011732469808497308,0.0
0.012456684599644139,0.05753179834582612,-1.5501799152955242,-0.7042152916871832,17.84562840497384,0.00325383339007391,-0.0030312682248549664,0.013529652498353757,0.0018188764181914533,0.057576158738907625,-0.011731453001791452,0.0
0.012811239971390316,0.05752794914600046,-1.5500325718265306,-0.7041550792523799,17.843549312631882,0.0032532665134840768,-0.0030311981269498045,0.013529323608249969,0.0018188412311039707,0.05757486628300627,-0.011730377634283346,0.0
0.01317588707425712,0.057523878213404135,-1.5498767556195767,-0.7040913991092863,17.841350672793286,0.0032526669960191413,-0.0030311239840394287,0.013528975741750493,0.0018188040133934956,0.057573499182466646,-0.01172924034216942,0.0
0.013550913149801518,0.05751957280593212,-1.5497119815508993,-0.7040240520768897,17.839025641298104,0.00325203296359865,-0.0030310455628399665,0.013528607804712295,0.0018187646479320351,0.057572053124891207,-0.011728037569476947,0.0
0.013936613615354417,0.05751501945288796,-1.5495377369667307,-0.7039528276038673,17.83656698588963,0.0032513624351799015,-0.0030309626166294436,0.01352821863999678,0.0018187230108424452,0.05757052354858904,-0.011726765557210401,0.0
0.01433329229672811,0.05751020391375362,-1.5493534801501827,-0.7038775031132166,17.833967064254757,0.00325065331672873,-0.0030308748844755542,0.013527807023853375,0.0018186789711103258,0.05756890562814616,-0.011725420331899414,0.0
0.01474126166754755,0.0575051111346795,-1.5491586387062033,-0.703797843332528,17.831217801478157,0.003249903394859478,-0.003030782090419326,0.013527371662097115,0.0018186323901737327,0.05756719425916072,-0.011723997693517122,0.0
0.015160843095393471,0.05749972520257067,-1.54895260786064,-0.7037135995789497,17.828310666070067,0.003249110330126857,-0.0030306839426120975,0.013526911186068113,0.0018185831214893968,0.057565384042090294,-0.011722493202736755,0.0
0.015592367094951641,0.05749402929664547,-1.5487347486692689,-0.7036245089986947,17.82523664455795,0.003248271649952178,-0.0030305801324032417,0.013526424148360881,0.0018185310100741227,0.057563469265163425,-0.011720902167491588,0.0
0.016036173588367342,0.057488005637335395,-1.5485043861326542,-0.7035302937802741,17.8219862151535,0.0032473847411649795,-0.003030470333375805,0.013525909018310562,0.001818475892020001,0.057561443886298774,-0.01171921962880351,0.0
0.01649261217301066,0.057481635432386644,-1.5482608072122839,-0.7034306603073653,17.8185493195722,0.0032464468421409634,-0.00303035420032716,0.013525364177222462,0.001818417593981892,0.057559301513973496,-0.011717440345842349,0.0
0.01696204239686287,0.057474898820021623,-1.5480032587436277,-0.703325298282589,17.81491533384328,0.003245455034515914,-0.003030231368191557,0.013524787913330429,0.0018183559326356816,0.05755703538698229,-0.01171555878017795,0.0
0.017444834041741346,0.057467774809009914,-1.5477309452413421,-0.7032138797898692,17.81107303723571,0.0032444062344544715,-0.003030101450901318,0.013524178416469034,0.0018182907141055995,0.05755463835301862,-0.011713569079184347,0.0
0.017941367414585727,0.05746024121549184,-1.5474430265919517,-0.7030960583137,17.807010579791747,0.003243297183452282,-0.00302996404018324,0.013523533772443551,0.0018182217333589045,0.057552102846013156,-0.01171146505855437,0.0
0.018452033647035324,0.05745227459639347,-1.5471386156290647,-0.7029714677085974,17.80271544828448,0.00324212443864856,-0.0030298187042865662,0.0135228519570809,0.0018181487735660785,0.057549420862154255,-0.01170924018388143,0.0
0.018977235003533058,0.05744385017926174,-1.5468167755861617,-0.7028397211041302,17.79817443020616,0.0032408843626258676,-0.0030296649866386922,0.013522130829944074,0.0018180716054245827,0.05754658393451436,-0.011706887551263196,0.0
0.019517385198199177,0.05743494178834614,-1.546476517421928,-0.7027004097603016,17.79337357618588,0.0032395731126727196,-0.0030295024044246057,0.013521368127690898,0.0018179899864441747,0.057543583106201446,-0.011704399866880872,0.0
0.02007290972072414,0.057425521766742524,-1.5461167970129366,-0.7025531018591918,17.788298160459444,0.0032381866294841043,-0.0030293304470857822,0.013520561457058287,0.0018179036601915768,0.05754040890194861,-0.011701769425505675,0.0
0.02064424617153723,0.05741556089441154,-1.545736512208552,-0.7023973412341981,17.782932639432527,0.0032367206252741413,-0.0030291485747340917,0.013519708287450465,0.0018178123554922901,0.05753705129805097,-0.01169898808788322,0.0
0.021231844606515515,0.057405028301874564,-1.5453344997428164,-0.7022326460314308,17.777260608196254,0.0032351705712742353,-0.003028956216475971,0.013518805943110147,0.0018177157855870916,0.05753349969055313,-0.011696047256944078,0.0
0.02183616789150382,0.05739389137938661,-1.5449095319981065,-0.702058507303808,17.77126475501973,0.0032335316845897044,-0.003028752768641936,0.01351785159484948,0.001817613647240776,0.057529742861585215,-0.011692937852788689,0.0
0.022457692066925727,0.057382115681375814,-1.5444603136154411,-0.701874387531575,17.76492681366202,0.003231798914386944,-0.0030285375929161892,0.013516842251316795,0.0018175056198004207,0.05752576894373911,-0.01168965028639211,0.0
0.023096906722772235,0.057369664825937305,-1.5439854779462383,-0.7016797190677004,17.75822751347725,0.003229966927382741,-0.0030283100143608404,0.013515774749774015,0.0018173913642004155,0.057521565382370306,-0.01168617443197388,0.0
0.02375431538426417,0.05735650038915921,-1.5434835833406326,-0.7014739025052589,17.751146527253596,0.0032280300926068916,-0.003028069319328979,0.013514645746357988,0.0018172705219113208,0.05751711889570478,-0.01168249959797675,0.0
0.024430435908491324,0.05734258179405582,-1.5429531092674353,-0.7012563049606402,17.743662416643595,0.003225982465408754,-0.0030278147532604694,0.013513451705798233,0.0018171427138294258,0.057512415432621845,-0.011678614496597227,0.0
0.025125800892341392,0.05732786619387765,-1.5423924522611965,-0.7010262582738837,17.73575257524796,0.0032238177706783357,-0.003027545518354165,0.013512188890561659,0.0018170075391038007,0.05750744012797805,-0.011674507211810193,0.0
0.025840958092039536,0.05731230834956362,-1.5417999216919278,-0.7007830571193654,17.727393169203612,0.00322152938525201,-0.0030272607711097597,0.013510853349393647,0.0018168645738973715,0.05750217725532827,-0.011670165165829194,0.0
0.02657647085462985,0.05729586050109525,-1.5411737353536044,-0.7005259570244515,17.718559075250568,0.0032191103194733834,-0.0030269596197322625,0.01350944090522338,0.0018167133700784553,0.057496610176892254,-0.011665575083944295,0.0
0.027332918561737557,0.05727847223251355,-1.5405120148677578,-0.7002541722913628,17.709223816194232,0.003216553197879685,-0.0030266411213917166,0.013507947142399893,0.0018165534538389376,0.057490721290606464,-0.01166072295767897,0.0
0.028110897085962407,0.05726009033035493,-1.5398127808991773,-0.6999668738232413,17.699359493843424,0.003213850238984761,-0.003026304279330372,0.01350636739322325,0.0018163843242351633,0.057484491974090814,-0.011655594006208032,0.0
0.02891101926026203,0.057240658635261864,-1.5390739481811997,-0.6996631868448636,17.68893671922684,0.0032109932341301633,-0.0030259480398091877,0.01350469672373442,0.0018162054516473226,0.05747790252535206,-0.011650172635980461,0.0
0.029733915360696004,0.057220117886526284,-1.5382933203489204,-0.6993421885203808,17.677924540221657,0.003207973525376885,-0.003025571288885139,0.013502929918724923,0.0018160162761529765,0.05747093210003286,-0.011644442398490691,0.0
0.030580233602909672,0.05719840555932505,-1.5374685845793281,-0.6990029054610116,17.666290366484454,0.003204781982411768,-0.0030251728490103915,0.013501061465925966,0.0018158162058101394,0.05746355864500865,-0.01163838594614589,0.0
0.03145064065274975,0.05717545569441109,-1.5365973060384899,-0.698644311121556,17.653999891743677,0.0032014089784436575,-0.0030247514754439975,0.013499085539335293,0.001815604614845068,0.057455758828117855,-0.011631984986177723,0.0
0.032345822151413565,0.05715119872003076,-1.5356769221369444,-0.6982653230829722,17.641017013483005,0.003197844365067114,-0.0030243058524663225,0.013496995981637401,0.001815380841739751,0.05744750796380605,-0.011625220232551442,0.0
0.03326648325554538,0.05712556126584516,-1.5347047365957411,-0.6978648002170403,17.627303750023955,0.003194077446073482,-0.0030238345893859883,0.013494786285671816,0.001815144187213777,0.057438779934445544,-0.011618071355829127,0.0
0.034213349192706126,0.05709846596864689,-1.5336779133270446,-0.6974415397331796,17.61282015514117,0.003190096950192366,-0.0030233362163286496,0.013492449574901458,0.001814893912095079,0.057429547107084984,-0.011610516930948651,0.0
0.035187165832652856,0.05706983126967478,-1.5325934701347952,-0.6969942741016241,17.59752423019921,0.0031858910027501197,-0.00302280917979647,0.01348997858283178,0.0018146292350737564,0.05741978024536597,-0.011602534382886425,0.0
0.036188700274879,0.05703957120335021,-1.5314482722428675,-0.6965216678559546,17.581371834057187,0.003181447096236082,-0.003022251837986667,0.013487365631329228,0.0018143493303329431,0.05740944841633297,-0.011594099930179168,0.0
0.03721874145287729,0.0570075951772773,-1.5302390256601077,-0.6960223142697508,17.564316590780876,0.0031767520597725447,-0.003021662455857029,0.013484602607785594,0.0018140533250503902,0.057398518891846675,-0.011585188526288362,0.0
0.038278100755602736,0.05697380774337782,-1.528962270394044,-0.6954947319095329,17.546309795423973,0.0031717920274898694,-0.0030210391999258386,0.013481680941073182,0.0018137402967642218,0.05738695704429642,-0.011575773798801004,0.0
0.039367612666623426,0.05693810836005871,-1.5276143735275802,-0.6949373610630885,17.527300318077693,0.003166552405814944,-0.003020380132793121,0.01347859157623351,0.0018134092705959603,0.057374726236294395,-0.011565827986472158,0.0
0.04048813542146414,0.05690039114534962,-1.5261915221758002,-0.6943485600429189,17.507234506429317,0.0031610178396890066,-0.003019683207369601,0.01347532494784073,0.0018130592163237058,0.05736178770401456,-0.011555321874127384,0.0
0.04164055168365937,0.05686054462098629,-1.524689716343202,-0.6937266013692978,17.48605608722169,0.0031551721777391276,-0.0030189462607994036,0.013471870951979145,0.0018126890452980658,0.057348100433828805,-0.01154422472545874,0.0
0.04282576924004974,0.05681845144746543,-1.5231047617050266,-0.6930696678315839,17.463706066875798,0.003148998436437872,-0.0030181670080618363,0.013468218916771886,0.0018122976071930632,0.05733362103187213,-0.011532504213765274,0.0
0.04404472171586787,0.05677398815015051,-1.5214322623402088,-0.692375848435908,17.44012263181978,0.003142478763296612,-0.003017343035237342,0.013464357571397705,0.0018118836865841054,0.05731830358615545,-0.011520126350708114,0.0
0.04529836931017829,0.0567270248365713,-1.519667613447454,-0.6916431342404415,17.41524104891203,0.0031355943991506216,-0.0030164717924220266,0.013460275013529388,0.001811445999344672,0.0573020995208287,-0.011507055413172136,0.0
0.04658769955224966,0.056677424905130606,-1.5178059940804665,-0.6908694140876805,17.388993566597023,0.003128325639607957,-0.0030155505862749614,0.013455958675127831,0.0018109831888531921,0.05728495744217962,-0.011493253868351521,0.0
0.04791372807945657,0.0566250447455113,-1.5158423599430866,-0.6900524702392611,17.361309317356863,0.0031206517957500586,-0.003014576572181753,0.0134513952865236,0.0018104938220012765,0.05726682297593925,-0.011478682297202806,0.0
0.04927749943732191,0.0565697334311677,-1.5137714362902548,-0.689189973924783,17.33211422221675,0.0031125511541892316,-0.003013546746017768,0.01344657083871725,0.0018099763849941791,0.05724763859545184,-0.01146329931644085,0.0
0.050680087902331354,0.05651133240438498,-1.5115877109862685,-0.6882794808165288,17.30133089810223,0.0031040009366076343,-0.0030124579354939133,0.013441470543829593,0.0018094292789341793,0.05722734344025021,-0.01144706149928624,0.0
0.052122598328167666,0.056449675154503255,-1.5092854277775534,-0.6873184264421784,17.268878568887644,0.003094977258923778,-0.0030113067910675275,0.01343607879363193,0.0018088508151772528,0.05720587312456924,-0.0114299232952107,0.0
0.053606167016030895,0.05638458689002677,-1.50685857984345,-0.686304121554563,17.23467298119049,0.0030854550902560287,-0.00301008977640084,0.013430379116087512,0.0018082392104532634,0.0571831595353156,-0.011411836948967845,0.0
0.0551319626097316,0.05631588420547686,-1.5043009036950634,-0.6852337474758752,17.198626325956106,0.0030754082118784436,-0.003008803158349184,0.01342435412983541,0.0018075925817396614,0.057159130619006605,-0.011392752419242771,0.0
0.05670118701626013,0.05624337474399868,-1.5016058734989353,-0.6841043514388945,17.160647167041983,0.003064809176392324,-0.003007442996461094,0.013417985496549389,0.001806908940878536,0.05713371015718261,-0.011372617297302738,0.0
0.05831507635255877,0.05616685685689769,-1.4987666959095094,-0.6829128419510961,17.120640378128314,0.003053629267368127,-0.0030060051319725323,0.013411253871106584,0.0018061861889267729,0.057106817529796926,-0.011351376726085721,0.0
0.05997490191924116,0.05608611926146525,-1.4957763055015951,-0.6816559842100465,17.078507089369694,0.0030418384597449143,-0.003004485176277398,0.013404138849502338,0.0018054221102289407,0.05707836746608573,-0.011328973320222197,0.0
0.06168197120202805,0.05600094069864955,-1.4926273609015461,-0.6803303956032372,17.034144645352264,0.0030294053813115763,-0.0030028784988570447,0.013396618914452296,0.0018046143662025429,0.057048269782430265,-0.011305347087548922,0.0
0.0634376289016857,0.05591108959234456,-1.4893122417234046,-0.6789325413296616,16.98744657603954,0.003016297275632068,-0.003001180214651692,0.013388671378625818,0.001803760488825312,0.057016429106728925,-0.011280435352742231,0.0
0.06524325799328021,0.05581632371230303,-1.4858230464238933,-0.6774587301840544,16.93830258249659,0.003002479966819412,-0.0029993851708574218,0.013380272325460917,0.0018028578738143004,0.056982744588821466,-0.011254172683771073,0.0
0.06710028081558078,0.05571638984292927,-1.48215159119758,-0.6759051105513993,16.886598539354807,0.0029879178266073465,-0.0029974879331331355,0.013371396547517091,0.0018019037734867626,0.056947109596526796,-0.011226490821949781,0.0
0.06901016019147191,0.055611023460479914,-1.478289410040899,-0.6742676666628039,16.83221651605977,0.00297257374421618,-0.002995482771202995,0.013362017482330605,0.0018008952892930746,0.05690941139689242,-0.011197318616453032,0.0
0.07097440058025478,0.05549994842148661,-1.4742277561206696,-0.6725422151703098,16.775034819091285,0.0029564090995597846,-0.0029933636438410896,0.013352107145745576,0.001799829364012352,0.05686953082229681,-0.01116658196424528,0.0
0.07299454926274732,0.05538287666552463,-1.4699576045892935,-0.6707244021046151,16.714928057475166,0.002939383740393628,-0.002991124183226814,0.013341636062705782,0.0017987027736019717,0.05682734192110038,-0.011134203756469516,0.0
0.07507219756011509,0.05525950793577554,-1.46546965699475,-0.6688097002851131,16.65176723399369,0.002921455964059487,-0.0029887576786613067,0.013330573195505107,0.0017975121186928384,0.05678271159260827,-0.011100103832439869,0.0
0.07720898208739527,0.05512952952117635,-1.4607543474386224,-0.6667934072588917,16.585419864619567,0.0029025825045404857,-0.0029862570596376893,0.013318885869508737,0.0017962538157231221,0.05673549920619087,-0.01106419894248396,0.0
0.0794065860426983,0.0549926160243129,-1.455801850639581,-0.6646706438526603,16.515750128796476,0.002882718525600112,-0.0029836148782606486,0.01330653969637575,0.001794924087704147,0.05668555620450503,-0.011026402720989136,0.0
0.08166674053310484,0.05484842915958674,-1.4506020920627745,-0.6624363534282565,16.442619053247405,0.00286181762084138,-0.0029808232910141573,0.013293498494832716,0.001793518954613445,0.05663272569087636,-0.010986625671115358,0.0
0.0839912259383019,0.05469661758658574,-1.445144760277242,-0.6600853019400981,16.36588473205263,0.002839831821584709,-0.002977874039879934,0.013279724209071227,0.0017920342234113162,0.05657684200103887,-0.010944775162752296,0.0
0.08638187331303132,0.05453681678399032,-1.4394193217035973,-0.6576120789015654,16.28540258579524,0.0028167116135282416,-0.002974758432813712,0.013265176824867862,0.0017904654776791052,0.05651773025958539,-0.010900755445411728,0.0
0.08884056582945803,0.054368648969766856,-1.4334150379125719,-0.6550110993740339,16.201025662548325,0.0027924059632179862,-0.0029714673235914455,0.013249814283554873,0.0017888080668793573,0.05645520592166655,-0.010854467677863697,0.0
0.09136924026059069,0.054191723073827386,-1.4271209856314002,-0.6522766071011914,16.112604983481354,0.0027668623554196114,-0.0029679910910434303,0.013233592394002725,0.0017870570952403617,0.05638907430068381,-0.010805809976439896,0.0
0.09396988850592616,0.054005634769765054,-1.4205260796092825,-0.6494026789189208,16.019989935799167,0.002740026842546187,-0.0029643196177010513,0.01321646474281272,0.001785207410270387,0.05631913008295929,-0.010754677484043611,0.0
0.0966445591605173,0.05380996657270816,-1.41361909848507,-0.6463832305791714,15.923028715642383,0.002711844107356533,-0.0029604422678883796,0.013198382602960471,0.0017832535909099773,0.05624515683063487,-0.01070096246201646,0.0
0.09939535912870316,0.05360428801076939,-1.4063887137896802,-0.6432120241335236,15.821568823435763,0.002682257540196523,-0.0029563478652994846,0.013179294841176624,0.00178118993533433,0.05616692647435315,-0.010644554407120308,0.0
0.10222445528376908,0.053388155877984504,-1.3988235222025986,-0.6398826770298192,15.715457614005732,0.00265120933210792,-0.0029520246701120745,0.013159147824403966,0.0017790104484218068,0.05608419879760959,-0.010585340195993451,0.0
0.10513407617484674,0.05316111457705163,-1.3909120811658862,-0.6363886730816509,15.604542903554503,0.002618640585176647,-0.0029474603556989046,0.013137885325727402,0.0017767088289093378,0.05599672091504062,-0.010523204259532801,0.0
0.10812651378239671,0.052922696560565946,-1.3826429479402937,-0.6327233754765661,15.488673635307302,0.002584491441532487,-0.0029426419850107125,0.01311544843023661,0.0017742784562607083,0.05590422674732282,-0.010458028789735653,0.0
0.11120412532365953,0.05267242287981338,-1.3740047221667038,-0.6288800419937788,15.367700605314738,0.002548701232442895,-0.0029375559867180776,0.013091775441352144,0.00177171237727961,0.05580643649581492,-0.010389693981602473,0.0
0.1143693351094933,0.05240980385051349,-1.3649860919716208,-0.6248518426057195,15.24147724950167,0.00251120864896492,-0.002932188131214865,0.013066801788222024,0.0017690032925060585,0.05570305612056713,-0.01031807831275466,0.0
0.11762463645406383,0.052134339845190045,-1.3555758836286291,-0.6206318796405058,15.10986049261972,0.002471951935627337,-0.002926523506602808,0.013040459934880969,0.001766143542442155,0.05559377682586461,-0.010243058863454063,0.0
0.12097259363888899,0.05184552222207929,-1.345763114757913,-0.616213210682036,14.972711659232068,0.0024308691086099604,-0.0029205464947955548,0.013012679291956042,0.0017631250936615693,0.055478274558052106,-0.010164511679720552,0.0
0.12441584393278828,0.05154283440065961,-1.3355370510141507,-0.6115888743834157,14.829897446309161,0.00238789819986517,-0.0029142407479011683,0.012983386131802714,0.0017599395248662504,0.05535620952101374,-0.010082312182228414,0.0
0.12795709966932384,0.051225753093980864,-1.324887266178843,-0.6067519193647344,14.681290956372028,0.0023429775285865877,-0.0029075891650648467,0.012952503508064017,0.0017565780129642679,0.055227225715355655,-0.009996335623615921,0.0
0.13159915038337305,0.05089374970798416,-1.3138037055371568,-0.6016954363591928,14.52677278942934,0.0022960460013696027,-0.0029005738699785888,0.012919951180761719,0.0017530313192539403,0.05509095050804622,-0.009906457596761961,0.0
0.1353448650085145,0.050546291917912656,-1.3022767523817187,-0.5964125937609137,14.366232191196454,0.0022470434423246775,-0.0028931761892918286,0.012885645548154604,0.0017492897758118976,0.0549469942400289,-0.009812554596464535,0.0
0.13919719413695697,0.050182845431712135,-1.2902972974471247,-0.5908966767137082,14.199568254276677,0.0021959109542961405,-0.002885376632186758,0.012849499586732932,0.0017453432721965662,0.05479494988010824,-0.009714504636793759,0.0
0.1431591723437957,0.049802875949989694,-1.277856811039139,-0.5851411298612308,14.026691168106877,0.00214259131220238,-0.0028771548714144612,0.012811422800860853,0.0017411812425935037,0.05463439273424122,-0.0096121879261813,0.0
0.14723392057742116,0.04940585133162343,-1.2649474175825521,-0.5791396038555968,13.847523512540656,0.0020870293893474603,-0.0028684897261227033,0.01277132118372954,0.0017367926535454823,0.05446488022021936,-0.009505487602044938,0.0
0.15142464861796814,0.0489912439734783,-1.2515619722715396,-0.5728860056930869,13.662001588969147,0.0020291726173547854,-0.002859359146843984,0.012729097191443375,0.0017321659924280763,0.05428595171860707,-0.009394290526424053,0.0
0.15573465760573776,0.04855853341187013,-1.2376941394664402,-0.5663745529108932,13.470076781844186,0.0019689714801398622,-0.0028497402030527213,0.012684649732226702,0.001727289256850869,0.05409712851170086,-0.009278488143716998,0.0
0.16016734264158938,0.04810720915240411,-1.2233384724417424,-0.5595998316383242,13.271716942401575,0.0019063800420672631,-0.0028396090737434158,0.012637874172912112,0.0017221499451852554,0.05389791382317712,-0.009157977401154023,0.0
0.16472619546134434,0.04763677373358771,-1.2084904940519248,-0.5525568584484462,13.066907785272841,0.0018413565101269534,-0.002828941041527423,0.012588662365047631,0.0017167350484422529,0.05368779297199926,-0.009032661732111133,0.0
0.16941480718631355,0.04714674602815224,-1.193146777844816,-0.5452411459014691,12.855654287531115,0.001773863829611531,-0.002817710490794148,0.012536902693142182,0.0017110310437477932,0.053466233655042404,-0.008902452101758376,0.0
0.17423687115211117,0.04663666478429853,-1.1773050291168579,-0.5376487716093519,12.637982078559887,0.0017038703123805844,-0.0028058909105330852,0.01248248014774995,0.0017050238896884368,0.053232686373752364,-0.008767268113841062,0.0
0.17919618581798882,0.046106092407092264,-1.1609641653709377,-0.5297764505810896,12.413938807951974,0.0016313502963568724,-0.0027934549024658884,0.01242527642627667,0.0016986990238275147,0.05298658502096764,-0.008627039176606269,0.0
0.18429665775897455,0.045554618977947346,-1.1441243956057177,-0.5216216105307339,12.183595477473027,0.0015562848344117931,-0.0027803741951920825,0.012365170064568014,0.0016920413627201862,0.052727347644779154,-0.00848170572500806,0.0
0.18954230474317915,0.04498186650754903,-1.1267872978356084,-0.5131824697445027,11.947047721955768,0.001478662410263359,-0.0027666196651077793,0.01230203660251081,0.0016850353047855216,0.05245437740696225,-0.008331220495346976,0.0
0.194937258896692,0.0443874934146479,-1.1089558942128788,-0.5044581170105209,11.704417022857442,0.0013984796784285531,-0.0027521613649132788,0.012235748787037036,0.001677664736424576,0.052167063754060765,-0.008175549847423908,0.0
0.20048576995855769,0.04377119921991119,-1.0906347230978095,-0.49544859301436667,11.455851837123355,0.001315742224644678,-0.002736968560581706,0.012166176816064038,0.001669913041805061,0.05186478381961156,-0.008014675128111095,0.0
0.20619220862840293,0.04313272944041896,-1.0718299073995534,-0.4861549724970675,11.201528622981474,0.0012304653425016805,-0.0027210097777163726,0.012093188627026222,0.001661763116765253,0.05154690407622808,-0.007848594068967221,0.0
0.2120610700093435,0.042471880666450565,-1.052549218489454,-0.4765794463603173,10.941652743377523,0.001142674821313121,-0.002704252858277825,0.012016650233749001,0.001653197387322229,0.051212782256293506,-0.007677322209151361,0.0
0.21809697714888912,0.04178850579791694,-1.0328021349700236,-0.46672540278774366,10.676459226966223,0.001052407739500156,-0.0026866650287116134,0.011936426115476325,0.0016441978333012113,0.050861769559795184,-0.0075008943334266415,0.0
0.22430468468063083,0.04108251941315903,-1.0125998955670574,-0.45659750633319424,10.406213365952587,0.0009597132569763795,-0.0026682129805527914,0.011852379661883673,0.0016347460176338593,0.050493213167332275,-0.00731936591349849,0.0
0.23068908256958612,0.040353903237877804,-0.9919555453994854,-0.4462017738091813,10.131211129654675,0.0008646533992077053,-0.0026488629646217107,0.011764373677878047,0.0016248231219024875,0.05010645907549837,-0.007132814539314567,0.0
0.23725519996414396,0.03960271167670231,-0.9708839748720345,-0.43554564569365495,9.851779372484366,0.0007673038247892488,-0.002628580899955271,0.011672270951899016,0.0016144099887338923,0.049700855270637286,-0.006941341325280003,0.0
0.2440082091576504,0.03882907736437554,-0.9494019504301338,-0.4246380516644777,9.568275815166393,0.0006677545675403302,-0.002607332498636395,0.011575934891278852,0.0016034871716696542,0.04927575525534273,-0.0067450722746310345,0.0
0.2509534296627502,0.03803321668779104,-0.9275281364151413,-0.41348946877167186,9.281088778477594,0.0005661107432813158,-0.0025850834076895307,0.011475230227986273,0.0015920349931582039,0.04883052193997399,-0.006544159583487126,0.0
0.2580963324017018,0.03721543522420741,-0.9052831072619129,-0.40211197067230914,8.99063664965181,0.00046249321063606243,-0.0025617993691982198,0.011370023797755703,0.0015800336113265582,0.048364531908841116,-0.00633878286439405,0.0
0.26544254401595624,0.03637613303496378,-0.882689349290633,-0.3905192662858467,8.697367062901483,0.0003570391744182089,-0.0025374463997693657,0.011260185395183806,0.0015674630961946792,0.04787718006752367,-0.0061291502675134,0.0
0.2729978512984031,0.035515809748026,-0.8597712513617269,-0.3787267261840119,8.401755777309754,0.00024990271942583724,-0.0025119909904139197,0.011145588706842378,0.001554303515991414,0.047367884673987344,-0.005915499476045385,0.0
0.2807682057517685,0.03463506935679099,-0.8365550836876865,-0.3667513950140266,8.104305237691092,0.00014125526180894924,-0.0024854003278317487,0.01102611232380567,0.0015405350342162013,0.04683609275170587,-0.005698098551037791,0.0
0.2887597282767644,0.033734624656903835,-0.8130689641298102,-0.3546119882721558,7.8055428069387975,3.1285904609606186e-05,-0.0024576425379752988,0.010901640834206576,0.0015261380180628338,0.046281285877852414,-0.005477246599484088,0.0
0.29697871399367154,0.032815301237533144,-0.7893428113526503,-0.34232887180170196,7.506018661906203,-7.979831636913835e-05,-0.002428686952618231,0.010772065995512387,0.0015110931587789846,0.04570298633377048,-0.005253274238604008,0.0
0.30543163720116256,0.031878040938748055,-0.7654082842652354,-0.32992402249023434,7.206303349014553,-0.00019177231050705105,-0.002398504399466858,0.01063728798513884,0.0014953816044750321,0.04510076359835285,-0.005026543828489998,0.0
0.31412515647626754,0.030923904682536283,-0.7412987072474101,-0.3174209687897767,6.906985000546497,-0.0003043929483880549,-0.002367067516120255,0.010497216726792734,0.0014789851058160466,0.044474241157654304,-0.004797449444958863,0.0
0.3230661199194979,0.029954074581767694,-0.7170489807429505,-0.3048447098842778,6.608666217944749,-0.0004173992300854811,-0.002334351087904335,0.010351773288545252,0.0014618861749290217,0.04382310359605883,-0.004566416564535898,0.0
0.3322615705492686,0.028969855229248647,-0.6926954768993139,-0.2922216125836034,6.311960634345542,-0.0005305126195891476,-0.0023003324092725954,0.010200891347089187,0.0014440682577309205,0.04314710392565159,-0.004333901434090064,0.0
0.34171875184985556,0.02797267406814623,-0.6682759200480842,-0.279579285333797,6.017489174967206,-0.0006434375586861236,-0.00226499166807802,0.010044518710922415,0.0014255159197298884,0.04244607110118295,-0.004100390098803088,0.0
0.35144511347726926,0.026964080745696246,-0.6438292519506716,-0.26694642909876076,5.725876040743387,-0.0007558621727585605,-0.002228312351573515,0.009882618893337254,0.0014062150451693205,0.04171991765823855,-0.0038663970639618906,0.0
0.3614483171275303,0.02594574535448253,-0.6193954818810726,-0.25435266528657163,5.437744447613041,-0.0008674591798063608,-0.0021902816724909033,0.00971517272408708,0.0013861530491708247,0.04096864740207718,-0.003632463568578114,0.0
0.3717362425719814,0.024919455469896632,-0.5950155217813634,-0.24182834135950057,5.153712160997966,-0.0009778870125219247,-0.002150891012979509,0.009542179986467954,0.001365319102285578,0.040192363064216495,-0.003399155452118802,0.0
0.38231699386437595,0.0238871118988843,-0.57073100690557,-0.2294043152734021,4.8743868720295485,-0.0010867911614220636,-0.002110136383555999,0.009363661064311423,0.0013437043665832922,0.039391273833424695,-0.0031670605997302427,0.0
0.39319890572464306,0.022850723063943736,-0.5465841025626628,-0.21711172042979685,4.600361468822223,-0.0011938057448711277,-0.002068018893529519,0.009179658581067564,0.0013213022420934383,0.03856570265754223,-0.0029367859562866943,0.0
0.40439055010435015,0.021812397957747528,-0.5226172977781733,-0.20498171338044516,4.332209262304239,-0.0012985553093063228,-0.0020245452286254692,0.008990239010801452,0.001298108622065137,0.037716093202766754,-0.0027089541054212646,0.0
0.4159007429390459,0.02077433761785214,-0.4988731869142981,-0.1930452070848059,4.0704792315668135,-0.0014006568601077523,-0.0019797281307445415,0.008795494238575903,0.0012741221551317993,0.03684301634797965,-0.0024841994163956006,0.0
0.42773855109278824,0.019738825087837298,-0.4753942405176584,-0.18133259306865576,3.8156913581361285,-0.001499722120356897,-0.0019335868739715882,0.008595543045406077,0.0012493445120570707,0.03594717608370743,-0.002263163769217628,0.0
0.43991329950033947,0.018708213850925588,-0.452222566899011,-0.16987345634854872,3.5683321217690995,-0.001595360011223113,-0.0018861477301048415,0.008390532490803853,0.0012237806543042094,0.03502941467872885,-0.002046491876768686,0.0
0.45243457851264474,0.01768491474464941,-0.42939966618623043,-0.15869628745184863,3.3288502321003492,-0.0016871793439435794,-0.0018374444161275336,0.008180639163954397,0.0011974391012177885,0.03409071697255199,-0.0018348262317725028,0.0
0.46531225145139427,0.016671381390354796,-0.40696617882654135,-0.147828196255267,3.0976526705291727,-0.0017747917093636756,-0.0017875185152119997,0.007966070272862513,0.0011703321921425179,0.0331322136493566,-0.0016288017161085807,0.0
0.478556462378603,0.01567009419907094,-0.3849616307414704,-0.13729463266602737,2.8751011149759487,-0.001857814546838899,-0.001736419862056268,0.0077470645394666525,0.0011424763393390195,0.03215518334892901,-0.0014290399200872538,0.0
0.49217764408734016,0.014683543045229164,-0.3634241775527098,-0.12711911935998768,2.66150881645255,-0.0019358743700323305,-0.0016842068826334723,0.0075238928678352255,0.0011138922671029372,0.031161053472968752,-0.001236143229665113,0.0
0.5061865263199,0.01371420873148417,-0.34239035049355565,-0.11732300185360865,2.45713799073792,-0.002008610122849533,-0.0016309468778186184,0.007296858752223227,0.0010846052320657492,0.030151399551274567,-0.001050688749952305,0.0
0.5205941442198817,0.012764543400943774,-0.32189480679259685,-0.1079252211081533,2.2621977808571603,-0.002075676634519425,-0.001576716239881201,0.007066298392069009,0.0010546452192697,0.029127943042030514,-0.000873222143470077,0.0
0.5354118470248508,0.011836950086795126,-0.30197008745744597,-0.09894211363565943,2.076842836627752,-0.0021367481387451043,-0.0015216005905347523,0.006832580482054191,0.0010240471082835524,0.028092547453944655,-0.0007042514711440146,0.0
0.5506513070064117,0.01093376162285998,-0.2826463854903441,-0.09038724369309513,1.9011725464364957,-0.0021915218180074587,-0.0014656948291563324,0.006596105647241913,0.000992850803381106,0.027047212695526644,-0.0005442411326216992,0.0
0.5663245286647467,0.010057219171113877,-0.26395132762777107,-0.08227127161524597,1.7352309438992466,-0.0022397213306024756,-0.0014091030799710034,0.006357305496121836,0.0009611013216617964,0.025994067578375826,-0.0003936060098121918,0.0
0.5824438581848539,0.009209450652674898,-0.24590977270672898,-0.07460186165639605,1.5790072984717942,-0.0022811002749254174,-0.001351938527478851,0.006116641268163564,0.0009288488329735534,0.024935360426945663,-0.0002527059231779284,0.0
0.5990219931619494,0.008392449396117338,-0.22854362971547604,-0.06738363190004469,1.4324373847879603,-0.002315445542971732,-0.0012943231302220998,0.005874602057260136,0.0008961486456240381,0.02387344777666044,-0.00012184051388275328,0.0
0.616071992603674,0.007608053340051427,-0.2118716984811981,-0.06061814787545073,1.2954054109042767,-0.002342580513089659,-0.0012363872041785211,0.00563170259829473,0.0008630611321591296,0.0228107811751477,-1.2446660456199528e-06,0.0
0.6336072872169982,0.006857925144552658,-0.19590953577766254,-0.054303960516024284,1.1677465712587052,-0.002362368030767483,-0.001178268868647999,0.005388480610975927,0.0008296515899660512,0.021749892137219656,0.0001089154182702771,0.0
0.651641689987919,0.006143533577068881,-0.1806693493998923,-0.04843668803874836,1.0492501764913966,-0.0023747131257311803,-0.0011201133494863245,0.005145493702944324,0.0007959900321358936,0.02069337534243842,0.00020854538337409563,0.0
0.670189407062298,0.005466136541765741,-0.16615992244961986,-0.04300914025078059,0.9396632996059675,-0.002379565413917864,-0.00106207213693485,0.004903315842858028,0.0007621509049057911,0.019643870203825017,0.00029762502355091495,0.0
0.6892650489363895,0.004826766115906159,-0.15238656970595632,-0.038011482736291555,0.8386948668647016,-0.0023769211340147786,-0.0010043019980804264,0.004662533423678707,0.0007282127291016642,0.018604040976583604,0.00037620963726962825,0.0
0.7088836419658919,0.004226215941966837,-0.1393511275235348,-0.03343143738113882,0.7460201129185505,-0.002366824770240537,-0.0009469638471237825,0.004423740946499497,0.0006942576643150254,0.01757655561554281,0.00044443035806333674,0.0
0.7290606402025817,0.003665031299194075,-0.12705197821077105,-0.029254514791774943,0.6612853126497761,-0.0023493702159129086,-0.0008902214800872217,0.004187536365605017,0.0006603709960544023,0.016564063628207688,0.0005024934062048042,0.0
0.7498119375678466,0.0031435021429056373,-0.11548410930135505,-0.025464273391559655,0.5841126976432671,-0.0023247014361055768,-0.0008342401842816075,0.00395451614580786,0.0006266405477921293,0.01556917320565526,0.00055067822640463,0.0
0.7711538803727309,0.00266165935413067,-0.1046392075523165,-0.022042599361602397,0.5141054639287581,-0.0022930125923493897,-0.0007791852366826435,0.003725270093308,0.0005931560216552473,0.014594427944736437,0.0005893345005085839,0.0
0.7931032801943232,0.002219274386633973,-0.09450578689409153,-0.01897000115760453,0.4508527780015977,-0.0022545475978802344,-0.0007252203092281775,0.0035003760308613663,0.0005600082734375495,0.013642283500969887,0.0006188780500027961,0.0
0.8156774271186552,0.0018158624339014472,-0.08506934893599692,-0.016225912094793776,0.3939346913382353,-0.002209599078372781,-0.0006725058028170817,0.003280394396402679,0.0005272885295767185,0.012715084530987847,0.0006397856703474797,0.0
0.8388941033605247,0.001450689166628917,-0.07631257401068366,-0.01378899445778176,0.3429268802758353,-0.0021585067204199573,-0.0006211971353195964,0.0030658628513801707,0.0004950875556977272,0.011815042295457491,0.0006525889669206124,0.0
0.8627715972709962,0.0011227810134082422,-0.06821554014120647,-0.011637438760157106,0.29740513478833386,-0.00210165499821463,-0.0005714430120478327,0.00285729099052399,0.00046349478820393675,0.010944213297297925,0.0006578672897396122,0.0
0.8873287177435816,0.0008309388758072445,-0.06075596675264743,-0.00974925214060176,0.2569495299233271,-0.002039470277950948,-0.0005233837097435351,0.002655155247869673,0.00043259744210599526,0.010104479325225386,0.0006562398901455128,0.0
0.9125848090304755,0.0005737550863523172,-0.05390947944525841,-0.008102530420845074,0.22114822525043282,-0.001972417309367845,-0.0004771494070656095,0.0024598940946915795,0.0004024796097584402,0.009297529258973106,0.000648357446269885,0.0
0.9385597659804938,0.00034963333683096364,-0.047649891714566184,-0.006675709041627116,0.189600847943624,-0.001900995124567694,-0.00043285859566735295,0.002271903623439721,0.0003732213663620681,0.008524842969953933,0.0006348931243424821,0.0
0.965274049710751,0.00015681122770269015,-0.04194949916175332,-0.005447788905674103,0.16192142969313297,-0.001825732375688493,-0.00039061660615126643,0.0020915336071162596,0.0003448978988830778,0.007787677620025472,0.0006165333588128595,0.0
0.9927487037243807,-6.614979756235258e-06,-0.03677938149713614,-0.004398534057241948,0.13774087861124581,-0.0017471821550715506,-0.0003505142823855391,0.001919084116323744,0.00031757867541278554,0.0070870566219021205,0.0005939685450093914,0.0
1.0210053704870292,-0.00014266388597859747,-0.03210970751239988,-0.0035086390784786464,0.11670897978138864,-0.0016659163540727042,-0.0003126268358144339,0.0017548027665320602,0.0002913266719058426,0.0064237614786436786,0.0005678838430484128,0.0
1.0500663084751527,-0.0002534412740151299,-0.02791003818881855,-0.0027598650460750824,0.09849593068498813,-0.0015825196293725572,-0.00027701290851615004,0.0015988826555835699,0.00026619767261989573,0.005798326667551877,0.000538950290487977,0.0
1.0799544097095837,-0.0003411117843344936,-0.024149623223942082,-0.0021351438297461827,0.08279342580418543,-0.0014975830582351476,-0.00024371386987427247,0.0014514610371985292,0.0002422396594872631,0.005211037677315721,0.0005078164137296859,0.0
1.1106932177881348,-0.0004078705145980904,-0.02079768649312677,-0.0016186513937110386,0.06931531666103592,-0.001411697576256588,-0.00021275336693676958,0.0013126187601949846,0.00021949230406395574,0.004661932247564821,0.0004751005144564906,0.0
1.1423069464314755,-0.00045591511418918885,-0.017823696309508162,-0.001195851553317608,0.05779787818888707,-0.0013254473022654382,-0.00018413714298271268,0.0011823804856917852,0.0001979865736429353,0.004150804798798774,0.00044138378791915836,0.0
1.1748204985568822,-0.0004874189247632659,-0.0151976167931201,-0.0008535123178388473,0.047999720685572435,-0.0012394028646455528,-0.00015785313264081365,0.0010607156769921458,0.00017774446070994984,0.0036772139792683417,0.0004072044052593086,0.0
1.2082594858948745,-0.0005045056828825301,-0.012890137191013134,-0.0005796974997428575,0.039701389053184585,-0.001154114850860557,-0.00013387183534456715,0.0009475403388538049,0.00015877884215220555,0.0032404931951312364,0.0003730526631728829,0.0
1.242650249164223,-0.0005092262506462605,-0.010872876590280512,-0.0003637366787355136,0.032704694682379,-0.0010701075067676132,-0.0001121469621511588,0.0008427194659016419,0.00014109347167178747,0.002839763932974023,0.00033936727233739925,0.0
1.2780198788211774,-0.0005035377767579915,-0.00911856211021352,-0.00019617687296034325,0.026831825868880367,-0.000987872813859944,-9.261634424659485e-05,0.0007460701441080234,0.00012468310576259258,0.0024739516304388524,0.0003065328222937375,0.0
1.3143962363992945,-0.0004892856165130609,-0.007601179328310538,-6.871939228474206e-05,0.02192428232363547,-0.0009078650703890069,-7.520308503820634e-05,0.0006573652351759963,0.00010953376049240972,0.002141803802687862,0.0002748784263299109,0.0
1.3518079764566482,-0.0004681882575237544,-0.006296094363006552,2.585466059910683e-05,0.01784167780606914,-0.0008304960960201726,-5.981693179510086e-05,0.0005763375620217636,9.562309333127038e-05,0.0018419100906439687,0.00024467751665826283,0.0
1.3902845691477506,-0.00044182541140401114,-0.005180147679987297,9.376690160226023e-05,0.014460452039633465,-0.000756131169056258,-4.635583755792386e-05,0.000502684504228008,8.29209014174721e-05,0.0015727238617945084,0.00021614872896959852,0.0
1.4298563234379118,-0.000411629343822795,-0.0042317202916534475,0.00014032907508864512,0.011672529595247554,-0.0006850857903186798,-3.470767961983241e-05,0.000436072906177138,7.138972512470871e-05,0.0013325849671420587,0.0001894577875955972,0.0
1.4705544109783693,-0.0003788794295941575,-0.0034307735642710403,0.0001700325524616312,0.009383959459235765,-0.0006176233487561287,-2.475209744989216e-05,0.0003761441969839105,6.0985543570545556e-05,0.0011197432394207526,0.0001647202790151932,0.0
1.5124108906609577,-0.0003446998384561492,-0.0027588643182346892,0.0001866374701308731,0.007513564078664831,-0.0005539537412646881,-1.6362410532808222e-05,0.00032251962091223125,5.165854693250407e-05,0.0009323823081408858,0.00014200518294460085,0.0
1.555458733871709,-0.00031006018334638665,-0.002199137294051557,0.0001932594516501245,0.005991622682927848,-0.000494232973781913,-9.407575321163228e-06,0.00027480547896538806,4.3353969070623175e-05,0.0007686433066306585,0.00012133901719589268,0.0
1.5997318504632196,-0.0002757788984106513,-0.001736297355141723,0.0001924522660215893,0.00475860814382261,-0.000438563743393833,-3.7541403026933274e-06,0.0002325982870589855,3.601296308218296e-05,0.0006266480552777992,0.00010271044508523364,0.0
1.6452651154662874,-0.0002425290604157254,-0.0013565640055376446,0.00018628517540263944,0.0037639930443260404,-0.0003869969730859278,7.318409224243148e-07,0.0001954897629207285,2.957350198253199e-05,0.0005045213238505188,8.607519240196456e-05,0.0
1.692094396561823,-0.00021084632577582498,-0.0010476109213868497,0.00017641410579909722,0.0029651356506427513,-0.00033953424311703183,4.182976747887307e-06,0.0001630715624353652,2.3971286741917924e-05,0.00040041180393637216,7.13611245135793e-05,0.0
1.7402565823347322,-0.00018113862627663733,-0.000798493230301769,0.00016414611971835561,0.0023262531329517294,-0.00029613103706222985,6.7288201943693666e-06,0.00013493969616975841,1.9140644365594976e-05,0.00031251145938402335,5.847334246998645e-05,0.0
1.7897896113319542,-0.00015369724965070457,-0.0005995652317583595,0.00015049697187332478,0.0018174858879362742,-0.000256700697545382,8.494298695911824e-06,0.0001106985676386432,1.5015399552041073e-05,0.00023907296726108807,4.7299169249719134e-05,0.0
1.8407325019475982,-0.00012870892623801478,-0.00044239114783144824,0.00013624178338820104,0.0014140537845407947,-0.00022111896762928537,9.598318265728537e-06,8.996458671834242e-05,1.1529704676027702e-05,0.00017842501347377674,3.771291281931152e-05,0.0
1.8931253831587025,-0.0001062685493764542,-0.00031965133317309144,0.00012195907308394234,0.001095503013133782,-0.00018922897964084452,1.0152564191359391e-05,7.236932315926581e-05,8.618814346965605e-06,0.0001289852645512739,2.9580310596898767e-05,0.0
1.94700952613581,-8.63921735930646e-05,-0.00022504616981280584,0.00010806853768130341,0.00084504017152507,-0.00016084654448875866,1.0260514953872046e-05,5.7562177394395975e-05,6.219792569340474e-06,8.927089822834038e-05,2.276257924926179e-05,0.0
2.002427376753313,-6.902995973799332e-05,-0.00015319963995807288,9.486307990568561e-05,0.0006489487962651769,-0.00013576559157213276,1.0016680163484554e-05,4.521255685142193e-05,4.2721425150764976e-06,5.790663841012377e-05,1.712001361734248e-05,0.0
2.059422589025106,-5.407876860328316e-05,-9.956431623325533e-05,8.253564832119779e-05,0.0004960826042184399,-0.00011376361217066185,9.506067387850554e-06,3.501155754982902e-05,2.7183510570781006e-06,3.363030299634871e-05,1.2515098191622743e-05,0.0
2.1180400594919413,-4.139414269722673e-05,-6.032924414423715e-05,7.120148131626997e-05,0.0003774290257241376,-9.460696743901843e-05,8.80387665294545e-06,2.6673160422794576e-05,1.5043424664733132e-06,1.5295933704646018e-05,8.815113220683759e-06,0.0
2.17832596258753,-3.080145801935834e-05,-3.233192671512697e-05,6.091634715486188e-05,0.0002857362798181225,-7.80559351961298e-05,7.975415607966274e-06,1.9934961551626966e-05,5.798379824214097e-07,1.8746333138517417e-06,5.894234621861652e-06,0.0
2.2403277870113123,-2.2106072417712656e-05,-1.2975363228472267e-05,5.169134892725536e-05,0.00021519720230659737,-6.386938676656796e-05,7.076222829665565e-06,1.4558463783346607e-05,-1.013797312275999e-07,-7.5467141154883235e-06,3.635141946977125e-06,0.0
2.3040943731364663,-1.5102342976550982e-05,-1.5084892268412698e-07,4.3504823829139465e-05,0.0001611831824187434,-5.1809005196137227e-05,6.152381615440314e-06,1.0328963785573945e-05,-5.812959767222276e-07,-1.3768622005098189e-05,1.930161448618491e-06,0.0
2.3696759514826877,-9.581430356882214e-06,7.832984968895087e-06,3.631181619291219e-05,0.00012002186323076261,-4.164297813037609e-05,5.2410024605937645e-06,7.055075574565898e-06,-8.975838554424518e-07,-1.7483827497695984e-05,6.81981592105328e-07,0.0
2.4371241822839975,-5.337851583246947e-06,1.2314617688861134e-05,3.0051548099221338e-05,8.881268357675549e-05,-3.3149121389664126e-05,4.370848622675521e-06,4.567934922279672e-06,-1.0836091663967544e-06,-1.9283490216994247e-05,-1.9601393226419147e-07,0.0
2.506492196182815,-2.1747832748351415e-06,1.4337480853372016e-05,2.465325436630947e-05,6.527482611303574e-05,-2.6117411717978762e-05,3.563076692767118e-06,2.720133049906781e-06,-1.1685132422596297e-06,-1.9664475482827675e-05,-7.79745453802851e-07,0.0
2.577834636082263,9.18462723387238e-08,1.4701261800650056e-05,2.0040693244317675e-05,4.7622675478205846e-05,-2.035192835365978e-05,2.8320624962077694e-06,1.3844298958975768e-06,-1.1773651122341009e-06,-1.903743102111718e-05,-1.1347157628365544e-06,0.0
2.6512077001897456,1.6304064286449566e-06,1.4006866677220795e-05,1.6135592293666133e-05,3.446441935055487e-05,-1.567222214769133e-05,2.1862819219295747e-06,4.52297047687807e-07,-1.1313732072845194e-06,-1.773537313750221e-05,-1.3165140583928647e-06,0.0
2.7266691862856494,2.5916593850250498e-06,1.2695348139074134e-05,1.2860242468772843e-05,2.4719975698360808e-05,-1.1914147300754949e-05,1.6292169544994454e-06,-1.6765970718401812e-07,-1.0481459901880715e-06,-1.602251378592062e-05,-1.3714929212931464e-06,0.0
2.8042785372521153,3.1077855194404125e-06,1.1081184222150648e-05,1.0139413105756101e-05,1.755491691856032e-05,-8.93020397708062e-06,1.1602586750304731e-06,-5.513505337609592e-07,-9.419904197313469e-07,-1.410308281335265e-05,-1.3375686008030731e-06,0.0
2.8840968878976514,3.2922099241208233e-06,9.38035405875895e-06,7.901726291919341e-06,1.232756189474542e-05,-6.589449856003344e-06,7.755813710652692e-07,-7.608802142542374e-07,-8.242370505402694e-07,-1.2129928878807527e-05,-1.2450990174343804e-06,0.0
2.9661871131145405,3.2400935708811174e-06,7.733694337169732e-06,6.080600964222894e-06,8.546807494516324e-06,-4.777045068859755e-06,4.6896524880099545e-07,-8.462149458210512e-07,-7.035808183368992e-07,-1.0212715893392442e-05,-1.1177989008957021e-06,0.0
3.0506138774069567,3.029350741890001e-06,6.226040051775319e-06,4.614854397534082e-06,5.838688971215949e-06,-3.3934980820423743e-06,2.3254912600415394e-07,-8.468018662864857e-07,-5.864271413203712e-07,-8.42556757997388e-06,-9.736570811523416e-07,0.0
3.1374436858287713,2.722057970340839e-06,4.901656387173898e-06,3.449030874392155e-06,3.919973081893161e-06,-2.353680214383345e-06,5.7498753314963724e-08,-7.931115407745493e-07,-4.772338450895026e-07,-6.814049638926445e-06,-8.258269260629034e-07,0.0
3.2267449363712704,2.366127846058572e-06,3.77645756645235e-06,2.5335135769795056e-06,2.5773875439913452e-06,-1.5856740102886482e-06,-6.541902020124639e-08,-7.080793676671319e-07,-3.788405421650232e-07,-5.401415137201438e-06,-6.834669398910669e-07,0.0
3.318587973841922,1.9971327609451958e-06,2.8474858668122873e-06,1.8244654134750422e-06,1.6513731315627662e-06,-1.0295160981012823e-06,-1.453614890402406e-07,-6.084278160372814e-07,-2.927784096033034e-07,-4.19407271679376e-06,-5.525143665608501e-07,0.0
3.4130451452767367,1.6401781961713375e-06,2.100093208644419e-06,1.2836366345871912e-06,1.0233877893896308e-06,-6.358889486297451e-07,-1.9103563386761842e-07,-5.058571869518968e-07,-2.1955474515499756e-07,-3.186268060138965e-06,-4.36380119020282e-07,0.0
3.5101908569297917,1.3117416102139148e-06,1.5132308573782697e-06,8.780710693451295e-07,6.060559691680457e-07,-3.6480862090934966e-07,-2.104209479242622e-07,-4.080981961875383e-07,-1.5890817792718618e-07,-2.363995973546415e-06,-3.3655834896774444e-07,0.0
3.6101016328849225,1.0214101839267117e-06,1.0632108773317377e-06,5.797382188344786e-07,3.3555800588692347e-07,-1.843476250405263e-07,-2.10583133113042e-07,-3.198247085010893e-07,-1.1003189833594081e-07,-1.7081826068024009e-06,-2.531483155764656e-07,0.0
3.7128561753356126,7.734679511597561e-07,7.262588673308611e-07,3.6511485356727723e-07,1.6573865870018782e-07,-6.942389021197807e-08,-1.97569455235567e-07,-2.434292650674685e-07,-7.176369388330798e-08,-1.1971946869648632e-06,-1.8528988943559043e-07,0.0
3.818535426580676,5.682990034621257e-07,4.801344769758312e-07,2.147364585389905e-07,6.36001256104894e-08,-6.788794362969829e-10,-1.7637458367119527e-07,-1.7966785299656117e-07,-4.274287852457862e-08,-8.087447434431476e-07,-1.315169188155927e-07,0.0
3.9272226327844786,4.035884136582231e-07,3.0505435851707727e-07,1.127358290140847e-07,5.8807698873228865e-09,3.653954710330304e-08,-1.5096449324088716e-07,-1.281833018311633e-07,-2.153534032619802e-08,-5.21268963002184e-07,-9.003491441156936e-08,0.0
4.039003409552053,2.753157830069877e-07,1.8410903264820772e-07,4.6384064544165737e-08,-2.3557906293029508e-08,5.308061912754668e-08,-1.2434542210005843e-07,-8.791872804916236e-08,-6.728873112114634e-09,-3.1485788560241106e-07,-5.8931099834248793e-08,0.0
4.153965809370598,1.7854686474246988e-07,1.0332825495417043e-07,5.646655289975048e-09,-3.5710149016935634e-08,5.677738995703987e-08,-9.866506189324164e-08,-5.743386827854775e-08,2.9983138264448237e-09,-1.718194259901336e-07,-3.6325734947934243e-08,0.0
4.272200390970624,1.0803714963224331e-07,5.151989836064388e-08,-1.7235909137808367e-08,-3.789523296854892e-08,5.311841637984477e-08,-7.533395442548021e-08,-3.513786383207105e-08,8.832509438047561e-09,-7.695019617742892e-08,-2.0473987332681244e-08,0.0
4.39380029066127,5.8667167226456524e-08,1.9978715275028605e-08,-2.8136255109863e-08,-3.484105499051748e-08,4.5809870312503154e-08,-5.5156291501073336e-08,-1.945205733418007e-08,1.1799153006934686e-08,-1.7584995870994633e-08,-9.827492066841419e-09,0.0
4.518861295696139,2.573310786287226e-08,2.129159066008343e-09,-3.139081052550885e-08,-2.9483718525288462e-08,3.72363693506557e-08,-3.846089088863419e-08,-8.915842594166864e-09,1.275345253020488e-08,1.651323177364875e-08,-3.0642821955209774e-09,0.0
4.647481919727249,5.117997535064086e-09,-6.849053757733243e-09,-3.010979413255845e-08,-2.3550998684489664e-08,2.8830678777237275e-08,-2.5224961098007264e-08,-2.247719895205138e-09,1.2383292187558886e-08,3.336950990505387e-08,9.050067131192164e-10,0.0
4.779763480406694,-6.631156017278669e-09,-1.0376651219013002e-08,-2.644632984698326e-08,-1.7979089357025228e-08,2.1363481200954492e-08,-1.518519917664325e-08,1.6274929627818947e-09,1.1220997742056672e-08,3.9074506351840465e-08,2.9476646561049957e-09,0.0
4.915810179197071,-1.2296482354482989e-08,-1.0792459658920562e-08,-2.182537486248862e-08,-1.320366924136315e-08,1.5164759692847374e-08,-7.932663697157636e-09,3.5757546259623597e-09,9.660886727062502e-09,3.8088662573195046e-08,3.730286368263931e-09,0.0
5.055729183453521,-1.4031091568656288e-08,-9.630645575078497e-09,-1.7132432107781547e-08,-9.3585700137407e-09,1.0288122150909377e-08,-2.989624540649905e-09,4.267170577472786e-09,7.979967412805724e-09,3.354606786226104e-08,3.746173511844523e-09,0.0
5.199630710842162,-1.3431470756027864e-08,-7.842247262241486e-09,-1.2867743112248286e-08,-6.409244336816185e-09,6.628712441068161e-09,1.3188041530483353e-10,4.199133319525762e-09,6.359640282006882e-09,2.7539470174230393e-08,3.345056492847174e-09,0.0
5.347628116161243,-1.1625466045609124e-08,-5.973715440317124e-09,-9.267596966643081e-09,-4.238886000524239e-09,4.00440583330311e-09,1.8887933681070033e-09,3.7241732695084705e-09,4.9067455643763855e-09,2.1374332730391987e-08,2.7623790438499674e-09,0.0
5.49983798063354,-9.36436477444252e-09,-4.306411280158694e-09,-6.396242307732815e-09,-2.701142304972825e-09,2.208808423749845e-09,2.6811617617036346e-09,3.0787851760494064e-09,3.6727819382467826e-09,1.578550409700188e-08,2.146274713508858e-09,0.0
5.656380203740238,-7.110853470052886e-09,-2.9525815232818195e-09,-4.215347264913418e-09,-1.6508944362121131e-09,1.0433116985632292e-09,2.839117544619748e-09,2.4106697743515957e-09,2.670563140467675e-09,1.1114482148284836e-08,1.5811086877948834e-09,0.0
5.817378097668783,-5.117324865688862e-09,-1.9251662691866705e-09,-2.6334860654733404e-09,-9.60130367712502e-10,3.342193597557094e-10,2.619892562568971e-09,1.802805569562408e-09,1.887947534391714e-09,7.448335634412405e-09,1.1070198867373485e-09,0.0
5.982958484448901,-3.4917662570213178e-09,-1.1912030571528724e-09,-1.537337063883263e-09,-5.237747133686703e-10,-6.025146515642249e-11,2.2120321812674413e-09,1.2935485084275517e-09,1.2985856954518707e-09,4.723906819342077e-09,7.354193715777564e-10,0.0
6.1532517958534845,-2.2502356814095204e-09,-6.924918220128022e-10,-8.149963543659956e-10,-2.607324887782803e-10,-2.494162823631353e-10,1.7441873138514073e-09,8.925591632879134e-10,8.698712885149353e-10,2.802072511596474e-09,4.6069376785336863e-10,0.0
6.3283921761428745,-1.3563490178587747e-09,-3.728905416810865e-10,-3.6526891077708875e-10,-1.106511630119096e-10,-3.132312969913587e-10,1.2962289325328061e-09,5.927677976957072e-10,5.684116192517728e-10,1.5174296082973316e-09,2.685686644340914e-10,0.0
6.508517587733695,-7.493111674516013e-10,-1.787573148087278e-10,-1.0529279360825993e-10,-3.1335275794384534e-11,-3.0717110746714e-10,9.109019392937952e-10,3.7885432721206994e-10,3.6345548648767694e-10,7.089449602938499e-10,1.4172597547323863e-10,0.0
6.693769919875216,-3.623498825875339e-10,-6.932653754524946e-11,2.9996033336468934e-11,6.0047609519508615e-12,-2.6754895600079194e-10,6.047259912070941e-10,2.3284674231393693e-10,2.287116154459431e-10,2.364939350861508e-10,6.325782451173179e-11,0.0
6.8842951004190445,-1.3360877500628847e-10,-1.3315382355881878e-11,8.826013381923695e-11,2.008955534945682e-11,-2.1653236931607584e-10,3.773446434541525e-10,1.3748480016170802e-10,1.4300817678023443e-10,-1.241890491143637e-11,1.8513243703750257e-11,0.0
7.0802432107701225,-1.1453329975602728e-11,1.181325330893287e-11,1.024839198092185e-10,2.2515766799517737e-11,-1.6642467583774422e-10,2.1893704860307494e-10,7.795625912692183e-11,9.017006730901136e-11,-1.222809382281408e-10,-4.179871707224312e-12,0.0
7.281768604109507,4.379922242026622e-11,1.931834850715215e-11,9.470293840795198e-11,1.9858122409753437e-11,-1.230639501110446e-10,1.1563076982904818e-10,4.252937743778309e-11,5.843513978246373e-11,-1.5258506785989996e-10,-1.3467667452173103e-11,0.0
7.489030026982287,6.060146571382708e-11,1.8954307046796368e-11,7.785279504879302e-11,1.5481664987136077e-11,-8.836307932579937e-11,5.3083024625063444e-11,2.2502568841265662e-11,3.9662167837894035e-11,-1.426358524155393e-10,-1.535030581873372e-11,0.0
7.702190744346106,5.7796024672582975e-11,1.54573884470569e-11,5.952496680741647e-11,1.1195065567893447e-11,-6.207929213474551e-11,1.8551220422791912e-11,1.1792690473159134e-11,2.849399422526782e-11,-1.1638621479240587e-10,-1.3679612791139481e-11,0.0
7.92141866817905,4.69613477546014e-11,1.0974329062361822e-11,4.3263732749998054e-11,7.764115988582937e-12,-4.2974899857446064e-11,1.845129459577196e-12,6.39030136168332e-12,2.1593322307835043e-11,-8.714789399503037e-11,-1.0742093468490832e-11,0.0
8.146886489748006,3.456631915827843e-11,7.600076399478865e-12,3.020835679528172e-11,5.14942339711152e-12,-2.9517742471444056e-11,-4.497739920163244e-12,3.8099938193748275e-12,1.700668756879291e-11,-6.134096679871334e-11,-7.759024414855412e-12,0.0
8.378771815641947,2.3635124045321922e-11,5.065032514806752e-12,2.0590682390576193e-11,3.3537749293418046e-12,-2.0250982089856397e-11,-5.5117055365043145e-12,2.6082038646296415e-12,1.3665492371153561e-11,-4.115828743393579e-11,-5.258371851508376e-12,0.0
8.617257307676978,1.5322096625296447e-11,2.9478541808133896e-12,1.3920545541210725e-11,2.1508280859412126e-12,-1.395999567205223e-11,-4.287013661483932e-12,2.0134486633259307e-12,1.103036628547784e-11,-2.672289720974087e-11,-3.404601452796469e-12,0.0
8.862530826783608,9.455735205609812e-12,1.7152910798049426e-12,9.349715771796572e-12,1.391006127615232e-12,-9.714571948828863e-12,-2.522730265655623e-12,1.651371572578745e-12,8.854128723195845e-12,-1.6918072422979262e-11,-2.117401301951441e-12,0.0
9.114785580989393,5.700525155067253e-12,9.93778038323509e-13,6.2890738246286235e-12,8.884573356345214e-13,-6.842028708989203e-12,-9.986269763227123e-13,1.3673511366654914e-12,7.0304133977876974e-12,-1.067064899160496e-11,-1.296415888180411e-12,0.0
9.374220277613782,3.395100288517718e-12,5.163519540790459e-13,4.137858138869109e-12,5.826114767328542e-13,-4.8787840327674645e-12,3.438242884085096e-14,1.1115385325371018e-12,5.511717947431038e-12,-6.787784972803584e-12,-7.910758782770511e-13,0.0
9.641039279794736,1.995685790453415e-12,3.9870160703277163e-13,2.552639983662093e-12,3.811195088074261e-13,-3.5170042191172014e-12,5.959038698328812e-13,8.785717983025492e-13,4.2686459117556425e-12,-4.37488829641057e-12,-4.82232776545231e-13,0.0
9.915452767470663,1.2278796984662256e-12,3.463595489676059e-13,1.7458914190428183e-12,2.5946051261921e-13,-2.5560378171394174e-12,8.04674468970317e-13,6.745175987414347e-13,3.2714978684936226e-12,-2.9387203946509684e-12,-3.0776486915266235e-13,0.0
10.197676902944291,8.318160533495169e-13,2.0025709211499382e-13,1.8181459813107873e-12,1.827933728707652e-13,-1.866873039754603e-12,8.001693844986716e-13,5.046433660599097e-13,2.4867214175378617e-12,-2.085521681139415e-12,-2.1261105202426683e-13,0.0
10.48793400115918,5.552832341469428e-13,8.044735773913107e-14,1.5600581765082325e-12,1.2722500813139739e-13,-1.3665341228110238e-12,7.054934088369184e-13,3.698081720886316e-13,1.879442974378408e-12,-1.482396757819887e-12,-1.4593147564299861e-13,0.0
10.786452704822642,3.8513523333851976e-13,5.195696130937604e-15,2.8712850291896635e-13,8.837339580158279e-14,-1.0004149323622285e-12,5.786199224667918e-13,2.668988827114367e-13,1.4155937874182252e-12,-1.0739548575164754e-12,-1.0321449830484812e-13,0.0
11.093468164513272,3.039841673408311e-13,-4.979899506288981e-15,5.649521847982472e-13,6.154956519733243e-14,-7.315797563307942e-13,4.306502001019945e-13,1.9076136586010445e-13,1.0646898750399455e-12,-8.171794664059997e-13,-7.996419929316673e-14,0.0
11.409222223914924,2.1819602900229867e-13,3.171168179243637e-14,1.0179247630049803e-12,4.2402009891181055e-14,-5.340542184206642e-13,3.290904023881625e-13,1.3563312512273622e-13,8.006981226275472e-13,-5.979934304560734e-13,-5.786368787349922e-14,0.0
11.733963610322865,1.6633199620604775e-13,4.69987944910263e-14,-3.174760380177838e-13,2.911062485457326e-14,-3.890395183215902e-13,2.5156827291766295e-13,9.623996190694311e-14,6.022693675425574e-13,-4.4623611515848014e-13,-4.3620994847175074e-14,0.0
12.067948130572578,1.3389998013429835e-13,4.29576957394852e-14,7.273738752384015e-13,2.00300551242128e-14,-2.8284618057038966e-13,1.7425046420911204e-13,6.83071496095623e-14,4.531910187440583e-13,-3.3959044871917456e-13,-3.4176343154282615e-14,0.0
12.411438872545041,1.1400141903375613e-13,3.127212318525812e-14,-1.8766919883533784e-13,1.4127274525422723e-14,-2.052859391595867e-13,1.4572422742155865e-13,4.851706460084798e-14,3.409454435634975e-13,-2.638906250047995e-13,-2.790850669359169e-14,0.0
12.76470641240763,9.262353647486709e-14,1.3596027742114692e-14,3.1980577187367033e-13,1.0476203334004474e-14,-1.4876784659160302e-13,9.782010522191238e-14,3.448293876295793e-14,2.5617646770252747e-13,-2.0173670030698722e-13,-2.2072324542931987e-14,0.0
13.128029027753554,6.222764857983471e-14,-1.335554677838144e-14,-1.6640996878738835e-14,6.798115768666629e-15,-1.0767351188956683e-13,7.867865370788225e-14,2.4554506928642144e-14,1.9216138263474796e-13,-1.4174764498905035e-13,-1.510249377696207e-14,0.0
13.50169291680817,2.3367545960212342e-14,1.8173001667417784e-14,1.2409812798681129e-13,4.4281053096412436e-15,-7.794149293677011e-14,5.933467309646078e-14,1.7488482827996284e-14,1.4407187328775558e-13,-8.124536858398524e-14,-6.9541390465345585e-15,0.0
13.88599242387431,4.5314648771102606e-14,-1.6762759844707424e-15,-5.4496496001119085e-14,3.4628093049070088e-15,-5.630999829014047e-14,4.7436700044391764e-14,1.2452101135825279e-14,1.079094543760307e-13,-8.803273644564422e-14,-1.0283689012611951e-14,0.0
14.281230271194644,4.5443369103250766e-14,-2.6889970157714234e-15,1.7197230161760835e-13,2.2410030980253026e-15,-4.066993700213151e-14,3.293813505346298e-14,8.880219547856535e-15,8.142621680646261e-14,-7.661451801353763e-14,-9.770329711394021e-15,0.0
14.687717797413365,3.036743924229717e-14,3.0506566296507385e-15,2.096250317828188e-14,1.4361410700131581e-15,-2.9361778278482846e-14,2.8281348470876995e-14,6.330880820704501e-15,6.100300209297276e-14,-5.2643289439340144e-14,-6.590974164267455e-15,0.0
15.105775202825523,1.785114920023942e-15,3.2945312839214947e-15,-1.1089196847148398e-14,1.0483514093969142e-15,-2.1171566623454572e-14,1.7351518860595528e-14,4.4910436292721005e-15,4.488656861474934e-14,-1.735330627886037e-14,-1.04057672807289e-15,0.0
15.53573180160663,1.0848355118539683e-14,-1.8469222940035105e-15,6.104687451149175e-14,7.132129321177605e-16,-1.5244194218182662e-14,1.8497243423108293e-14,3.1818645799689954e-15,3.4774983693346585e-14,-2.251324622927383e-14,-2.5214355575145937e-15,0.0
15.97792628122164,-1.2643613714701667e-14,1.4281278130186226e-15,3.555691348400217e-14,4.823987462769778e-16,-1.0989634153457316e-14,1.3503283427749842e-14,2.2685643936268475e-15,2.5620056958002388e-14,4.42542584657245e-15,1.9386463461466085e-15,0.0
16.432706969217335,2.3989369516847738e-14,3.3903601942290684e-15,4.695849136758915e-14,3.498132481666608e-16,-7.915131772538438e-15,-9.899226882496535e-17,1.6158001186002317e-15,1.7673203644402885e-14,-3.04248785055452e-14,-4.6840342596645745e-15,0.0
16.900432107608754,2.6313278340360275e-15,2.891411550781914e-15,-2.843028561467935e-14,2.2730421996164055e-16,-5.6974361387921266e-15,1.4397879713345356e-14,1.1499866488032146e-15,1.6173583547121408e-14,-6.854667917757775e-15,-6.74346995657354e-16,0.0
17.381470135075183,-1.6270507887496138e-14,-1.1757388747070992e-15,-1.472154378788282e-14,1.582787573653577e-16,-4.0949763476217185e-15,6.449468071609424e-15,8.144245535545092e-16,7.837344093711226e-15,1.3115355302930563e-14,2.8301096409189944e-15,0.0
17.876199977188445,3.281075148583502e-15,9.607879615652126e-16,-2.78925997239501e-14,1.5061781353560468e-16,-2.9437957039866666e-15,2.7997665569280155e-15,5.750716402801169e-16,1.0908299643972099e-14,-5.5110826938223505e-15,-7.013880250828183e-16,0.0
18.385011344902015,2.2666209835207083e-14,4.2407069303806924e-15,3.5460018183895585e-14,2.0134663370628645e-17,-2.1144966631363403e-15,2.678353794116057e-16,4.084962975023379e-16,1.987205869422673e-15,-2.4422882165393048e-14,-4.220031406730374e-15,0.0
18.90830504153584,1.1692771216452469e-14,-4.024104888541308e-15,-7.972714078018893e-14,6.409236785408056e-17,-1.5166085282264798e-15,5.2315845686871916e-15,2.89118015772913e-16,6.214274968601837e-15,-1.3173945035155301e-14,-2.2023418214969526e-15,0.0
19.446493278499258,-2.2084437871227827e-14,4.067813090980295e-15,6.7123148368275e-14,5.830514524146398e-17,-1.08545805318055e-15,5.448135130031186e-15,2.0272569298876634e-16,6.812722104385759e-15,2.149548446716184e-14,4.003521240613613e-15,0.0
20.0,2.3648716426112558e-14,-4.39488191156007e-15,4.161091561003717e-14,-3.6137928086198653e-17,-7.787254149539471e-16,-3.2763894722718524e-15,1.434362376326247e-16,-5.90026112700087e-15,-2.4201987441557958e-14,-4.339543559454112e-15,0.0
