k,AU,AT,DU,DT1,DT2,cU,cT1,cT2,J,S,sbar
1e-06,0.9999981300657724,24.421668857262922,-11.029976707114352,-285.586938593329,-0.03656692615456233,-0.007031530904881416,0.028322312479621286,0.0016885810351303572,0.9999981302812777,0.37274892997535053,0.06082044992173466
1.028463060849779e-06,0.9999981300647521,24.42166885723781,-11.03049015005311,-285.5994777501536,-0.03656692615459545,-0.007031530904880072,0.028322312479615544,0.0016885810351312388,0.9999981302803234,0.372748929974961,0.0608204499217216
1.0577362675324964e-06,0.9999981300636734,24.42166885721129,-11.029654590863188,-285.57907196218594,-0.03656692615463058,-0.007031530904878655,0.028322312479609493,0.00168858103513217,0.9999981302793135,0.37274892997454906,0.06082044992170779
1.087842679278294e-06,0.9999981300625317,24.42166885718325,-11.031155229159511,-285.6157201221486,-0.0365669261546677,-0.007031530904877155,0.02832231247960308,0.0016885810351331553,0.9999981302782456,0.37274892997411313,0.06082044992169312
1.118806011653579e-06,0.9999981300613244,24.42166885715354,-11.030216692159389,-285.5927994395016,-0.03656692615470689,-0.007031530904875561,0.02832231247959624,0.0016885810351341978,0.9999981302771154,0.37274892997365233,0.06082044992167767
1.1506506552423733e-06,0.9999981300600469,24.421668857122164,-11.030556691663303,-285.60110281028227,-0.036566926154748436,-0.007031530904873883,0.0283223124795891,0.0016885810351353,0.9999981302759202,0.3727489299731647,0.0608204499216613
1.183401694859375e-06,0.9999981300586959,24.42166885708897,-11.03036187602619,-285.5963450783995,-0.03656692615479235,-0.007031530904872102,0.028322312479581467,0.0016885810351364662,0.9999981302746559,0.37274892997264875,0.06082044992164395
1.2170849293098917e-06,0.9999981300572673,24.421668857053852,-11.03008013150572,-285.58946439414655,-0.03656692615483878,-0.007031530904870224,0.028322312479573442,0.0016885810351376996,0.9999981302733193,0.3727489299721033,0.060820449921625656
1.251726891712188e-06,0.9999981300557562,24.42166885701669,-11.029959811367801,-285.5865259700704,-0.03656692615488793,-0.007031530904868236,0.02832231247956497,0.0016885810351390045,0.999998130271905,0.37274892997152625,0.06082044992160629
1.2873548703982968e-06,0.9999981300541582,24.421668856977426,-11.031872051617272,-285.63322615539647,-0.03656692615493994,-0.007031530904866135,0.028322312479555918,0.0016885810351403856,0.9999981302704093,0.37274892997091597,0.06082044992158581
1.323996930409703e-06,0.9999981300524668,24.421668856935838,-11.030747837056516,-285.6057709083754,-0.03656692615499493,-0.00703153090486391,0.02832231247954641,0.0016885810351418454,0.9999981302688268,0.3727489299702702,0.06082044992156416
1.361681935604878e-06,0.9999981300506783,24.42166885689186,-11.03014179927436,-285.5909704266781,-0.036566926155052984,-0.007031530904861553,0.028322312479536378,0.0016885810351433886,0.9999981302671536,0.3727489299695872,0.06082044992154119
1.4004395713960445e-06,0.9999981300487865,24.421668856845372,-11.030661035183604,-285.603651057761,-0.0365669261551145,-0.007031530904859065,0.02832231247952574,0.0016885810351450216,0.9999981302653836,0.3727489299688652,0.060820449921516924
1.4403003681331284e-06,0.9999981300467855,24.42166885679618,-11.030377007798776,-285.5967146220377,-0.03656692615517956,-0.0070315309048564305,0.028322312479514503,0.0016885810351467492,0.9999981302635111,0.3727489299681013,0.060820449921491285
1.4812957251532608e-06,0.9999981300446686,24.421668856744166,-11.030349959939432,-285.5960540669062,-0.03656692615524842,-0.007031530904853647,0.02832231247950259,0.0016885810351485767,0.9999981302615305,0.37274892996729286,0.06082044992146417
1.5234579355148189e-06,0.99999813004243,24.42166885668914,-11.030291096864788,-285.5946165296693,-0.03656692615532115,-0.007031530904850699,0.028322312479489967,0.0016885810351505084,0.9999981302594358,0.37274892996643844,0.060820449921435454
1.566820211435456e-06,0.9999981300400623,24.42166885663092,-11.030823967517492,-285.6076301445558,-0.036566926155398215,-0.007031530904847587,0.028322312479476655,0.0016885810351525538,0.9999981302572198,0.37274892996553416,0.060820449921405104
1.611416710454207e-06,0.9999981300375576,24.421668856569354,-11.030501237256328,-285.5997485182299,-0.03656692615547956,-0.0070315309048442865,0.028322312479462566,0.0016885810351547153,0.9999981302548759,0.37274892996457787,0.060820449921372984
1.6572825623382159e-06,0.9999981300349085,24.4216688565042,-11.031088123653767,-285.614081290207,-0.03656692615556571,-0.007031530904840807,0.02832231247944764,0.0016885810351570025,0.999998130252397,0.37274892996356657,0.060820449921339025
1.7044538967553262e-06,0.999998130032106,24.42166885643534,-11.031014875281656,-285.61229243933354,-0.03656692615565683,-0.007031530904837121,0.028322312479431913,0.0016885810351594218,0.9999981302497747,0.3727489299624963,0.06082044992130314
1.7529678717343196e-06,0.9999981300291417,24.42166885636251,-11.030854245067108,-285.60836957405246,-0.03656692615575322,-0.007031530904833217,0.028322312479415235,0.0016885810351619807,0.9999981302470013,0.37274892996136477,0.06082044992126512
1.8028627029352012e-06,0.9999981300260068,24.421668856285418,-11.030954266882024,-285.61081227820597,-0.036566926155855134,-0.007031530904829089,0.02832231247939758,0.0016885810351646875,0.9999981302440677,0.37274892996016756,0.06082044992122489
1.854177693752643e-06,0.9999981300226902,24.42166885620392,-11.031133048287154,-285.61517842657975,-0.03656692615596295,-0.007031530904824727,0.02832231247937893,0.0016885810351675505,0.9999981302409647,0.37274892995890174,0.060820449921182386
1.9069532662762274e-06,0.9999981300191829,24.42166885611768,-11.030481456711847,-285.5992654431261,-0.036566926156077,-0.007031530904820111,0.02832231247935919,0.0016885810351705785,0.9999981302376821,0.3727489299575625,0.060820449921137415
1.9612309931319364e-06,0.9999981300154723,24.42166885602649,-11.03048539389653,-285.59936159586687,-0.03656692615619765,-0.007031530904815229,0.028322312479338363,0.0016885810351737818,0.9999981302342105,0.37274892995614595,0.060820449921089856
2.0170536302299236e-06,0.9999981300115478,24.42166885593001,-11.030609064945864,-285.6023818548585,-0.036566926156325244,-0.007031530904810064,0.02832231247931625,0.0016885810351771687,0.9999981302305387,0.37274892995464753,0.060820449921039556
2.0744651504444257e-06,0.9999981300073967,24.421668855827996,-11.030448867966097,-285.5984695698945,-0.03656692615646018,-0.007031530904804603,0.028322312479292917,0.0016885810351807522,0.9999981302266535,0.37274892995306275,0.060820449920986334
2.1335107782522713e-06,0.999998130003006,24.42166885572005,-11.030616755071632,-285.60256966077765,-0.036566926156602966,-0.007031530904798829,0.02832231247926824,0.0016885810351845434,0.9999981302225457,0.37274892995138603,0.06082044992093005
2.19423702535733e-06,0.9999981299983626,24.421668855605887,-11.03087006626642,-285.6087559543715,-0.03656692615675395,-0.007031530904792717,0.02832231247924212,0.0016885810351885524,0.9999981302182004,0.3727489299496132,0.06082044992087052
2.2566917273289136e-06,0.99999812999345,24.421668855485148,-11.030669739769305,-285.60386363778184,-0.036566926156913614,-0.007031530904786249,0.028322312479214462,0.0016885810351927929,0.9999981302136034,0.37274892994773756,0.060820449920807505
2.320924081283069e-06,0.999998129988254,24.421668855357414,-11.030690838564034,-285.60437890643936,-0.03656692615708254,-0.007031530904779412,0.028322312479185218,0.0016885810351972784,0.9999981302087413,0.37274892994575354,0.060820449920740885
2.3869846846363467e-06,0.9999981299827582,24.42166885522234,-11.030630436420594,-285.60290378245094,-0.036566926157261224,-0.0070315309047721845,0.02832231247915433,0.001688581035202023,0.9999981302035985,0.3727489299436555,0.06082044992067043
2.454925574962647e-06,0.9999981299769449,24.421668855079425,-11.03082458047627,-285.60764511304944,-0.03656692615745025,-0.007031530904764531,0.028322312479121595,0.001688581035207042,0.9999981301981594,0.37274892994143594,0.06082044992059594
2.524800270984487e-06,0.9999981299707954,24.42166885492829,-11.030404548260455,-285.59738720611233,-0.036566926157650205,-0.00703153090475644,0.028322312479087033,0.0016885810352123502,0.9999981301924055,0.372748929939088,0.06082044992051707
2.5966638147310575e-06,0.999998129964292,24.421668854768395,-11.030507661751862,-285.5999054142521,-0.0365669261578616,-0.007031530904747884,0.028322312479050437,0.0016885810352179644,0.9999981301863198,0.372748929936605,0.060820449920433686
2.670572814896167e-06,0.9999981299574131,24.42166885459929,-11.030677341671549,-285.6040492886907,-0.03656692615808526,-0.007031530904738834,0.02832231247901173,0.0016885810352239034,0.9999981301798825,0.3727489299339785,0.060820449920345514
2.746585491430322e-06,0.9999981299501359,24.421668854420442,-11.030750497219564,-285.60583587247896,-0.036566926158321855,-0.00703153090472926,0.028322312478970765,0.0016885810352301853,0.9999981301730736,0.37274892993120035,0.060820449920252234
2.8247617214020294e-06,0.9999981299424393,24.421668854231246,-11.030561513212803,-285.6012205589046,-0.03656692615857213,-0.007031530904719125,0.02832231247892749,0.0016885810352368297,0.9999981301658714,0.37274892992826153,0.06082044992015351
2.905163086164422e-06,0.999998129934298,24.421668854031118,-11.03064318574269,-285.60321514197904,-0.03656692615883675,-0.007031530904708416,0.028322312478881725,0.001688581035243857,0.9999981301582537,0.3727489299251533,0.06082044992004913
2.987852919864452e-06,0.999998129925687,24.421668853819472,-11.030575937743267,-285.60157283040064,-0.03656692615911676,-0.007031530904697086,0.028322312478833263,0.0016885810352512912,0.9999981301501955,0.3727489299218654,0.06082044991993871
3.072896359332744e-06,0.9999981299165788,24.42166885359557,-11.030543064871537,-285.6007700183682,-0.03656692615941291,-0.0070315309046851005,0.02832231247878203,0.0016885810352591539,0.9999981301416734,0.37274892991838793,0.060820449919821946
3.1603603953935026e-06,0.9999981299069444,24.421668853358717,-11.030638650251277,-285.6031043770646,-0.03656692615972609,-0.007031530904672423,0.028322312478727858,0.0016885810352674712,0.9999981301326584,0.3727489299147096,0.06082044991969842
3.25031392563482e-06,0.9999981298967539,24.42166885310824,-11.030488292788023,-285.5994323898659,-0.03656692616005743,-0.007031530904659014,0.028322312478670494,0.0016885810352762686,0.9999981301231227,0.37274892991081887,0.060820449919567754
3.3428278086810476e-06,0.9999981298859758,24.421668852843297,-11.030639767571813,-285.603131663612,-0.03656692616040791,-0.007031530904644833,0.028322312478609852,0.0016885810352855737,0.9999981301130368,0.3727489299067034,0.06082044991942957
3.43797492000987e-06,0.9999981298745745,24.42166885256303,-11.03066305955674,-285.60370049363456,-0.03656692616077857,-0.0070315309046298305,0.02832231247854572,0.0016885810352954163,0.9999981301023682,0.37274892990235037,0.06082044991928343
3.535830209358125e-06,0.9999981298625149,24.421668852266613,-11.030626635695025,-285.60281096029087,-0.036566926161170646,-0.007031530904613962,0.028322312478477878,0.0016885810353058273,0.9999981300910838,0.37274892989774633,0.06082044991912881
3.6364707597615798e-06,0.9999981298497591,24.42166885195308,-11.03069900422118,-285.60457832356826,-0.036566926161585335,-0.007031530904597174,0.028322312478406133,0.001688581035316839,0.9999981300791485,0.3727489298928761,0.06082044991896525
3.739975848275116e-06,0.9999981298362677,24.421668851621412,-11.030605523230307,-285.60229535728536,-0.036566926162024026,-0.007031530904579423,0.028322312478330263,0.0016885810353284858,0.9999981300665235,0.3727489298877248,0.060820449918792256
3.846427008421274e-06,0.9999981298219959,24.421668851270613,-11.030578809793992,-285.60164296914286,-0.03656692616248795,-0.007031530904560645,0.028322312478249942,0.0016885810353408064,0.9999981300531695,0.37274892988227604,0.06082044991860929
3.955908094416211e-06,0.9999981298069011,24.421668850899533,-11.030616850290219,-285.60257198303856,-0.036566926162978755,-0.007031530904540781,0.028322312478165024,0.0016885810353538368,0.9999981300390447,0.37274892987651276,0.060820449918415745
4.068505347223713e-06,0.9999981297909345,24.421668850507082,-11.03060585203104,-285.6023033864374,-0.03656692616349788,-0.007031530904519773,0.028322312478075217,0.0016885810353676216,0.9999981300241046,0.3727489298704167,0.060820449918211034
4.184307462489393e-06,0.999998129774046,24.421668850091965,-11.03058137549587,-285.6017056272141,-0.036566926164046984,-0.007031530904497551,0.028322312477980175,0.0016885810353822008,0.9999981300083014,0.37274892986396885,0.060820449917994485
4.303405660408413e-06,0.9999981297561825,24.421668849652818,-11.030588876033857,-285.6018888029252,-0.036566926164627714,-0.0070315309044740445,0.028322312477879686,0.0016885810353976217,0.9999981299915859,0.37274892985714825,0.06082044991776547
4.425893757581901e-06,0.9999981297372876,24.421668849188368,-11.030553047223878,-285.6010138016554,-0.03656692616524204,-0.00703153090444918,0.028322312477773358,0.0016885810354139328,0.999998129973905,0.3727489298499342,0.06082044991752325
4.551868240918621e-06,0.9999981297173018,24.421668848697106,-11.03056058433299,-285.60119787046204,-0.036566926165891855,-0.00703153090442288,0.02832231247766097,0.0016885810354311868,0.9999981299552042,0.37274892984230373,0.060820449917266955
4.681428343640065e-06,0.9999981296961625,24.421668848177468,-11.030649992165264,-285.60338136267393,-0.0365669261665791,-0.007031530904395067,0.02832231247754203,0.001688581035449437,0.9999981299354235,0.37274892983423236,0.06082044991699589
4.814676123448972e-06,0.9999981296738024,24.421668847627835,-11.030637359038,-285.6030728396893,-0.03656692616730609,-0.007031530904365643,0.028322312477416244,0.0016885810354687401,0.9999981299145005,0.37274892982569513,0.06082044991670919
4.9517165429226785e-06,0.9999981296501507,24.421668847046455,-11.030628608089366,-285.60285912614137,-0.03656692616807507,-0.007031530904334524,0.028322312477283194,0.0016885810354891574,0.9999981298923699,0.3727489298166651,0.06082044991640597
5.092657552194755e-06,0.9999981296251345,24.421668846431484,-11.030642878021492,-285.6032076219486,-0.03656692616888836,-0.007031530904301605,0.028322312477142453,0.0016885810355107534,0.9999981298689604,0.3727489298071136,0.06082044991608526
5.237610173989961e-06,0.999998129598673,24.421668845781067,-11.030583982133397,-285.60176928296335,-0.03656692616974865,-0.007031530904266784,0.028322312476993555,0.0016885810355335969,0.9999981298441996,0.37274892979701063,0.06082044991574599
5.3866885910796595e-06,0.9999981295706843,24.421668845093084,-11.03063255731651,-285.6029555717667,-0.036566926170658626,-0.007031530904229956,0.028322312476836108,0.0016885810355577592,0.9999981298180102,0.3727489297863245,0.06082044991538711
5.54001023622637e-06,0.9999981295410795,24.421668844365335,-11.030646381878482,-285.6032931907981,-0.036566926171621175,-0.007031530904191001,0.028322312476669574,0.0016885810355833177,0.9999981297903079,0.3727489297750212,0.06082044991500756
5.69769588468848e-06,0.9999981295097653,24.42166884359559,-11.030638429984496,-285.6030989914122,-0.03656692617263922,-0.007031530904149798,0.028322312476493416,0.0016885810356103495,0.9999981297610061,0.3727489297630656,0.06082044991460603
5.859869749357916e-06,0.999998129476643,24.421668842781436,-11.030594566609786,-285.60202777206933,-0.03656692617371609,-0.007031530904106213,0.028322312476307086,0.0016885810356389442,0.9999981297300132,0.3727489297504192,0.06082044991418133
6.026659578605669e-06,0.9999981294416088,24.421668841920212,-11.030637575766741,-285.60307812885884,-0.036566926174855185,-0.007031530904060114,0.028322312476109997,0.0016885810356691879,0.9999981296972305,0.3727489297370431,0.06082044991373216
6.198196756912426e-06,0.9999981294045518,24.421668841009303,-11.030629693396182,-285.6028856272623,-0.03656692617605998,-0.007031530904011352,0.028322312475901508,0.001688581035701179,0.9999981296625556,0.37274892972289464,0.06082044991325703
6.374616408363341e-06,0.9999981293653547,24.42166884004581,-11.030642051992878,-285.6031874447541,-0.03656692617733426,-0.0070315309039597745,0.028322312475681,0.0016885810357350163,0.999998129625878,0.3727489297079293,0.06082044991275451
6.556057503088586e-06,0.9999981293238949,24.421668839026673,-11.030647601826697,-285.60332298054703,-0.03656692617868224,-0.007031530903905223,0.028322312475447795,0.0016885810357708093,0.9999981295870828,0.3727489296921,0.060820449912222935
6.742662966733648e-06,0.9999981292800417,24.42166883794872,-11.030617949278668,-285.60259881378397,-0.036566926180108004,-0.007031530903847515,0.028322312475201058,0.0016885810358086666,0.9999981295460475,0.37274892967535633,0.06082044991166062
6.9345797930453395e-06,0.9999981292336558,24.421668836808497,-11.03061693832861,-285.60257412390735,-0.036566926181616104,-0.007031530903786477,0.028322312474940145,0.0016885810358487105,0.9999981295026432,0.37274892965764617,0.06082044991106589
7.131959159662437e-06,0.9999981291845925,24.421668835602453,-11.030584013602443,-285.6017700448609,-0.03656692618321123,-0.00703153090372192,0.028322312474664074,0.0016885810358910655,0.999998129456733,0.37274892963891376,0.06082044991043688
7.334956547202062e-06,0.9999981291326961,24.421668834326816,-11.030646408275494,-285.6032938289185,-0.03656692618489846,-0.007031530903653634,0.028322312474372138,0.0016885810359358678,0.9999981294081728,0.37274892961909933,0.060820449909771444
7.543731861735561e-06,0.9999981290778042,24.421668832977456,-11.030626583990669,-285.6028096850163,-0.03656692618668311,-0.007031530903581402,0.02832231247406335,0.0016885810359832552,0.9999981293568079,0.3727489295981417,0.06082044990906767
7.758449560750557e-06,0.9999981290197414,24.421668831550242,-11.030607452737183,-285.60234246607683,-0.03656692618857079,-0.007031530903505003,0.028322312473736677,0.0016885810360333792,0.999998129302478,0.3727489295759732,0.06082044990832322
7.979278782698142e-06,0.9999981289583272,24.42166883004059,-11.030618567553038,-285.60261390795256,-0.03656692619056755,-0.007031530903424192,0.028322312473391214,0.0016885810360863967,0.9999981292450109,0.37274892955252503,0.0608204499075358
8.206393480227446e-06,0.9999981288933671,24.421668828443817,-11.030624697857123,-285.6027636194478,-0.03656692619267951,-0.007031530903338715,0.02832231247302575,0.001688581036142476,0.9999981291842255,0.37274892952772326,0.060820449906702934
8.43997255721239e-06,0.9999981288246563,24.421668826754818,-11.030611377624968,-285.6024383154416,-0.03656692619491342,-0.0070315309032482985,0.02832231247263922,0.0016885810362017922,0.9999981291199314,0.37274892950148936,0.06082044990582192
8.680200009678792e-06,0.9999981287519794,24.421668824968325,-11.030629186680352,-285.60287324194337,-0.036566926197276285,-0.007031530903152668,0.028322312472230344,0.001688581036264534,0.9999981290519248,0.37274892947374083,0.06082044990489009
8.927265070742531e-06,0.9999981286751055,24.42166882307868,-11.030629208911114,-285.6028737836255,-0.036566926199775626,-0.0070315309030515175,0.0283223124717979,0.0016885810363308996,0.9999981289799926,0.3727489294443903,0.06082044990390447
9.181362359673182e-06,0.999998128593793,24.421668821079912,-11.030630155039713,-285.60289688840595,-0.03656692620241921,-0.00703153090294452,0.02832231247134041,0.0016885810364010941,0.9999981289039063,0.3727489294133451,0.06082044990286193
9.442692035200451e-06,0.9999981285077862,24.42166881896578,-11.030622201367075,-285.60270264470677,-0.03656692620521549,-0.00703153090283135,0.028322312470856557,0.001688581036475342,0.9999981288234274,0.372748929380507,0.060820449901759194
9.711459953184085e-06,0.9999981284168133,24.421668816729536,-11.030618410647847,-285.6026100673875,-0.036566926208173194,-0.007031530902711645,0.02832231247034484,0.0016885810365538775,0.9999981287383022,0.37274892934577375,0.06082044990059278
9.987877828771756e-06,0.9999981283205884,24.421668814364207,-11.030624906782492,-285.6027687125918,-0.036566926211301594,-0.007031530902585024,0.028322312469803494,0.001688581036636947,0.9999981286482611,0.37274892930903464,0.06082044989935906
1.0272163403172267e-05,0.9999981282188082,24.42166881186234,-11.030625107121743,-285.60277360359015,-0.036566926214610745,-0.0070315309024510985,0.02832231246923087,0.0016885810367248118,0.9999981285530222,0.37274892927017467,0.06082044989805409
1.0564540615175633e-05,0.9999981281111502,24.42166880921597,-11.030616804020584,-285.6025708259001,-0.03656692621811084,-0.007031530902309437,0.02832231246862522,0.00168858103681775,0.9999981284522843,0.3727489292290708,0.060820449896673755
1.0865239777555338e-05,0.9999981279972777,24.42166880641686,-11.030622718220835,-285.60271525898645,-0.0365669262218131,-0.007031530902159602,0.0283223124679846,0.001688581036916056,0.9999981283457307,0.3727489291855939,0.0608204498952138
1.1174497758491336e-05,0.9999981278768296,24.421668803456104,-11.03062554660409,-285.6027843310262,-0.03656692622572901,-0.007031530902001108,0.028322312467307036,0.0016885810370200357,0.9999981282330244,0.37274892913960656,0.06082044989366943
1.1492558168156995e-05,0.9999981277494284,24.421668800324444,-11.030621472628479,-285.60268483551704,-0.03656692622987106,-0.0070315309018334675,0.028322312466590262,0.0016885810371300193,0.9999981281138106,0.3727489290909644,0.06082044989203598
1.1819671550616871e-05,0.9999981276146709,24.42166879701194,-11.030619391461437,-285.6026340076918,-0.03656692623425233,-0.007031530901656148,0.028322312465832153,0.001688581037246353,0.9999981279877146,0.37274892903951373,0.06082044989030816
1.2156095581186507e-05,0.9999981274721331,24.421668793508154,-11.03061546754244,-285.60253817657997,-0.036566926238886396,-0.007031530901468588,0.0283223124650303,0.0016885810373694033,0.9999981278543381,0.3727489289850924,0.06082044988848057
1.2502095269409549e-05,0.9999981273213655,24.421668789802133,-11.030616809597738,-285.6025709494571,-0.036566926243788225,-0.007031530901270206,0.02832231246418214,0.0016885810374995588,0.9999981277132612,0.3727489289275291,0.060820449886547584
1.2857943167812487e-05,0.9999981271618931,24.42166878588214,-11.030614623834598,-285.6025175668205,-0.03656692624897291,-0.007031530901060361,0.02832231246328502,0.0016885810376372282,0.9999981275640388,0.3727489288666422,0.060820449884502914
1.3223919586600963e-05,0.9999981269932143,24.421668781735804,-11.030626299921634,-285.6028027141828,-0.036566926254457024,-0.007031530900838409,0.028322312462336064,0.001688581037782846,0.9999981274062011,0.37274892880223975,0.06082044988234018
1.360031281446697e-05,0.9999981268147958,24.42166877735006,-11.030618431324154,-285.60261054668484,-0.03656692626025775,-0.007031530900603638,0.02832231246133231,0.0016885810379368726,0.99999812723925,0.3727489287341194,0.06082044988005261
1.3987419345681172e-05,0.9999981266260762,24.421668772711108,-11.030610949067578,-285.6024278141292,-0.036566926266393414,-0.007031530900355309,0.028322312460270636,0.0016885810380997909,0.9999981270626596,0.37274892866206566,0.06082044987763291
1.4385544113648672e-05,0.9999981264264609,24.421668767804327,-11.030620277762903,-285.6026556336666,-0.036566926272883264,-0.007031530900092651,0.02832231245914767,0.0016885810382721157,0.9999981268758744,0.37274892858585223,0.060820449875073575
1.4795000731112636e-05,0.9999981262153201,24.42166876261424,-11.030618500575663,-285.6026122283258,-0.03656692627974781,-0.007031530899814819,0.028322312457959884,0.0016885810384543896,0.9999981266783042,0.37274892850523783,0.060820449872366435
1.5216111737194851e-05,0.999998125991989,24.42166875712452,-11.030623302456078,-285.6027294949022,-0.03656692628700876,-0.007031530899520953,0.028322312456703438,0.001688581038647188,0.9999981264693273,0.3727489284199698,0.06082044986950302
1.5649208851467664e-05,0.999998125755764,24.42166875131779,-11.030622237942223,-285.6027034938665,-0.03656692629468888,-0.007031530899210117,0.028322312455374577,0.0016885810388511178,0.9999981262482851,0.37274892832977846,0.06082044986647431
1.609463323525789e-05,0.9999981255059004,24.421668745175833,-11.03062009845052,-285.6026512398096,-0.03656692630281238,-0.007031530898881335,0.028322312453968875,0.0016885810390668203,0.9999981260144806,0.3727489282343795,0.06082044986327067
1.6552735760387945e-05,0.9999981252416096,24.421668738679283,-11.030619860278552,-285.6026454190093,-0.03656692631140496,-0.00703153089853357,0.02832231245248206,0.0016885810392949776,0.9999981257671764,0.3727489281334728,0.06082044985988209
1.7023877285566182e-05,0.9999981249620599,24.421668731807618,-11.03061698300272,-285.6025751465243,-0.03656692632049363,-0.007031530898165724,0.028322312450909395,0.0016885810395363074,0.9999981255055947,0.3727489280267403,0.060820449856297844
1.7508428940644423e-05,0.9999981246663711,24.421668724539234,-11.030624284297723,-285.6027534519314,-0.036566926330107045,-0.007031530897776647,0.028322312449245955,0.001688581039791573,0.9999981252289096,0.37274892791384534,0.06082044985250666
1.8006772418966018e-05,0.9999981243536089,24.421668716851165,-11.030617443628525,-285.6025863860532,-0.036566926340275516,-0.0070315308973651,0.02832231244748643,0.001688581040061574,0.9999981249362498,0.3727489277944319,0.0608204498484966
1.851930027803517e-05,0.9999981240227896,24.421668708719253,-11.030619841072806,-285.60264493045526,-0.036566926351031065,-0.007031530896929794,0.028322312445625376,0.0016885810403471644,0.9999981246266931,0.37274892766812434,0.06082044984425505
1.9046416248744217e-05,0.99999812367287,24.421668700117756,-11.03062052632824,-285.6026616599644,-0.03656692636240766,-0.0070315308964693565,0.028322312443656808,0.001688581040649244,0.9999981242992644,0.3727489275345244,0.060820449839768524
1.958853555340248e-05,0.9999981233027476,24.421668691019732,-11.030620058605304,-285.60265023144194,-0.03656692637444107,-0.0070315308959823285,0.02832231244157459,0.0016885810409687646,0.9999981239529303,0.37274892739321036,0.06082044983502302
2.0146085232817037e-05,0.9999981229112557,24.42166868139641,-11.030618695580213,-285.6026169377631,-0.036566926387169164,-0.007031530895467188,0.028322312439372204,0.0016885810413067334,0.9999981235866005,0.37274892724373776,0.06082044983000355
2.0719504482683542e-05,0.9999981224971602,24.42166867121744,-11.030621432311305,-285.60268376679755,-0.03656692640063224,-0.007031530894922304,0.028322312437042602,0.0016885810416642157,0.9999981231991204,0.3727489270856348,0.06082044982469425
2.1309244999551478e-05,0.9999981220591564,24.42166866045078,-11.03062151101933,-285.60268568196875,-0.03656692641487251,-0.007031530894345958,0.028322312434578546,0.0016885810420423368,0.9999981227892674,0.3727489269184041,0.06082044981907839
2.1915771336636564e-05,0.9999981215958641,24.42166864906256,-11.030622073918114,-285.60269942150336,-0.036566926429934976,-0.007031530893736335,0.02832231243197218,0.0016885810424422895,0.9999981223557524,0.3727489267415179,0.06082044981313829
2.253956126976109e-05,0.9999981211058224,24.421668637016747,-11.030620599371627,-285.602663402703,-0.03656692644586721,-0.00703153089309152,0.028322312429215395,0.0016885810428653339,0.9999981218972079,0.37274892655441894,0.060820449806855234
2.3181106173709626e-05,0.9999981205874883,24.421668624275455,-11.030618619335105,-285.60261503851643,-0.03656692646271924,-0.007031530892409472,0.028322312426299377,0.0016885810433128032,0.999998121412188,0.3727489263565176,0.06082044980020944
2.3840911409297112e-05,0.9999981200392274,24.421668610798545,-11.030618790803267,-285.60261921728375,-0.03656692648054418,-0.0070315308916880466,0.028322312423215014,0.0016885810437861077,0.9999981208991648,0.37274892614719013,0.06082044979317994
2.4519496721454177e-05,0.999998119459312,24.421668596543544,-11.030619467726954,-285.6026357396342,-0.03656692649939832,-0.007031530890924969,0.028322312419952537,0.001688581044286739,0.9999981203565224,0.3727489259257766,0.06082044978574458
2.5217396648642885e-05,0.9999981188459139,24.421668581465482,-11.030619975943859,-285.60264814133996,-0.036566926519341084,-0.007031530890117836,0.028322312416501808,0.0016885810448162759,0.9999981197825492,0.3727489256915799,0.060820449777879926
2.593516094392622e-05,0.9999981181971014,24.421668565516903,-11.030621372391588,-285.6026822345984,-0.03656692654043519,-0.007031530889264094,0.02832231241285179,0.001688581045376385,0.9999981191754372,0.3727489254438615,0.060820449769561205
2.667335500802206e-05,0.9999981175108273,24.421668548647478,-11.030619096098132,-285.60262663262046,-0.03656692656274719,-0.007031530888361066,0.028322312408991,0.0016885810459688327,0.9999981185332723,0.37274892518184066,0.06082044976076219
2.743256033468315e-05,0.9999981167849318,24.421668530804098,-11.030620437598781,-285.6026593827424,-0.03656692658634744,-0.007031530887405899,0.028322312404907346,0.0016885810465954863,0.9999981178540317,0.3727489249046917,0.06082044975145516
2.821337496875447e-05,0.9999981160171254,24.421668511930495,-11.030619753937579,-285.60264267426857,-0.036566926611310266,-0.007031530886395589,0.028322312400587867,0.0016885810472583214,0.9999981171355741,0.3727489246115413,0.06082044974161075
2.9016413977267764e-05,0.9999981152049889,24.42166849196723,-11.030619634754617,-285.6026397506117,-0.03656692663771436,-0.007031530885326941,0.028322312396019022,0.001688581047959425,0.9999981163756353,0.37274892430146545,0.060820449731197976
2.9842309933945116e-05,0.9999981143459623,24.421668470851337,-11.030620759561938,-285.602667206579,-0.03656692666564292,-0.007031530884196599,0.028322312391186415,0.0016885810487010091,0.9999981155718211,0.372748923973487,0.060820449720183994
3.0691713417492957e-05,0.9999981134373385,24.421668448516286,-11.030621310279308,-285.60268064149176,-0.036566926695183966,-0.007031530883000994,0.02832231238607481,0.0016885810494854092,0.9999981147215973,0.3727489236265722,0.06082044970853411
3.156529352407911e-05,0.9999981124762545,24.421668424891692,-11.030619293783962,-285.60263137982827,-0.0365669267264307,-0.007031530881736357,0.028322312380667996,0.0016885810503150963,0.9999981138222845,0.37274892325962794,0.060820449696211615
3.246373839439611e-05,0.9999981114596814,24.42166839990313,-11.030618376871445,-285.6026089709741,-0.03656692675948129,-0.007031530880398704,0.028322312374949095,0.001688581051192687,0.999998112871049,0.3727489228714973,0.0608204496831777
3.338775575572711e-05,0.9999981103844151,24.421668373471785,-11.03062033823636,-285.6026568536496,-0.036566926794440256,-0.0070315308789838235,0.02832231236889998,0.0016885810521209475,0.9999981118648932,0.3727489224609579,0.06082044966939122
3.433807347944e-05,0.9999981092470666,24.42166834551443,-11.030621423822037,-285.6026833473002,-0.036566926831417546,-0.0070315308774872515,0.028322312362501583,0.0016885810531028016,0.9999981108006454,0.37274892202671556,0.06082044965480873
3.531544015434949e-05,0.9999981080440519,24.421668315942924,-11.030620557243008,-285.6026621646908,-0.03656692687052981,-0.007031530875904268,0.028322312355733813,0.0016885810541413437,0.9999981096749514,0.3727489215674014,0.06082044963938435
3.632062567639947e-05,0.9999981067715795,24.421668284664015,-11.030620283088954,-285.6026554490029,-0.036566926911900326,-0.007031530874229893,0.028322312348575233,0.0016885810552398472,0.9999981084842641,0.3727489210815684,0.06082044962306939
3.7354421855128875e-05,0.9999981054256397,24.421668251579217,-11.03062017287111,-285.6026527357414,-0.036566926955659336,-0.007031530872458847,0.02832231234100334,0.0016885810564017756,0.9999981072248306,0.37274892056768505,0.060820449605812475
3.8417643037399724e-05,0.9999981040019895,24.42166821658419,-11.03061912274426,-285.60262706704685,-0.03656692700194479,-0.007031530870585544,0.02832231233299432,0.0016885810576307884,0.9999981058926829,0.3727489200241318,0.060820449587559215
3.95111267488784e-05,0.9999981024961438,24.42166817956875,-11.03061896831026,-285.6026232713903,-0.036566927050902684,-0.007031530868604085,0.028322312324522942,0.0016885810589307596,0.999998104483622,0.372748919449196,0.06082044956825212
4.063573435377506e-05,0.9999981009033571,24.421668140416134,-11.030621595877573,-285.6026874155836,-0.03656692710268724,-0.007031530866508228,0.02832231231556238,0.0016885810603057883,0.9999981029932076,0.3727489188410658,0.06082044954783026
4.1792351733362016e-05,0.9999980992186079,24.421668099002996,-11.030620099807914,-285.6026508520195,-0.03656692715746157,-0.007031530864291362,0.02832231230608446,0.0016885810617602054,0.9999981014167418,0.372748918197824,0.06082044952622931
4.2981889983804156e-05,0.9999980974365876,24.421668055198833,-11.03062134242095,-285.60268117022457,-0.03656692721539838,-0.007031530861946501,0.028322312296059356,0.0016885810632985927,0.9999980997492564,0.3727489175174443,0.060820449503381196
4.420528613385168e-05,0.9999980955516793,24.421668008865563,-11.03061997141991,-285.6026476578455,-0.03656692727668029,-0.007031530859466256,0.028322312285455436,0.001688581064925802,0.9999980979854964,0.372748916797782,0.06082044947921394
4.546350388296139e-05,0.9999980935579446,24.421667959857174,-11.030620415186375,-285.60265846345766,-0.03656692734150034,-0.007031530856842809,0.028322312274239304,0.0016885810666469594,0.9999980961199042,0.37274891603656896,0.06082044945365134
4.675753436042629e-05,0.9999980914490986,24.421667908019245,-11.030620450702155,-285.60265929704485,-0.03656692741006289,-0.007031530854067897,0.02832231226237555,0.0016885810684674927,0.9999980941465998,0.3727489152314058,0.06082044942661286
4.808839690611274e-05,0.9999980892184958,24.42166785318838,-11.030620398297625,-285.60265798151767,-0.03656692748258401,-0.007031530851132773,0.028322312249826866,0.001688581070393134,0.9999980920593642,0.3727489143797562,0.06082044939801329
4.945713987341975e-05,0.9999980868591062,24.421667795191762,-11.030619090116248,-285.602625995705,-0.03656692755929214,-0.007031530848028182,0.028322312236553633,0.001688581072429955,0.9999980898516178,0.3727489134789353,0.060820449367762514
5.0864841455093035e-05,0.9999980843634951,24.421667733846675,-11.030620791193297,-285.6026674989601,-0.03656692764042918,-0.0070315308447443485,0.028322312222514093,0.0016885810745843773,0.9999980875164067,0.3727489125261043,0.060820449335765116
5.2312610532543714e-05,0.9999980817237956,24.421667668959742,-11.030619898773203,-285.6026456622617,-0.03656692772625075,-0.00703153084127091,0.02832231220766391,0.0016885810768631853,0.9999980850463674,0.37274891151826045,0.06082044930192034
5.38015875493423e-05,0.9999980789316896,24.421667600326472,-11.030619743763554,-285.60264183194977,-0.036566927817027334,-0.007031530837596937,0.028322312191956373,0.0016885810792735636,0.9999980824337178,0.37274891045222747,0.06082044926612147
5.533294540957405e-05,0.9999980759783783,24.42166752773056,-11.030619609627687,-285.6026385088309,-0.03656692791304501,-0.007031530833710839,0.028322312175341934,0.0016885810818231086,0.9999980796702236,0.37274890932464533,0.06082044922825571
5.6907890401764265e-05,0.9999980728545547,24.42166745094328,-11.030619917210334,-285.6026459705041,-0.03656692801460641,-0.007031530829600374,0.02832231215776824,0.0016885810845198544,0.9999980767471758,0.3727489081319615,0.06082044918820376
5.852766314910223e-05,0.9999980695503724,24.421667369722545,-11.030619673784177,-285.60263997271016,-0.036566928122031626,-0.007031530825252584,0.02832231213917991,0.0016885810873723001,0.9999980736553623,0.3727489068704161,0.06082044914583925
6.01935395867105e-05,0.9999980660554189,24.42166728381246,-11.03061977087885,-285.60264228796365,-0.03656692823565908,-0.0070315308206537735,0.02832231211951832,0.001688581090389436,0.9999980703850392,0.3727489055360341,0.06082044910102892
6.190683196673063e-05,0.9999980623586795,24.42166719294221,-11.030619525337837,-285.60263623223506,-0.03656692835584691,-0.007031530815789437,0.02832231209872162,0.0016885810935807692,0.9999980669258991,0.37274890412460987,0.06082044905363133
6.366888989201686e-05,0.999998058448505,24.421667096825466,-11.030619929955364,-285.60264605107506,-0.03656692848297407,-0.007031530810644262,0.028322312076724136,0.0016885810969563598,0.9999980632670419,0.37274890263169497,0.06082044900349715
6.548110137925122e-05,0.9999980543125716,24.421666995159324,-11.030619776106436,-285.6026422275911,-0.03656692861744103,-0.0070315308052020156,0.02832231205345661,0.0016885811005268418,0.9999980593969356,0.37274890105258524,0.06082044895046848
6.73448939523194e-05,0.9999980499378446,24.42166688762334,-11.030619692599547,-285.60264011815735,-0.036566928759671644,-0.007031530799445557,0.028322312028845737,0.0016885811043034714,0.9999980553033843,0.3727488993823032,0.06082044889437811
6.926173576680631e-05,0.9999980453105375,24.421666773878627,-11.03061944192737,-285.6026339222154,-0.03656692891011407,-0.007031530793356739,0.028322312002813856,0.0016885811082981502,0.9999980509734855,0.37274889761558505,0.06082044883504926
7.123313676649825e-05,0.9999980404160662,24.421666653566717,-11.030619426934052,-285.6026334776776,-0.036566929069242485,-0.0070315307869163795,0.028322311975279065,0.0016885811125234656,0.9999980463935959,0.37274889574686393,0.06082044877229503
7.326064987280371e-05,0.9999980352390072,24.421666526308467,-11.030619093016528,-285.6026252399387,-0.036566929237558346,-0.007031530780104173,0.02832231194615447,0.0016885811169927354,0.9999980415492797,0.3727488937702495,0.060820448705917594
7.534587220802769e-05,0.9999980297630446,24.4216663917028,-11.03061935392759,-285.6026315241472,-0.03656692941559221,-0.00703153077289866,0.028322311915348345,0.0016885811217200442,0.9999980364252716,0.3727488916795128,0.060820448635707736
7.749044635346445e-05,0.9999980239709199,24.421666249325504,-11.030619299059033,-285.6026300914133,-0.03656692960390504,-0.007031530765277129,0.028322311882763587,0.0016885811267202898,0.9999980310054224,0.37274888946806484,0.06082044856144425
7.969606164329965e-05,0.9999980178443797,24.42166609872786,-11.030619550714441,-285.60263613916527,-0.0365669298030904,-0.007031530757215557,0.028322311848297498,0.001688581132009232,0.9999980252726509,0.372748887128936,0.0608204484828931
8.19644554953408e-05,0.999998011364115,24.421665939435258,-11.03061898126797,-285.6026221285376,-0.03656693001377588,-0.007031530748688532,0.02832231181184146,0.0016885811376035355,0.9999980192088908,0.3727488846547547,0.06082044839980663
8.429741477962369e-05,0.9999980045097053,24.421665770945722,-11.03061910824513,-285.602625119777,-0.0365669302366256,-0.0070315307396691985,0.028322311773280633,0.0016885811435208352,0.999998012795032,0.37274888203772344,0.06082044831192311
8.669677722597519e-05,0.9999979972595476,24.421665592728267,-11.030619075027687,-285.60262419245277,-0.036566930472341864,-0.00703153073012912,0.0283223117324934,0.001688581149779778,0.9999980060108602,0.3727488792695947,0.06082044821896554
8.916443287163803e-05,0.9999979895907923,24.421665404221127,-11.030619054162592,-285.6026235600912,-0.03656693072166747,-0.0070315307200382315,0.028322311689351294,0.0016885811564000884,0.999997998834997,0.37274887634164433,0.06082044812064087
9.17023255500995e-05,0.9999979814792724,24.421665204830344,-11.030618785751185,-285.6026168751339,-0.036566930985388185,-0.007031530709364731,0.028322311643718297,0.0016885811634026304,0.9999979912448262,0.37274887324464556,0.060820448016639383
9.431245442229824e-05,0.9999979728994238,24.421664993927493,-11.030618683288788,-285.6026142354369,-0.036566931264335155,-0.007031530698074984,0.028322311595450685,0.0016885811708094724,0.9999979832164265,0.37274886996883755,0.060820447906633164
9.699687555141212e-05,0.9999979638242065,24.421664770847872,-11.030618565892844,-285.6026112231051,-0.03656693155938752,-0.007031530686133409,0.028322311544396163,0.0016885811786439592,0.9999979747244981,0.37274886650389594,0.06082044779027566
9.975770352247041e-05,0.9999979542250204,24.42166453488849,-11.030618468496694,-285.602608690812,-0.036566931871475056,-0.007031530673502377,0.028322311490394048,0.0016885811869307794,0.9999979657422771,0.37274886283890246,0.06082044766720009
0.0001025971131080648,0.9999979440716137,24.42166428530568,-11.030618487205789,-285.60260898513235,-0.036566932201581366,-0.007031530660142073,0.028322311433273992,0.0016885811956960505,0.9999979562414569,0.37274885896230586,0.06082044753701859
0.00010551734098147142,0.9999979333319866,24.421664021312935,-11.03061817569777,-285.60260120559843,-0.03656693255074674,-0.007031530646010395,0.028322311372856086,0.0016885812049673942,0.9999979461920939,0.37274885486188886,0.060820447399320854
0.00010852068747853394,0.9999979219722944,24.421663742078188,-11.030617917180864,-285.60259471026944,-0.036566932920071626,-0.007031530631062802,0.028322311308949893,0.0016885812147740301,0.9999979355625194,0.3727488505247289,0.060820447253673034
0.00011160951840969542,0.9999979099567361,24.421663446721467,-11.030617923810034,-285.602594679759,-0.03656693331071996,-0.007031530615252199,0.02832231124135394,0.001688581225146866,0.9999979243192328,0.3727488459371584,0.06082044709961602
0.00011478626692360511,0.9999978972474451,24.42166313431202,-11.030617736458712,-285.6025899008036,-0.036566933723922855,-0.007031530598528748,0.02832231116985523,0.0016885812361185902,0.9999979124268016,0.37274884108471823,0.060820446936664344
0.00011805343542377077,0.9999978838043667,24.42166280386522,-11.030617518158468,-285.60258435427244,-0.03656693416098255,-0.007031530580839745,0.028322311094228492,0.0016885812477237816,0.9999978998477456,0.3727488359521168,0.06082044676430445
0.00012141359753976303,0.9999978695851367,24.42166245433966,-11.03061745739606,-285.602582642657,-0.03656693462327646,-0.007031530562129448,0.02832231101423534,0.001688581259999013,0.9999978865424229,0.3727488305231784,0.060820446581993134
0.000124869400154528,0.9999978545449402,24.421662084633773,-11.030617275330805,-285.60257795547193,-0.03656693511226144,-0.007031530542338884,0.028322310929623652,0.0016885812729829689,0.9999978724688999,0.37274882478079324,0.06082044638915582
0.00012842356548940176,0.9999978386363806,24.421661693582475,-11.03061696195643,-285.60257004758745,-0.036566935629478554,-0.007031530521405692,0.0283223108401268,0.0016885812867165715,0.9999978575828256,0.3727488187068645,0.060820446185184805
0.0001320788932484723,0.9999978218093204,24.42166127995337,-11.030616756804925,-285.6025647679833,-0.03656693617655781,-0.007031530499263893,0.028322310745462806,0.0016885813012431003,0.9999978418372854,0.37274881228225004,0.06082044596943728
0.00013583826282397506,0.9999978040107286,24.421660842442872,-11.03061650505348,-285.6025583347721,-0.03656693675522347,-0.007031530475843707,0.028322310645333203,0.0016885813166083357,0.9999978251826569,0.37274880548670236,0.06082044574123334
0.00013970463556446213,0.9999977851845139,24.42166037967215,-11.030616247633752,-285.6025517466758,-0.036566937367299025,-0.007031530451071332,0.028322310539422524,0.0016885813328607036,0.9999978075664528,0.37274879829880564,0.060820445499853666
0.00014368105710752977,0.9999977652713441,24.421659890182802,-11.030616045817965,-285.6025464991172,-0.036566938014713564,-0.0070315304248686926,0.028322310427396948,0.0016885813500514212,0.9999977889331557,0.3727487906959068,0.06082044524453768
0.00014777065977894196,0.9999977442084638,24.421659372432195,-11.030615713827455,-285.60253805405824,-0.03656693869950731,-0.007031530397153205,0.02832231030890343,0.0016885813682346684,0.9999977692240418,0.3727487826540452,0.060820444974480706
0.00015197666506004215,0.9999977219294931,24.42165882478864,-11.030615409352686,-285.60253026150804,-0.03656693942383853,-0.007031530367837532,0.028322310183568556,0.0016885813874677469,0.9999977483769993,0.3727487741478772,0.060820444688831674
0.0001563023861253926,0.999997698364218,24.421658245526192,-11.030615225795225,-285.60252540136776,-0.036566940189989926,-0.00703153033682928,0.028322310050997324,0.0016885814078112715,0.999997726326328,0.37274876515059524,0.0608204443866903
0.00016075123045264548,0.999997673438373,24.421657632819336,-11.03061491602504,-285.60251743710984,-0.03656694100037591,-0.007031530304030731,0.02832230991077185,0.001688581429329355,0.999997703002533,0.3727487556338442,0.060820444067104455
0.000165326702506696,0.9999976470734041,24.421656984737105,-11.030614634467376,-285.6025101388053,-0.03656694185755057,-0.007031530269338519,0.02832230976245031,0.0016885814520898137,0.9999976783321113,0.3727487455676322,0.06082044372906686
0.00017003240650023758,0.9999976191862215,24.421656299237057,-11.030614198446036,-285.6024990438573,-0.03656694276421524,-0.007031530232643297,0.028322309605565307,0.0016885814761643727,0.9999976522373125,0.3727487349202348,0.060820443371512246
0.0001748720492328882,0.9999975896889398,24.42165557415881,-11.030613792320363,-285.6024886532303,-0.036566943723227247,-0.007031530193829439,0.028322309439622308,0.001688581501628909,0.9999976246358981,0.3727487236580974,0.06082044299331379
0.00017984944301112964,0.9999975584885965,24.42165480721734,-11.030613428983944,-285.60247928031885,-0.03656694473760908,-0.007031530152774606,0.028322309264098348,0.0016885815285636718,0.9999975954408843,0.3727487117457267,0.0608204425932796
0.00018496850865135428,0.9999975254868645,24.421653995995612,-11.030613071646535,-285.6024700250682,-0.03656694581055745,-0.0070315301093494325,0.02832230907844035,0.0016885815570535467,0.9999975645602612,0.37274869914558123,0.06082044217014892
0.00019023327856839087,0.9999974905797367,24.421653137936975,-11.030612539086556,-285.6024564600703,-0.03656694694545363,-0.007031530063417042,0.02832230888206314,0.0016885815871883205,0.9999975318967086,0.37274868581795134,0.06082044172258825
0.00019564789995193594,0.9999974536572053,24.421652230337322,-11.03061207219045,-285.6024444664244,-0.036566948145874585,-0.007031530014832689,0.0283223086743478,0.0016885816190629615,0.9999974973472865,0.3727486717208352,0.06082044124918705
0.00020121663803339957,0.9999974146029086,24.421651270336337,-11.030611615430553,-285.60243268618564,-0.0365669494156033,-0.007031529963443257,0.028322308454639827,0.0016885816527779276,0.9999974608031127,0.3727486568098053,0.060820440748453525
0.00020694387944573218,0.9999973732937653,24.42165025490857,-11.030611062844699,-285.6024185296056,-0.03656695075864125,-0.007031529909086797,0.02832230822224672,0.0016885816884394684,0.9999974221490179,0.37274864103786975,0.06082044021880946
0.00021283413567888562,0.9999973295995905,24.42164918085387,-11.030610510170671,-285.602404332681,-0.03656695217922103,-0.007031529851591991,0.028322307976436076,0.0016885817261599715,0.9999973812631846,0.3727486243553226,0.06082043965858576
0.00021889204663362387,0.9999972833826816,24.421648044787382,-11.03060997226233,-285.60239045596285,-0.036566953681819774,-0.007031529790777653,0.02832230771643325,0.0016885817660583175,0.999997338016759,0.3727486067095892,0.060820439066016835
0.0002251223842764894,0.9999972344973849,24.421646843128773,-11.03060930904772,-285.602373476322,-0.03656695527117273,-0.007031529726452124,0.0283223074414189,0.001688581808260243,0.9999972922734512,0.3727485880450592,0.06082043843923515
0.00023153005639879866,0.9999971827896398,24.421645572091,-11.030608720672838,-285.602358279199,-0.036566956952288954,-0.007031529658412681,0.028322307150526155,0.0016885818528987475,0.9999972438891003,0.3727485683029109,0.060820437776265515
0.00023812011048263045,0.9999971280964872,24.421644227668395,-11.03060799404479,-285.60233965789143,-0.036566958730466226,-0.007031529586444889,0.028322306842838388,0.001688581900114513,0.9999971927112233,0.37274854742092695,0.06082043707501849
0.00024489773767685395,0.9999970702455648,24.42164280562403,-11.030607259654033,-285.6023207964395,-0.036566960611308784,-0.007031529510321952,0.02832230651738591,0.0016885819500563398,0.9999971385785335,0.3727485253332979,0.060820436333284066
0.0002518682768863234,0.9999970090545525,24.42164130147632,-11.030606496668472,-285.60230118316804,-0.03656696260074388,-0.007031529429803962,0.02832230617314298,0.0016885820028816197,0.999997081320431,0.37274850197041476,0.06082043554872467
0.00025903721897746815,0.9999969443306079,24.421639710484925,-11.030605692762363,-285.6022805139745,-0.03656696470504132,-0.007031529344637162,0.028322305809024804,0.001688582058756833,0.9999970207564675,0.37274847725864885,0.060820434718867784
0.00026641021110358136,0.999996875869754,24.421638027635844,-11.03060480215988,-285.60225766766683,-0.03656696693083283,-0.007031529254553152,0.028322305423883778,0.0016885821178580708,0.9999969566957754,0.3727484511201219,0.06082043384109809
0.0002739930611532253,0.9999968034562363,24.421636247625617,-11.030603890900618,-285.602234253591,-0.03656696928513288,-0.007031529159268021,0.028322305016506153,0.00168858218037159,0.9999968889364675,0.3727484234724576,0.06082043291264925
0.00028179174232524683,0.9999967268618434,24.421634364844575,-11.030602934900315,-285.6022096799141,-0.03656697177536114,-0.007031529058481491,0.028322304585608124,0.0016885822464944075,0.9999968172650018,0.372748394228525,0.060820431930595255
0.00028981239783401586,0.9999966458451911,24.421632373359074,-11.030601912288333,-285.6021834086512,-0.0365669744093655,-0.00703152895187593,0.028322304129831645,0.0016885823164349049,0.9999967414555062,0.37274836329616257,0.06082043089184113
0.00029806134574858587,0.9999965601509533,24.42163026689298,-11.030600791598669,-285.6021546672607,-0.03656697719544702,-0.007031528839115352,0.028322303647740292,0.0016885823904135018,0.9999966612690669,0.3727483305778864,0.06082042979311328
0.0003065450839695952,0.9999964695090667,24.421628038807846,-11.030599677998955,-285.60212601979197,-0.03656698014238607,-0.007031528719844415,0.028322303137814836,0.001688582468663348,0.999996576452977,0.37274829597058595,0.06082042863094903
0.0003152702953478224,0.9999963736338753,24.421625682081828,-11.0305984798622,-285.60209522398293,-0.03656698325946985,-0.007031528593687217,0.028322302598448236,0.0016885825514310437,0.9999964867399418,0.37274825936519596,0.060820427401685785
0.0003242438529484356,0.9999962722232292,24.421623189287764,-11.030597186712686,-285.6020620191593,-0.03656698655652177,-0.0070315284602461715,0.02832230202794061,0.0016885826389774325,0.9999963918472292,0.37274822064635577,0.060820426101449464
0.00033347282546507376,0.9999961649575327,24.421620552569646,-11.030595856071606,-285.6020278049699,-0.03656699004393264,-0.007031528319100746,0.02832230142449397,0.0016885827315784203,0.9999962914757875,0.3727481796920435,0.060820424726142415
0.00034296448278803423,0.9999960514987417,24.421617763617892,-11.030594386057622,-285.60199008788516,-0.03656699373269283,-0.007031528169806109,0.02832230078620666,0.0016885828295258377,0.9999961853092975,0.37274813637319215,0.06082042327143034
0.00035272630173094306,0.9999959314892923,24.4216148136432,-11.030592880356021,-285.60195139435103,-0.036566997634427466,-0.007031528011891758,0.02832230011106704,0.0016885829331283702,0.9999960730131782,0.37274809055328323,0.06082042173272867
0.0003627659719204284,0.9999958045509776,24.42161169334878,-11.030591299635354,-285.6019107577701,-0.036567001761432794,-0.007031527844860035,0.028322299396947432,0.0016885830427125193,0.9999959542335316,0.37274804208791673,0.06082042010518813
0.00037309140185342915,0.9999956702837574,24.42160839290112,-11.030589610414207,-285.601867354064,-0.03656700612671504,-0.007031527668184523,0.028322298641597184,0.0016885831586236446,0.9999958285960256,0.3727479908243553,0.06082041838367962
0.00038371072512691267,0.9999955282644866,24.42160490189891,-11.030587801531116,-285.60182090387417,-0.03656701074403113,-0.007031527481308429,0.028322297842635912,0.0016885832812270336,0.9999956957047168,0.37274793660104283,0.06082041656277764
0.00039463230684491326,0.9999953780455995,24.421601209340384,-11.030585906266616,-285.60177221279986,-0.036567015627932624,-0.007031527283642821,0.028322296997545644,0.0016885834109090796,0.9999955551408033,0.3727478792470967,0.06082041463674371
0.0004058647502079287,0.9999952191536853,24.421597303588605,-11.030583897405434,-285.6017206086191,-0.036567020793810995,-0.007031527074564738,0.028322296103663012,0.0016885835480784748,0.9999954064613006,0.37274781858176814,0.06082041259950784
0.0004174169032898778,0.9999950510880025,24.421593172334653,-11.030581779871806,-285.6016662035704,-0.036567026257946396,-0.007031526853415275,0.028322295158171053,0.0016885836931675093,0.9999952491976543,0.3727477544138719,0.06082041044464968
0.0004292978660079439,0.999994873318897,24.421588802559143,-11.03057953666623,-285.6016085740152,-0.036567032037558685,-0.00703152661949748,0.028322294158089945,0.001688583846633431,0.9999950828542508,0.3727476865411855,0.06082040816537814
0.0004415169972908087,0.9999946852861391,24.421584180490793,-11.030577155021277,-285.60154739918045,-0.036567038150862256,-0.007031526372074149,0.02832229310026797,0.00168858400895989,0.9999949069068685,0.3727476147498122,0.06082040575451018
0.00045408392245090877,0.9999944863971519,24.421579291563514,-11.030574658546962,-285.6014832461741,-0.036567044617123096,-0.007031526110365538,0.028322291981371334,0.0016885841806584618,0.9999947208010155,0.3727475388135037,0.060820403204447746
0.0004670085407665358,0.9999942760251453,24.421574120369936,-11.030572009465654,-285.60141518236526,-0.03656705145671913,-0.007031525833546848,0.02832229079787389,0.001688584362270251,0.9999945239501902,0.37274745849295116,0.06082040050715449
0.0004803010332797402,0.9999940535071442,24.421568650613477,-11.03056919538051,-285.6013428943847,-0.03656705869120523,-0.007031525540745695,0.028322289546045775,0.0016885845543676088,0.9999943157340259,0.3727473735350296,0.060820397654129756
0.0004939718708161937,0.9999938181418968,24.421562865056398,-11.030566218927431,-285.6012664353766,-0.03656706634338037,-0.007031525231039318,0.028322288221941862,0.001688584757555933,0.9999940954963431,0.3727472836719985,0.06082039463638224
0.0005080318222333142,0.9999935691876624,24.42155674546599,-11.03056308455622,-285.60118590213557,-0.036567074437360174,-0.007031524903451661,0.028322286821389247,0.0016885849724755711,0.9999938625430792,0.3727471886206599,0.060820391444401455
0.0005224919629031658,0.9999933058598798,24.421550272556683,-11.030559755134927,-285.6011003752724,-0.036567082998652196,-0.007031524556950333,0.028322285339974128,0.001688585199803843,0.9999936161400922,0.3727470880814671,0.0608203880681279
0.000537363683436799,0.9999930273286906,24.421543425929638,-11.030556244827748,-285.60101018741227,-0.0365670920542371,-0.0070315241904433355,0.028322283773027698,0.0016885854402571767,0.999993355510866,0.37274698173757775,0.06082038449692118
0.0005526586986569221,0.9999927327163253,24.42153618400819,-11.030552526849153,-285.6009146703503,-0.036567101632652754,-0.007031523802775617,0.028322282115611868,0.0016885856945933555,0.9999930798340452,0.3727468692538583,0.06082038071952668
0.0005683890568259543,0.9999924210943362,24.42152852397007,-11.030548594595434,-285.60081364794615,-0.03656711176408501,-0.007031523392725436,0.028322280362503123,0.0016885859636139242,0.9999927882408589,0.3727467502758251,0.06082037672403989
0.00058456714913674,0.9999920914806766,24.421520421675364,-11.030544435156935,-285.6007067891987,-0.03656712248046229,-0.0070315229590005145,0.028322278508176663,0.0016885862481666972,0.9999924798123768,0.37274662442853074,0.060820372497868966
0.0006012057194734015,0.9999917428365986,24.421511851590417,-11.030540031862602,-285.6005936703369,-0.036567133815556346,-0.0070315225002339655,0.028322276546788518,0.001688586549148444,0.9999921535766175,0.3727464913153795,0.06082036802769523
0.000618317874450008,0.9999913740633884,24.421502786707553,-11.030535377533306,-285.60047409844066,-0.03656714580508903,-0.007031522014979987,0.02832227447215738,0.0016885868675077067,0.9999918085054816,0.37274635051687893,0.060820363299430816
0.0006359170937349853,0.999990983998896,24.421493198459718,-11.03053045419273,-285.60034761588906,-0.03656715848684397,-0.00703152150170929,0.02832227227774505,0.0016885872042477913,0.9999914435115167,0.37274620158931937,0.060820358298174684
0.0006540172406693789,0.999990571413878,24.421483056630716,-11.0305252493098,-285.6002138969666,-0.03656717190078666,-0.007031520958804308,0.02832226995663581,0.001688587560429936,0.9999910574444858,0.37274604406337297,0.06082035300816529
0.0006726325731873567,0.9999901350081255,24.42147232925984,-11.030519739805328,-285.6000723572211,-0.03656718608918979,-0.007031520384554068,0.02832226750151474,0.001688587937176642,0.9999906490877487,0.372745877442617,0.060820347412731235
0.0006917777550475318,0.9999896734063629,24.421460982541213,-11.030513915061674,-285.5999227153266,-0.03656720109676644,-0.007031519777148816,0.028322264904644547,0.0016885883356752205,0.9999902171544225,0.3727457012019694,0.06082034149423852
0.000711467867383974,0.9999891851539177,24.421448980717262,-11.030507753121423,-285.5997644117531,-0.03656721697081134,-0.007031519134674317,0.028322262157841147,0.0016885887571815399,0.9999897602833334,0.3727455147860334,0.06082033523403506
0.0007317184205859866,0.9999886687121383,24.421436285966095,-11.030501238087492,-285.5995970336274,-0.03656723376134951,-0.007031518455105803,0.028322259252448054,0.0016885892030239675,0.9999892770347202,0.37274531760734847,0.06082032861239181
0.0007525453665160305,0.9999881224535383,24.42142285828216,-11.030494343461477,-285.5994199077525,-0.036567251521293996,-0.007031517736301623,0.02832225617930896,0.0016885896746075706,0.9999887658857041,0.37274510904453784,0.060820321608440746
0.0007739651110753956,0.9999875446566778,24.421408655350504,-11.030487048482753,-285.59923249955136,-0.036567270306612824,-0.007031516975996452,0.02832225292873876,0.0016885901734185337,0.9999882252254851,0.3727448884403532,0.06082031420010892
0.0007959945271275413,0.9999869335007375,24.421393632413224,-11.030479334431366,-285.59903432269516,-0.03656729017650511,-0.007031516171794205,0.02832224949049358,0.0016885907010288537,0.9999876533502768,0.3727446550996025,0.06082030636404915
0.0008186509677892636,0.9999862870597769,24.42137774212829,-11.030471178669226,-285.5988247934809,-0.03656731119358752,-0.007031515321160435,0.028322245853737587,0.001688591259101281,0.9999870484579241,0.37274440828695804,0.060820298075566076
0.00084195228010018,0.9999856032966706,24.421360934420964,-11.030462549455986,-285.5986031041353,-0.036567333424091825,-0.007031514421414358,0.0283222420070097,0.0016885918493945633,0.9999864086422332,0.3727441472246439,0.06082028930853871
0.0008659168190812825,0.9999848800566887,24.421343156325335,-11.030453423014219,-285.59836863946845,-0.03656735693807332,-0.00703151346972045,0.02832223793818703,0.0016885924737689991,0.9999857318869685,0.37274387108997925,0.060820280035337924
0.0008905634621936402,0.9999841150607102,24.42132435181795,-11.030443766749356,-285.59812056696796,-0.036567381809631865,-0.007031512463079427,0.02832223363444677,0.001688593134192281,0.9999850160594953,0.3727435790127933,0.06082027022673934
0.0009159116242086486,0.9999833058980382,24.42130446164102,-11.030433555163487,-285.59785822532945,-0.03656740811714486,-0.007031511398318891,0.02832222908222582,0.001688593832745714,0.9999842589040628,0.3727432700726789,0.06082025985183138
0.0009419812725015193,0.9999824500188111,24.421283423116048,-11.030422753535044,-285.5975807257603,-0.03656743594351471,-0.00703151027208325,0.028322224267177825,0.0016885945716307608,0.9999834580346945,0.37274294329609564,0.06082024887791773
0.0009687929427800833,0.999981544725964,24.42126116994585,-11.030411330159616,-285.5972872507953,-0.03656746537642975,-0.0070315090808231746,0.02832221917412838,0.0016885953531759921,0.9999826109276807,0.3727425976533002,0.06082023727041434
0.0009963677552612693,0.9999805871667353,24.421237632006306,-11.03039924290068,-285.5969767257073,-0.03656749650864036,-0.007031507820784424,0.028322213787026925,0.001688596179844408,0.9999817149136141,0.3727422320551062,0.060820224992740625
0.0010247274313080297,0.9999795743236783,24.421212735125014,-11.030386461557287,-285.59664836461894,-0.03656752943825153,-0.0070315064879960115,0.02832220808889612,0.0016885970542412224,0.9999807671689934,0.3727418453494493,0.060820212006203675
0.0010538943105397878,0.9999785030051583,24.421186400847812,-11.030372938601639,-285.5963009557093,-0.03656756426903163,-0.007031505078257679,0.028322202061778542,0.0016885979791220476,0.9999797647073201,0.37274143631775947,0.06082019826987694
0.001083891368429919,0.9999773698352945,24.421158546191624,-11.03035863947237,-285.5959336008727,-0.03656760111073955,-0.0070315035871266465,0.028322195686679884,0.0016885989574016002,0.9999787043696962,0.3727410036711236,0.060820183740470886
0.00111474223440409,0.9999761712433284,24.421129083383036,-11.030343514256218,-285.5955450239627,-0.03656764007947027,-0.007031502009903658,0.02832218894350942,0.001688599992162865,0.9999775828148705,0.37274054604622314,0.06082016837219665
0.0011464712104537534,0.9999749034523756,24.421097919581804,-11.030327511025456,-285.5951338963334,-0.036567681298020495,-0.007031500341618109,0.028322181811016194,0.0016886010866668277,0.999976396508715,0.3727400620010409,0.06082015211662162
0.0011791032902794185,0.9999735624675309,24.42106495658842,-11.030310590015826,-285.59469918290307,-0.03656772489627594,-0.007031498577012462,0.028322174266722677,0.0016886022443627466,0.9999751417130953,0.37273955001032005,0.06082013492251726
0.0012126641789788175,0.999972144063283,24.421030090534952,-11.030292688487258,-285.5942392837856,-0.03656777101161998,-0.0070314967105256,0.028322166286853336,0.0016886034688990122,0.9999738144740895,0.37273900846075864,0.06082011673569715
0.001247180313295439,0.9999706437702041,24.420993211557622,-11.030273753397582,-285.593752832032,-0.03656781978936655,-0.007031494736275339,0.028322157846260052,0.001688604764134658,0.9999724106095422,0.3727384356459287,0.060820097498846516
0.0012826788824434148,0.9999690568608813,24.42095420345111,-11.030253727326887,-285.59323834964505,-0.03656787138321802,-0.007031492648039901,0.02832214891834287,0.0016886061341515064,0.99997092569589,0.37273782976090175,0.06082007715134147
0.0013191878495251283,0.9999673783350155,24.420912943302255,-11.030232543353426,-285.59269412221147,-0.03656792595574909,-0.00703149043923827,0.02832213947496596,0.001688607583267042,0.9999693550542315,0.37273718889656615,0.0608200556290582
0.001356735973558451,0.999965602903688,24.420869301103227,-11.030210136186422,-285.5921184705239,-0.03656798367891904,-0.007031488102909516,0.02832212948636932,0.0016886091160480162,0.9999676937355861,0.3727365110336101,0.060820032864170565
0.0013953528321309309,0.9999637249726916,24.42082313934195,-11.030186436173139,-285.59150960395925,-0.03656804473461307,-0.007031485631690774,0.028322118921074498,0.0016886107373248228,0.9999659365053174,0.37273579403616897,0.06082000878493675
0.0014350688446987852,0.9999617386249223,24.42077431256916,-11.030161368204164,-285.5908655934662,-0.03656810931521544,-0.007031483017794128,0.028322107745785998,0.0016886124522067435,0.9999640778266442,0.3727350356450956,0.06081998331547274
0.0014759152965490702,0.9999596376017471,24.420722666940357,-11.030134853317266,-285.5901844104284,-0.03656817762421509,-0.007031480252982005,0.028322095925285735,0.0016886142660980225,0.9999621118432056,0.3727342334708472,0.06081995637551377
0.001517924363443866,0.9999574152832921,24.420668039731375,-11.030106805276326,-285.5894638428037,-0.036568249876846454,-0.007031477328541239,0.028322083422322616,0.0016886161847149146,0.9999600323606235,0.3727333849859609,0.060819927880160975
0.0015611291369659326,0.9999550646676042,24.420610258826102,-11.030077140622902,-285.5887017402678,-0.03656832630076763,-0.007031474235255625,0.02832207019749477,0.0016886182141036777,0.999957832826999,0.3727324875170982,0.06081989773961387
0.001605563650585757,0.9999525783486023,24.42054914217454,-11.03004576242661,-285.58789561701855,-0.03656840713677671,-0.0070314709633768745,0.02832205620912566,0.001688620360659642,0.9999555063122825,0.37273153823662736,0.06081986585888759
0.0016512629064705745,0.9999499484927646,24.420484497219707,-11.030012571420427,-285.58704292334033,-0.03656849263957037,-0.007031467502593862,0.028322041413132378,0.0016886226311473552,0.9999530454864567,0.37273053415372004,0.060819832137513435
0.0016982629030564294,0.9999471668144666,24.42041612029139,-11.029977466490173,-285.5861410571702,-0.036568583078545575,-0.00703146384200019,0.028322025762887337,0.0016886250327218869,0.9999504425964644,0.372729472104939,0.06081979646922254
0.0017466006634050488,0.9999442245498996,24.420343795965092,-11.029940334613942,-285.5851871179785,-0.0365686787386478,-0.007031459970059776,0.028322009209070756,0.0016886275729513852,0.9999476894418027,0.37272834874427874,0.06081975874161054
0.001796314264367811,0.9999411124294839,24.42026729638399,-11.029901058917984,-285.5841781030678,-0.03656877992126832,-0.00703145587457051,0.028321991699515516,0.0016886302598409107,0.9999447773487057,0.37272716053263377,0.06081971883578385
0.0018474428665798401,0.9999378206486971,24.420186380541637,-11.029859515083608,-285.58311081935494,-0.03656888694519257,-0.0070314515426258255,0.02832197317904305,0.0016886331018576767,0.9999416971428517,0.37272590372666115,0.0608196766259849
0.0019000267453077922,0.999934338837214,24.42010079352363,-11.029815573173552,-285.5819819274827,-0.036569000147604024,-0.007031446960573989,0.02832195358928885,0.0016886361079577043,0.9999384391204906,0.3727245743670014,0.060819631979195786
0.0019541073221756976,0.9999306560262774,24.420010265705347,-11.029769094868115,-285.58078787379446,-0.03656911988514532,-0.007031442113975149,0.028321932868519247,0.0016886392876140517,0.9999349930179009,0.37272316826581253,0.0608195847547194
0.0020097271977937833,0.9999267606141733,24.419914511903684,-11.029719932842696,-285.5795248745829,-0.03656924653504076,-0.0070314369875557545,0.028321910951436362,0.0016886426508466556,0.9999313479791008,0.37272168099360276,0.060819534803735725
0.0020669301853160457,0.9999226403297421,24.419813230479363,-11.029667933792402,-285.578188989372,-0.03656938049628369,-0.0070314315651605,0.028321887768972737,0.0016886462082539076,0.999927492521688,0.37272010786528614,0.060819481968833244
0.0021257613449529415,0.999918282193759,24.419706102388577,-11.029612932361854,-285.57677597205037,-0.03656952219089159,-0.007031425829701361,0.02832186324807361,0.001688649971046031,0.9999234145007168,0.3727184439254482,0.06081942608351303
0.0021862670194664454,0.9999136724781118,24.419592790178758,-11.029554756375655,-285.5752813979581,-0.03656967206523458,-0.007031419763103784,0.028321837311466536,0.0016886539510803983,0.9999191010704934,0.3727166839327568,0.06081936697166382
0.002248494870675386,0.9999087966626199,24.4194729369276,-11.029493222513599,-285.57370055757576,-0.03656983059143966,-0.0070314133462497435,0.028321809877418423,0.0016886581608989005,0.9999145386441719,0.3727148223434771,0.06081930444700753
0.0023124939169998355,0.9999036393893614,24.41934616512021,-11.029428136149802,-285.57202845186157,-0.036569998268875706,-0.007031406558917477,0.028321780859477442,0.0016886626137674414,0.9999097128510227,0.3727128532940371,0.06081923831251212
0.0023783145720741483,0.9998981844143875,24.4192120754622,-11.029359291958713,-285.57025980628066,-0.036570175625724795,-0.007031399379717783,0.028321750166201202,0.001688667323717735,0.9999046084912458,0.3727107705825897,0.06081916835977102
0.0024460086844590107,0.9998924145566391,24.419070245624,-11.029286474549417,-285.5683890854772,-0.036570363220643415,-0.007031391786026629,0.028321717700868172,0.0016886723055914985,0.9998992094881703,0.372708567649512,0.06081909436834642
0.002515629578483858,0.9998863116439312,24.418920228913215,-11.029209453728928,-285.56641037672955,-0.03657056164451938,-0.0070313837539138545,0.028321683361173404,0.0016886775750872207,0.9998934988377243,0.37270623755678683,0.0608190161050749
0.0025872320962517484,0.9998798564558354,24.418761552870492,-11.029127987426627,-285.564317460455,-0.03657077152233012,-0.0070313752580678,0.028321647038906148,0.0016886831488095908,0.999887458554974,0.3727037729661931,0.0608189333233327
0.002660872640839866,0.9998730286632613,24.4185937177846,-11.02904181824887,-285.5621037251008,-0.036570993515107314,-0.007031366271715526,0.028321608619608626,0.001688689044321813,0.9998810696176017,0.3727011661162452,0.060818845762259086
0.0027366092207296035,0.9998658067645826,24.41841619512195,-11.028950675359663,-285.55976221205066,-0.03657122832201593,-0.0070313567665384975,0.028321567982215804,0.0016886952802009235,0.9998743119061371,0.3726984087978015,0.06081875314593437
0.0028145014955012993,0.9998581680180756,24.41822842586627,-11.028854272018542,-285.5572855544118,-0.03657147668255101,-0.0070313467125833265,0.028321524998674193,0.001688701876096304,0.9998671641407354,0.37269549232827787,0.06081865518251088
0.002894610822829547,0.9998500883704735,24.41802981876232,-11.028752304360816,-285.5546659460823,-0.03657173937886263,-0.007031336078167436,0.028321479533537985,0.00168870885279155,0.9998596038143311,0.37269240752437105,0.06081855156329333
0.0029770003068161762,0.9998415423814245,24.417819748458943,-11.02864445131299,-285.55189513847506,-0.036572017238213406,-0.007031324829779218,0.028321431443542905,0.0016887162322699626,0.9998516071219568,0.3726891446732214,0.06081844196176683
0.003061734847698896,0.9998325031436062,24.41759755354533,-11.028530373246273,-285.54896440635696,-0.036572311135577795,-0.007031312931972483,0.028321380577154616,0.0016887240377837372,0.9998431488859841,0.3726856935019124,0.06081832603256827
0.003148881192974842,0.99982294219824,24.41736253447452,-11.028409711418258,-285.54586453285646,-0.036572621996390574,-0.007031300347254781,0.028321326774091493,0.0016887322939272231,0.9998342024770888,0.3726820431452235,0.06081820341039839
0.0032385079899792096,0.9998128294457667,24.417113951367703,-11.028282085479294,-285.5425857471365,-0.03657295079945352,-0.007031287035969272,0.028321269864820104,0.0016887410267143502,0.9998247397306583,0.3726781821115307,0.06081807370887133
0.0033306858399604834,0.9998021330513954,24.41685102169233,-11.02814709350527,-285.53911772368184,-0.036573298580008996,-0.007031272956169841,0.02832120967002079,0.0016887502636605562,0.9998147308584149,0.3726740982467449,0.060817936519297705
0.0034254873536947797,0.9997908193452187,24.416572917807088,-11.028004311550788,-285.53544956978476,-0.036573666432990155,-0.007031258063488926,0.028321146000023407,0.0016887600338694165,0.9998041443549678,0.3726697786961883,0.06081779140939731
0.003522987208683143,0.9997788527166034,24.416278764366076,-11.027853289130052,-285.5315697134909,-0.0365740555164574,-0.0070312423109977675,0.02832107865420977,0.0016887703681242798,0.9997929468989889,0.37266520986428037,0.06081763792193803
0.003623262207976888,0.9997661955025365,24.415967635573935,-11.027693551400278,-285.5274659551282,-0.03657446705523307,-0.007031225649058605,0.02832100742038179,0.0016887812989851922,0.9997811032487429,0.3726603773719095,0.060817475573295574
0.003726391340677239,0.9997528078695509,24.415638552283806,-11.027524595985485,-285.5231253878552,-0.03657490234474365,-0.007031208025168299,0.028320932074093426,0.0016887928608913959,0.9997685761316086,0.37265526601136734,0.0608173038519308
0.003832455844157029,0.9997386476888981,24.415290478928878,-11.027345890479317,-285.51853433466516,-0.03657536275508276,-0.007031189383792952,0.02832085237794408,0.0016888050902697453,0.9997553261272849,0.37264985969869746,0.06081712221677872
0.003941539268053362,0.9997236704045694,24.414922320278404,-11.027156873268996,-285.51367836640196,-0.03657584973530738,-0.00703116966619305,0.028320768080830953,0.0016888180256493738,0.9997413115443037,0.3726441414233168,0.06081693009554492
0.004053727540081762,0.999707828893758,24.414532918007698,-11.026956949280326,-285.5085421956048,-0.03657636481798037,-0.00703114881023837,0.02832067891715828,0.0016888317077829705,0.9997264882894645,0.3726380931947519,0.0608167268829037
0.004169109033723534,0.9996910733193364,24.414121047072022,-11.026745489610779,-285.5031096651853,-0.03657690962397288,-0.007031126750212409,0.028320584606001505,0.0016888461797750346,0.9997108097298165,0.37263169598633106,0.06081651193859209
0.004287774637839775,0.9996733509739018,24.413685411873203,-11.026521829215266,-285.4973636894092,-0.03657748586754195,-0.007031103416605317,0.028320484850222868,0.0016888614872175402,0.9996942265467278,0.3726249296756536,0.06081628458539414
0.0044098178282667485,0.9996546061148995,24.413224642206877,-11.026285264647411,-285.4912861960959,-0.0365780953616993,-0.007031078735895077,0.02832037933553571,0.0016888776783334067,0.9996766865816294,0.37261777298165977,0.06081604410700934
0.00453533474144915,0.9996347797903365,24.412737288978487,-11.026035051745808,-285.4848580673119,-0.0365787400238863,-0.0070310526303159334,0.02832026772951551,0.0016888948041282276,0.9996581346729393,0.37261020339810436,0.06081578974579713
0.004664424250169134,0.9996138096545338,24.412221819674517,-11.02577040401489,-285.4780590968845,-0.03657942188197444,-0.007031025017613544,0.02832014968055371,0.0016889129185507683,0.9996385124836827,0.37260219712323883,0.06081552070039286
0.004797188041430887,0.9995916297733723,24.41167661357549,-11.02549048911202,-285.47086790148205,-0.03658014308060855,-0.00703099581078594,0.028320024816750507,0.0016889320786626736,0.9996177583192669,0.37259372898547255,0.06081523612318506
0.004933730696561968,0.9995681704184405,24.41109995669581,-11.025194427217626,-285.463261877512,-0.03658090588791187,-0.007030964917809636,0.028319892744745504,0.001688952344817974,0.9995958069348888,0.37258477236480964,0.06081493511764794
0.005074159773594634,0.9995433578494419,24.410490036435835,-11.024881287686652,-285.4552171158584,-0.03658171270257433,-0.0070309322413498595,0.028319753048478828,0.0016889737808529282,0.9995725893319458,0.37257529910980103,0.06081461673552009
0.005218585891991964,0.9995171140842257,24.409844935928643,-11.024550086560538,-285.44670833742566,-0.03658256606134569,-0.007030897678454139,0.02831960528788267,0.001688996454286769,0.9995480325428786,0.3725652794497759,0.060814279973820745
0.00536712281978553,0.9994893566557255,24.409162628066372,-11.02419978291437,-285.4377088000416,-0.036583468646954574,-0.007030861120228198,0.02831944899749686,0.0016890204365340473,0.9995220594037683,0.37255468190208413,0.06081392377169367
0.005519887563193328,0.9994599983550978,24.408440969185936,-11.023829276433377,-285.42819023514323,-0.03658442329647989,-0.007030822451493163,0.028319283685004113,0.0016890458031291686,0.9994945883140055,0.372543473174064,0.06081354700707
0.005677000458788438,0.9994289469602605,24.407677692397215,-11.023437403043447,-285.4181227367224,-0.03658543301019813,-0.007030781550422988,0.02831910882968179,0.001689072633963853,0.9994655329823302,0.37253161805944934,0.06081314849313811
0.005838585268291164,0.9993961049490514,24.4068704005321,-11.023022932324157,-285.4074746935407,-0.036586500960934173,-0.007030738288161093,0.02831892388076413,0.0016891010135382798,0.9994348021584568,0.3725190793289059,0.06081272697461054
0.006004769276059158,0.9993613691961092,24.406016558694503,-11.022584562792389,-285.3962126690875,-0.036587630503943404,-0.0070306925284147484,0.028318728255709958,0.0016891310312266514,0.9994022993494966,0.3725058176143646,0.06081228112377634
0.00617568338935252,0.9993246306526183,24.405113486388302,-11.0221209182786,-285.3843013079454,-0.03658882518735442,-0.007030644127026166,0.02831852133837155,0.0016891627815580439,0.9993679225203334,0.3724917912868128,0.0608118095363252
0.006351462241452631,0.999285774007937,24.404158349200664,-11.021630543685248,-285.3717032267763,-0.03659008876320514,-0.007030592931518943,0.028318302477056488,0.00168919636451341,0.9993315637770621,0.372476956327178,0.06081131072693243
0.006532244297716178,0.9992446773321195,24.40314815001551,-11.021111900359644,-285.3583788955815,-0.03659142519910292,-0.007030538780618236,0.028318070982480202,0.001689231885839655,0.9992931090325546,0.37246126618993314,0.060810783124588444
0.006718171964647695,0.9992012116982737,24.402079719731567,-11.0205633613426,-285.3442865156075,-0.03659283869054523,-0.007030481503743412,0.02831782612559847,0.001689269457381754,0.9992524376531731,0.3724446716590016,0.06081022506766092
0.006909391702076749,0.9991552407836694,24.400949707457823,-11.01998320629889,-285.32938188913766,-0.03659433367393707,-0.0070304209204713934,0.028317567135316794,0.0016893091974339582,0.9992094220855823,0.3724271206955709,0.06080963479867186
0.007106054138527918,0.9991066204483896,24.399754570157583,-11.01936961637706,-285.3136182871965,-0.03659591484034268,-0.007030356839969184,0.02831729319606776,0.0016893512311111772,0.9991639274626003,0.3724085582773399,0.0608090104587749
0.0073083141898746705,0.999055198290353,24.398490561711487,-11.018720668395252,-285.2969463004163,-0.03659758715001332,-0.0070302890603936175,0.028317003445248352,0.0016893956907416804,0.9991158111869025,0.37238892622875486,0.060808350081914334
0.007516331181370376,0.9990008131753662,24.397153721367086,-11.018034329105324,-285.2793136914118,-0.036599355847732204,-0.007030217368256654,0.028316696970511063,0.0016894427162823485,0.9990649224914242,0.3723681630417394,0.06080765158864901
0.007730268973152821,0.9989432947409072,24.39573986154259,-11.01730844862907,-285.2606652265149,-0.03660122647902305,-0.007030141537754062,0.028316372806898332,0.0016894924557577513,0.9990111019751409,0.3723462036864001,0.060806912779621164
0.00795029608932083,0.9988824628721814,24.394244554949346,-11.016540754186375,-285.2409425141916,-0.03660320490726776,-0.0070300613300554645,0.028316029933813235,0.0016895450657244153,0.9989541811129683,0.37232297941116954,0.06080613132864944
0.008176585850684927,0.9988181271489717,24.392663120996968,-11.015728842915887,-285.2200838208278,-0.03660529733178379,-0.007029976492553654,0.028315667271815673,0.001689600711761709,0.9988939817383247,0.3722984175318274,0.060805304775425645
0.008409316511296424,0.9987500862617338,24.390990611441897,-11.014870174559116,-285.19802388267783,-0.0366075103069128,-0.007029886758070532,0.028315283679234686,0.0016896595689908837,0.9988303154969347,0.3722724412087939,0.06080443051779204
0.008648671398862506,0.9986781273952744,24.389221795240186,-11.013962063815507,-285.1746937092642,-0.03660985076217412,-0.0070297918440175204,0.02831487794858639,0.001689721822623824,0.9987629832703332,0.37224496921207817,0.060803505803574825
0.008894839059158081,0.9986020255783145,24.387351142561464,-11.013001671890517,-285.15002036651737,-0.0366123260235429,-0.007029691451507637,0.028314448802786586,0.001689787668543251,0.9986917745674602,0.372215915673234,0.06080252772194962
0.00914801340454789,0.998521542997127,24.385372807920298,-11.011985998000824,-285.12392675827977,-0.03661494383591009,-0.007029585264416531,0.028313994891145746,0.0016898573139161473,0.9986164668826726,0.3721851898236318,0.0608014931943109
0.00940839386673614,0.9984364282713674,24.38328061237881,-11.010911870192368,-285.09633139042893,-0.03661771238678851,-0.007029472948389533,0.028313514785134795,0.0016899309778422404,0.9985368250184092,0.3721526957183357,0.06080039896461819
0.009676185553863738,0.998346415690148,24.381068024771658,-11.009775935794059,-285.0671481254564,-0.03662064033133177,-0.007029354149791697,0.028313006973907928,0.001690008892039618,0.998452600370678,0.3721183319448372,0.0607992415891888
0.009951599412077126,0.9982512244062608,24.378728141903757,-11.008574651148956,-285.03628591872615,-0.03662373681873337,-0.007029228494597433,0.028312469859569204,0.0016900913015694982,0.9983635301754344,0.3720819913158711,0.06079801742590532
0.010234852391695703,0.9981505575864305,24.376253667666916,-11.00730427085188,-285.003648541965,-0.03662701152007991,-0.007029095587216473,0.02831190175216783,0.0016901784656024037,0.9982693367138549,0.37204356054548815,0.060796722622805346
0.010526167618109044,0.9980441015153587,24.373636891021363,-11.005960836667578,-284.96913429821427,-0.03663047465773276,-0.007028955009252388,0.028311300864407488,0.0016902706582280975,0.9981697264744006,0.3720029199075442,0.06079535310601744
0.010825774567538277,0.997931524651192,24.37086966278408,-11.004540165438117,-284.9326357112947,-0.03663413703631788,-0.007028806318189829,0.02831066530605239,0.0016903681693116812,0.9980643892695062,0.37195994287571416,0.06079390456700732
0.01113390924780011,0.9978124766300127,24.36794337116425,-11.003037836596786,-284.8940392048568,-0.03663801007540606,-0.007028649046006477,0.02830999307801438,0.0016904713053985468,0.9979529973046087,0.37191449574411656,0.06079237244909396
0.01145081438421616,0.9976865872167981,24.364848915984354,-11.00144917886638,-284.8532247606244,-0.03664210584396976,-0.007028482697705369,0.02830928206610121,0.0016905803906708224,0.9978352041971507,0.3718664372275831,0.060790751933195254
0.011776739610813632,0.9975534652002525,24.361576681521683,-10.999769256520919,-284.8100655650824,-0.036646437096705405,-0.007028306749763136,0.028308530034408714,0.0016906957679583233,0.9977106439431485,0.37181561804058455,0.06078903792275924
0.012111941666968247,0.9974126972287238,24.358116507903386,-10.997992854429736,-284.76442762546696,-0.03665101731231585,-0.007028120648489183,0.028307734618335578,0.0016908177998069358,0.9975789298286921,0.37176188045378333,0.060787225027834776
0.012456684599644139,0.9972638465844594,24.354457660986252,-10.996114462925085,-284.7161693804422,-0.036655860733848425,-0.007027923808291052,0.028306893317199606,0.001690946869607762,0.9974396532838621,0.3717050578271379,0.060785307548233664
0.012811239971390316,0.9971064518931931,24.350588800648953,-10.994128261244054,-284.66514127491126,-0.036660982411190784,-0.007027715609840322,0.028306003486433345,0.0016910833827903247,0.9972923826762122,0.3716449741184666,0.06078327945573225
0.01317588707425712,0.996940025766115,24.34649794742254,-10.992028100645996,-284.6111853258052,-0.03666639824582724,-0.0070274953981336475,0.028305062329335582,0.001691227768083465,0.9971366620411087,0.3715814433663272,0.06078113437525915
0.013550913149801518,0.9967640533710722,24.342172447383927,-10.989807486212772,-284.554134654549,-0.03667212503796625,-0.007027262480442746,0.02830406688835334,0.0016913804788476635,0.9969720097459572,0.3715142691460349,0.06077886556501199
0.013936613615354417,0.9965779909297966,24.33759893523242,-10.98745955813497,-284.4938130057729,-0.03667818053614773,-0.007027016124147448,0.028303014035868292,0.0016915419944827708,0.9967979170853666,0.37144324399763307,0.0607764658954425
0.01433329229672811,0.9963812641379078,24.332763295469633,-10.984977071582573,-284.4300342301884,-0.03668458348944887,-0.007026755554444619,0.02830190046445984,0.0016917128219152808,0.996613846804196,0.37136814882456026,0.06077392782704785
0.01474126166754755,0.9961732665042863,24.327650621600462,-10.982352375926755,-284.36260175031197,-0.036691353702404936,-0.007026479951926542,0.028300722676616243,0.0016918934971695797,0.9964192315453229,0.37128875226176744,0.06077124338690053
0.015160843095393471,0.9959533576064142,24.32224517327028,-10.979577392765952,-284.2913079956054,-0.03669851209276778,-0.007026188450020937,0.02829947697386176,0.0016920845870277855,0.9962134722189815,0.3712048100120005,0.06076840414384633
0.015592367094951641,0.9957208612581709,24.31653033125334,-10.976643592743105,-284.215933806669,-0.03670608075222819,-0.0070258801322850535,0.028298159445269068,0.001692286690782997,0.9959959362903811,0.3711160641489285,0.06076540118229776
0.016036173588367342,0.9954750635865447,24.31048855020561,-10.973541971477509,-284.1362478163116,-0.03671408301022915,-0.007025554029545646,0.028296765955321407,0.001692500442091142,0.9957659559823412,0.3710222423858091,0.06076222507454267
0.01649261217301066,0.9952152110136862,24.304101309093983,-10.970263024012153,-284.0520057928289,-0.03672254350100058,-0.007025209116875963,0.02829529213108946,0.0016927265109267006,0.9955228263896136,0.37092305730835995,0.06075886585148796
0.01696204239686287,0.994940508140705,24.297349059214685,-10.966796718312212,-283.96294995847995,-0.036731488233948624,-0.007024844310400895,0.0282937333486848,0.001692965605648062,0.9952658035015426,0.3708182055704897,0.06075531297175068
0.017444834041741346,0.9946501155295918,24.290211169711935,-10.963132467248823,-283.8688082693111,-0.036740944667533915,-0.007024458463920385,0.028292084718950197,0.0016932184751783325,0.9949941021297312,0.3707073670515742,0.06075155528900572
0.017941367414585727,0.9943431473797277,24.28266587051043,-10.959259099383567,-283.76929366394813,-0.03675094178677194,-0.0070240503653412065,0.028290341072345068,0.0016934859113079217,0.9947068937374314,0.3705902039739446,0.060747581017494785
0.018452033647035324,0.9940186690954208,24.2746901925753,-10.955164828435242,-283.6641032784067,-0.03676151018449505,-0.007023618732906204,0.02828849694298202,0.0016937687511253726,0.9944033041673466,0.3704663599793068,0.0607433776955952
0.018977235003533058,0.9936756947410221,24.266259905414877,-10.950837221178853,-283.5529176207721,-0.03677268214650594,-0.007023162211209875,0.02828654655176842,0.0016940678795833305,0.9940824112646957,0.37033545916283034,0.06073893214734308
0.019517385198199177,0.9933131843803102,24.257349451746137,-10.946263164037326,-283.4353997120239,-0.03678449174076106,-0.007022679366988301,0.02828448378860397,0.0016943842322068015,0.9937432423924647,0.37019710506368875,0.060734230441799465
0.02007290972072414,0.9929300412969113,24.24793187924437,-10.941428828130533,-283.3111941872222,-0.03679697491071226,-0.007022168684671126,0.028282302193584158,0.0016947187979512754,0.9933847718358788,0.3700508796109264,0.06072925785014244
0.02064424617153723,0.9925251090928007,24.237978769304867,-10.936319632818197,-283.17992635788244,-0.036810169572933746,-0.007021628561682123,0.02827999493715543,0.0016950726222185301,0.9930059180933886,0.3698963420235619,0.06072399880036262
0.021231844606515515,0.9920971686621108,24.227460162750393,-10.93092020765954,-283.04120123361486,-0.03682411571915972,-0.007021057303474896,0.02827755479916561,0.0016954468100384315,0.9926055410516377,0.36973302766399513,0.06071843682943303
0.02183616789150382,0.991644935037781,24.216344482425075,-10.92521435282267,-282.89460250377556,-0.036838855522843515,-0.0070204531182887385,0.028274974146752185,0.0016958425294252967,0.9921824390421846,0.3695604468438517,0.060712554532817584
0.022457692066925727,0.9911670541089985,24.20459845262494,-10.919184997864187,-282.7396914771679,-0.036854433450349125,-0.007019814111609673,0.02827224491100477,0.0016962610149178494,0.991735345778104,0.3693780835816009,0.06070633351117781
0.023096906722772235,0.9906620992077282,24.192187015326382,-10.912814158888654,-282.5760059799703,-0.03687089637686868,-0.007019138280320345,0.028269358562338753,0.0016967035713121666,0.9912629271689963,0.3691853943114183,0.0606997543141276
0.02375431538426417,0.9901285675632119,24.1790732431859,-10.906082894082338,-282.4030592117565,-0.03688829370714944,-0.0070184235065219825,0.02826630608451158,0.0016971715775974175,0.990763778013417,0.3689818065429839,0.060692796380881535
0.024430435908491324,0.9895648766238619,24.165218249299805,-10.898971257567439,-282.2203385582583,-0.036906677501097156,-0.007017667551010455,0.028263077947211224,0.0016976664911045993,0.9902364185683216,0.3687667174721784,0.06068543797763361
0.025125800892341392,0.9889693602467327,24.15058109373019,-10.891458251662668,-282.02730436298026,-0.03692610260430389,-0.007016868046388016,0.028259664077143105,0.0016981898518788898,0.9896792909957521,0.3685394925428527,0.06067765613149596
0.025840958092039536,0.988340264755472,24.135118686823457,-10.883521777507358,-281.8233886566155,-0.036946626783526886,-0.0070160224897909094,0.028256053827537795,0.0016987432872866983,0.9890907556877829,0.36829946396024854,0.060669426560819445
0.02657647085462985,0.9876757448686591,24.118785689369883,-10.875138584094257,-281.6079938454077,-0.03696831086711649,-0.007015128235212335,0.02825223594599901,0.0016993285168688161,0.9884690874715956,0.36804592915695966,0.06066072360171053
0.027332918561737557,0.9869738595014225,24.101534409680085,-10.866284215729788,-281.38049135894346,-0.03699121889036451,-0.0070141824853992354,0.028248198540608147,0.0016999473574516057,0.9878124716975452,0.3677781492127585,0.06065152013055102
0.028110897085962407,0.9862325674444685,24.083314697683562,-10.85693295805431,-281.1402202606898,-0.037015418245706415,-0.007013182283300349,0.02824392904419821,0.0017006017285284977,0.9871190002142237,0.36749534723010363,0.06064178748231692
0.02891101926026203,0.985449722925968,24.064073836188197,-10.847057782590557,-280.8864858205782,-0.03704097983767234,-0.007012124503041738,0.028239414176704905,0.0017012936579244883,0.9863866672357805,0.36719670666766474,0.06063149536448773
0.029733915360696004,0.9846230710632838,24.043756429477163,-10.83663029001237,-280.6185580544478,-0.037067978242433935,-0.00701100584040508,0.028234639905501367,0.0017020252877567872,0.9856133651081893,0.36688136963480694,0.06062061176632656
0.030580233602909672,0.9837502432132292,24.02230428946276,-10.825620652184284,-280.3356702317169,-0.03709649187174467,-0.00700982280278299,0.02822959140361859,0.0017027988807050238,0.9847968799827957,0.36654843515065916,0.06060910286330369
0.03145064065274975,0.982828752231403,23.999656319664247,-10.813997553146265,-280.0370173557292,-0.03712660314100843,-0.007008571698583853,0.028224253005748986,0.0017036168266049434,0.983934887407181,0.36619695737213165,0.060596932916427385
0.032345822151413565,0.981855987653332,23.975748397328246,-10.801728129215789,-279.72175462119014,-0.03715839864114667,-0.007007248626058462,0.028218608161928355,0.0017044816493796714,0.9830249478454757,0.3658259437960989,0.06058406416623855
0.03326648325554538,0.9808292108124105,23.95051325407062,-10.788777908384382,-279.3889958532788,-0.03719196931385718,-0.00700584946151853,0.028212639388788055,0.0017053960143231012,0.982064502142335,0.36543435344187164,0.06057045672121577
0.034213349192706126,0.9797455499122643,23.92388035548184,-10.775110749284996,-279.0378119354958,-0.03722741062977335,-0.007004369846916529,0.028206328218264905,0.00170636273575009,0.9810508669473421,0.3650210950211085,0.06055606844032972
0.035187165832652856,0.9786019950739754,23.895775780209675,-10.760688779936455,-278.66722923165236,-0.03726482276893783,-0.007002805176754782,0.028199655143653277,0.0017073847850284207,0.9799812301191214,0.36458502510344043,0.060540854809478906
0.036188700274879,0.977395393381717,23.866122099109717,-10.745472336657814,-278.2762280119997,-0.03730431080289911,-0.007001150584290617,0.028192599562882083,0.001708465299007583,0.9788526461314975,0.3641249462872788,0.06052476881152936
0.03721874145287729,0.9761224439537315,23.834838255141072,-10.729419903438599,-277.863740890993,-0.037345984877619434,-0.0069994009270028,0.028185139718895205,0.0017096075888595789,0.9776620315071073,0.3636396053866604,0.06050776078967487
0.038278100755602736,0.9747796930692758,23.801839444774973,-10.712488052218252,-277.42865128831096,-0.03738996039625657,-0.006997550771283611,0.0281772526370111,0.0017108151493468685,0.9764061603073686,0.3631276916463489,0.06048977830382828
0.039367612666623426,0.973363529386132,23.76703700178399,-10.694631384515935,-276.9697919245507,-0.03743635820073342,-0.00699559437631927,0.028168914059136834,0.001712091668532464,0.975081659711416,0.36258783499905795,0.060470765979746995
0.04048813542146414,0.9718701792875385,23.7303382843891,-10.675802474907272,-276.4859433644621,-0.03748530475085267,-0.0069935256771202535,0.028160098374708776,0.0017134410379470379,0.9736850057206023,0.3620186043802658,0.06045066535059083
0.04164055168365937,0.9702957024020614,23.691646566854903,-10.655951816971001,-275.9758326237604,-0.03753693229954162,-0.0069913382666619535,0.028150778548230705,0.0017148673632274595,0.9722125190294834,0.36141850611792864,0.06042941469060984
0.04282576924004974,0.9686359873447333,23.65086093674737,-10.635027772277429,-275.43813185442775,-0.03759137906261614,-0.006989025377094663,0.028140926043280157,0.0017163749752406505,0.9706603611087143,0.36078598241629306,0.06040694884065131
0.04404472171586787,0.9668867477330317,23.60787619919969,-10.612976523201416,-274.8714571286648,-0.03764878938125163,-0.006986579859981013,0.028130510742854047,0.0017179684417060741,0.9690245305501602,0.36011940995502045,0.06038319902517898
0.04529836931017829,0.9650435185367452,23.562582789669598,-10.589742030276083,-274.274367340159,-0.037709313875116585,-0.006983994165517589,0.02811950086592446,0.0017196525793290935,0.967300859729562,0.3594170986269806,0.06035809266049572
0.04658769955224966,0.9631016528264593,23.514866696814842,-10.565265994995904,-273.6453632461821,-0.03777310958388333,-0.00698126032069676,0.028107862880078247,0.0017214324664564782,0.9654850118474452,0.35867729044026825,0.06033155315386328
0.04791372807945657,0.9610563189913851,23.46460939726619,-10.539487828962205,-272.9828866737638,-0.03784034009456533,-0.0069783699063637045,0.028095561410116085,0.0017233134562638155,0.9635724784143974,0.35789815861231705,0.06030349969321923
0.04927749943732191,0.958902498503376,23.41168780423126,-10.512344630418584,-272.2853199171547,-0.037911175651844056,-0.006975314033122842,0.02808255914249232,0.0017253011904829114,0.9615585772525985,0.35707780688633156,0.06027384702719691
0.050680087902331354,0.9566349843102518,23.35597423202244,-10.483771169280006,-271.5509853552835,-0.03798579324824713,-0.006972083316047544,0.028068816725480072,0.001727401613675307,0.9594384510911318,0.35621426910267673,0.060242505235166985
0.052122598328167666,0.95424837994785,23.297336378762527,-10.453699881810945,-270.77814531938503,-0.03806437669071266,-0.006968667848146271,0.028054292664956144,0.0017296209880554789,0.9572070668384681,0.3553055090602774,0.06020937948703159
0.053606167016030895,0.9517370994665874,23.235637329683577,-10.42206087626993,-269.9650022450809,-0.038147116639733004,-0.006965057172538404,0.02803894321570663,0.0017319659088645529,0.9548592156212752,0.35434942070548153,0.060174369792522074
0.0551319626097316,0.9490953682744637,23.170735583593384,-10.388781950848466,-269.1096991436719,-0.038234210616902874,-0.006961240253293091,0.028022722268167388,0.0017344433202919653,0.9523895136842562,0.35334382868817893,0.060137370739773044
0.05670118701626013,0.946317225004426,23.102485105236443,-10.353788625352085,-268.21032043047586,-0.03832586297632404,-0.006957205444884767,0.02800558123052519,0.0017370605319386259,0.9497924042511565,0.3522864893272213,0.06009827122297495
0.05831507635255877,0.9433965245196464,23.030735406423638,-10.31700418814885,-267.26489315017835,-0.03842228483491125,-0.006952940460220041,0.02798746890612344,0.0017398252358106709,0.947062160452032,0.35117509202924707,0.060056954158940065
0.05997490191924116,0.9403269421753275,22.955331658935695,-10.278349759966403,-266.27138864069434,-0.03852369395624206,-0.006948432337191553,0.027968331366133303,0.0017427455238276978,0.9441928894263704,0.3500072612068906,0.060013296192459015
0.06168197120202805,0.9371019794601069,22.876114842324196,-10.237744376197,-265.2277246791438,-0.03863031458216255,-0.006943667403716552,0.02794811181747549,0.0017458299058234698,0.9411785377154466,0.34878055874392017,0.05996716739037078
0.0634376289016857,0.9337149711436923,22.792921929829074,-10.195105089422066,-264.13176815501913,-0.03874237720593515,-0.006938631241219795,0.027926750466002036,0.00174908732801031,0.9380128980602171,0.34749248705608565,0.05991843092432881
0.06524325799328021,0.9301590940598119,22.70558611570001,-10.150347093892396,-262.9813383163895,-0.03886011828027973,-0.006933308646523727,0.02790418437497901,0.0017525271918707238,0.9346896177229739,0.3461404927971843,0.05986694274230823
0.06710028081558078,0.9264273776548129,22.61393708724893,-10.103383873754554,-261.774210636461,-0.038983779853225244,-0.006927683592112125,0.027880347318945547,0.0017561593734310426,0.9312022084515493,0.3447219712601278,0.05981255122897629
0.06901016019147191,0.9225127164318516,22.517801344957995,-10.054127376788477,-260.50812134735173,-0.03911360912426773,-0.006921739184738297,0.027855169633062445,0.0017599942428620998,0.9275440582039842,0.3432342715223616,0.059755096855136546
0.07097440058025478,0.9184078844185242,22.41700257392422,-10.002488215418417,-259.1807726879502,-0.039249857912919614,-0.0069154576223539824,0.027828578058111883,0.001764042684340752,0.923708444748967,0.34167470238389686,0.05969441181655484
0.07299454926274732,0.9141055517815955,22.311362069825588,-9.948375896722723,-257.78983891189955,-0.03939278203135287,-0.0069088201493418214,0.027800495581356766,0.0017683161160936894,0.9196885512527072,0.3400405391442126,0.05963031966259025
0.07507219756011509,0.9095983037060551,22.200699222438878,-9.891699083079677,-256.3329730996194,-0.0395426405524848,-0.006901807010041765,0.027770841273530463,0.0017728265105309623,0.915477483956144,0.3383290312614442,0.0595626349151832
0.07720898208739527,0.9048786616466428,22.084832059522547,-9.832365884989935,-254.80781481586592,-0.039699694964548164,-0.0068943974005707485,0.027739530122287897,0.0017775864143610301,0.9110682920370258,0.3365374109332847,0.059491162678897994
0.0794065860426983,0.8999391070482277,21.963577853586216,-9.770284187479856,-253.21199865088508,-0.039864208202936915,-0.0068865694189455436,0.027706472862524662,0.0017826089685618204,0.9064539897394907,0.33466290263401377,0.059415698242880254
0.08166674053310484,0.8947721076164948,21.836753793703995,-9.705362011297392,-251.5431636783058,-0.04003644354993335,-0.006878300013530622,0.027671575804051725,0.0017879079280628456,0.9016275808388793,0.3327027336357566,0.05933602667577603
0.0839912259383019,0.8893701462023931,21.704177724076278,-9.63750790989175,-249.79896385724572,-0.040216663392824835,-0.006869564929846897,0.027634740657199775,0.0017934976809721062,0.8965820854915709,0.33065414553451417,0.0592519224148621
0.08638187331303132,0.8837257523423349,21.565668950510968,-9.566631402912913,-247.97707939945084,-0.04040512783091448,-0.0068603386557931495,0.027595864357032828,0.0017993932671577376,0.8913105694985637,0.3285144067925748,0.05916314885086699
0.08884056582945803,0.8778315364712239,21.421049115365467,-9.492643446633599,-246.07522911359828,-0.04060209312204523,-0.006850594365350119,0.027554838886954845,0.0018056103959683107,0.8858061759870737,0.3262808262986313,0.05906945791021698
0.09136924026059069,0.8716802267970832,21.270143140773424,-9.415456941348339,-244.09118372972043,-0.04080780995949618,-0.00684030386085796,0.02751155110261878,0.0018121654628468202,0.8800621594868446,0.323950767935225,0.058970589636721284
0.09396988850592616,0.8652647087942237,21.112780239170398,-9.334987275390473,-242.0227801957374,-0.041022521570508425,-0.006829437513981324,0.027465882557177516,0.0018190755645620979,0.8740719223469755,0.3215216661301154,0.05886627177502163
0.0966445591605173,0.858578067236836,20.94879498923191,-9.251152904956003,-239.86793692604775,-0.04124646162824848,-0.006817964205502561,0.027417709329062574,0.0018263585127467348,0.8678290534052356,0.3189910423538247,0.0587562193584716
0.09939535912870316,0.8516136306568491,20.778028474357257,-9.163875968419458,-237.62466996859038,-0.041479851969766356,-0.006805851264113499,0.027366901853633333,0.0018340328453931678,0.8613273687852037,0.3163565225101215,0.05864013430448489
0.10222445528376908,0.844365018069162,20.60032947977222,-9.073082933293525,-235.29111004238436,-0.0417229001134428,-0.0067930644044094084,0.02731332476021165,0.0018421178359187323,0.8545609546576161,0.31361585514965995,0.05851770502079933
0.10513407617484674,0.8368261877644796,20.415555743204052,-8.97870527340689,-232.86552038180636,-0.041975796570581765,-0.006779567664326355,0.02725683671619912,0.0018506334993662783,0.8475242117614191,0.310766930419663,0.05838860602654605
0.10812651378239671,0.8289914879256246,20.223575252906908,-8.88068017327402,-230.34631530740344,-0.042238711947197354,-0.006765323342304254,0.02719729028017495,0.001859600595259301,0.8402119014379499,0.307807799644615,0.058252497592494436
0.11120412532365953,0.8208557087779266,20.024267585612765,-8.77895125600795,-227.73207942575715,-0.04251179383367729,-0.006750291934504473,0.027134531766081382,0.0018690406265792665,0.8326191928890494,0.3047366954147902,0.05810902540536081
0.1143693351094933,0.8124141359392417,19.81752527576482,-8.673469330491372,-225.02158734316885,-0.04279516348190257,-0.00673443207246169,0.027068401120831108,0.001878975834277882,0.8247417113276727,0.3015520520413713,0.05795782026162521
0.11762463645406383,0.8036626045909645,19.603255206183526,-8.564193152897126,-222.21382376024297,-0.043088912271555785,-0.006717700461606307,0.026998731817907382,0.0018894291866787816,0.8165755866486053,0.2982525262193624,0.057798497796897774
0.12097259363888899,0.794597554049376,19.381380009147172,-8.45109019701706,-219.3080037963997,-0.0433930979697803,-0.006700051821155717,0.0269253507697786,0.0019004243630608931,0.808117502208301,0.2948370177228543,0.057630658257506434
0.12441584393278828,0.785216082277839,19.151839465764176,-8.334137427275056,-216.30359337635832,-0.04370774079104672,-0.006681438825941065,0.026848078262210223,0.0019119857306505886,0.7993647432677012,0.2913046899419718,0.0574538863216522
0.12795709966932384,0.7755159998458012,18.914591890505726,-8.213322067739401,-213.20032949407786,-0.04403281926704929,-0.00666181205081054,0.02676672791382589,0.0019241383141811864,0.7903152446213443,0.28765499005743594,0.05726775097817905
0.13159915038337305,0.765495882811555,18.669615486880925,-8.088642359948409,-209.99824015452074,-0.04436826593967602,-0.006641119918331891,0.026681106664548693,0.0019369077571070863,0.7809676369112037,0.2838876686376085,0.05707180547174564
0.1353448650085145,0.7551551239832353,18.416909659505365,-7.960108301926477,-206.69766378002763,-0.04471396289356912,-0.006619308650604864,0.026591014796834143,0.0019503202734863173,0.7713212911056322,0.28000279843462816,0.056865587323948634
0.13919719413695697,0.7444939819977267,18.15649626726574,-7.827742360414116,-203.2992678566626,-0.04506973714849312,-0.006596322226090219,0.026496245993889358,0.0019644025894699564,0.7613763606134929,0.2760007921511468,0.05664861844073402
0.1431591723437957,0.7335136276507884,17.888420801938377,-7.691580148065641,-199.80406658668144,-0.04543535593563263,-0.006572102342465068,0.02639658743935358,0.0019791818732607823,0.7511338205019807,0.2718824189476784,0.056420405317231484
0.14723392057742116,0.7222161869145954,17.612753476508566,-7.551671057201841,-196.2134373068284,-0.04581052188603126,-0.006546588386624943,0.026291819963185338,0.0019946856523274307,0.7405955032942886,0.2676488194629106,0.056180439351955144
0.15142464861796814,0.7106047800914801,17.329590207571684,-7.408078841648304,-192.52913542882922,-0.04619486816361228,-0.006519717413071684,0.02618171823876315,0.0020109417165854074,0.7297641308408629,0.26330151912573574,0.055928197283109674
0.15573465760573776,0.6986835565751978,17.039053476588467,-7.260882138239762,-188.7533076581556,-0.04658795357955793,-0.006491424132051836,0.0260660510364428,0.002027978006184318,0.7186433417855694,0.258842439548341,0.05566314176052415
0.16016734264158938,0.6864577247234676,16.741293055426176,-7.11017491973925,-184.88850325038584,-0.04698925772923063,-0.006461640908943925,0.025944581539025794,0.0020458224824729727,0.7072377141855706,0.25427390780440834,0.055384722067478756
0.16472619546134434,0.6739335763876588,16.436486582536386,-6.9560668711999725,-180.93768307116315,-0.047398176197226104,-0.006430297776532553,0.025817067724771076,0.0020645029806525446,0.695552782891022,0.24959866341524786,0.05509237500738228
0.16941480718631355,0.6611185056963441,16.124839977295494,-6.79868368218479,-176.90422623593972,-0.04781401588053741,-0.006397322461954281,0.025683262823709734,0.002084047042575695,0.6835950513467146,0.24481986288915814,0.05478552597087198
0.17423687115211117,0.6480210217484894,15.806587681449097,-6.638167247749419,-172.79193411941023,-0.04823599048408142,-0.006362640430251247,0.02554291585309925,0.0021044817281080526,0.6713719975419823,0.23994108168520253,0.054463590199429306
0.17919618581798882,0.6346507549376001,15.481992718228438,-6.474675771673438,-168.6050315414747,-0.04866321624698004,-0.0063261749466248084,0.025395772237861075,0.0021258334034421765,0.6588920739060284,0.23496631350131167,0.054125974261987404
0.18429665775897455,0.6210184566992075,15.151346561527273,-6.308383766085562,-164.34816495678228,-0.049094707961889854,-0.00628784715963981,0.025241574521775823,0.002148127504744693,0.646164701021907,0.22989996681763403,0.053772077761246796
0.18954230474317915,0.6071359925484018,14.81496880949393,-6.139481942352696,-160.0263974978746,-0.04952937535331023,-0.006247576207788978,0.025080063175049395,0.0021713882755306922,0.6332002551119804,0.22474685865862143,0.05340129528644962
0.194937258896692,0.5930163283503707,14.473206658977308,-5.968176988881767,-155.64520074765153,-0.04996601988406574,-0.006205279351984864,0.02491097750359783,0.002195638476197553,0.6200100493288834,0.21951220557070958,0.05301301862918042
0.20048576995855769,0.5786735098428009,14.126434179418574,-5.794691232294695,-151.21044314476345,-0.05040333206201411,-0.006160872136699241,0.0247340566650181,0.002220899064220057,0.6066063089669331,0.21420161184587888,0.05260663927830327
0.20619220862840293,0.5641226355027376,13.775051386962136,-5.619262179274179,-146.72837495538363,-0.05083988932137385,-0.006114268582614982,0.024549040795699473,0.002247188843612812,0.5930021407873647,0.20882105505397544,0.05218155120937978
0.2120610700093435,0.5493798229201946,13.419483121726453,-5.442141937226077,-142.2056097763264,-0.05127415455484449,-0.006065381413788335,0.024355672252878005,0.0022745240824115784,0.579211496725135,0.20337686897776738,0.0517371539827933
0.21809697714888912,0.5344621689046604,13.060177733284084,-5.2635965127516355,-137.64910256718298,-0.05170447537380831,-0.006014122322435331,0.024153696974629005,0.002302918097116905,0.5652491323130462,0.19787572407345838,0.05127285616328144
0.22430468468063083,0.5193877036071172,12.697605581414795,-5.083904987767878,-133.06612424291296,-0.052129084174295,-0.005960402274549734,0.02394286595982359,0.0023323808032871957,0.5511305602193194,0.1923246056052209,0.050788079071615345
0.23068908256958612,0.5041753389880088,12.33225736107906,-4.903358573949977,-128.46423289282686,-0.05254609908596385,-0.005904131859625326,0.023722936868935444,0.002362918231770727,0.5368719993458049,0.18673078962461764,0.050282260876701984
0.23725519996414396,0.4888448119997839,11.96464226228729,-4.722259546998439,-123.85124172685873,-0.05295352588003962,-0.005845221687784046,0.023493675745268623,0.002394532010432363,0.5224903199748491,0.18110181698418393,0.04975486103339333
0.2440082091576504,0.4734166228805087,11.59528597708406,-4.540920063062753,-119.23518388542517,-0.05334926090985073,-0.005783582837597409,0.02325485885468504,0.002427218811667139,0.5080029854823179,0.17544546558857124,0.049205365067714696
0.2509534296627502,0.4579119689724115,11.224728567217866,-4.359660860487116,-114.62427428464996,-0.053731095154267744,-0.005719127357821052,0.023006274640246106,0.0024609697665049337,0.4934279911522977,0.1697697210964136,0.048633289707042615
0.2580963324017018,0.44235267448614957,10.853522207211775,-4.1788098509007545,-110.02686870442258,-0.05409671942987055,-0.005651768826132795,0.022747725786348125,0.0024957698467034262,0.47878380063509696,0.1640827462914183,0.048038188347940346
0.26544254401595624,0.4267611166286107,10.482228818489226,-3.9987006045645694,-105.45142036233584,-0.054443730831991735,-0.005581422967761378,0.022479031384947924,0.002531597216904457,0.46408928058481086,0.15839284934225975,0.04741965684887885
0.2729978512984031,0.41116014849999627,10.111417610945542,-3.819670735827255,-100.90643425201999,-0.05476964045783815,-0.005508008336605746,0.02220002919435223,0.002568422559695689,0.44936363399627277,0.15270845116791376,0.04677733962892308
0.2807682057517685,0.3955730191459329,9.74166254889942,-3.642060195554054,-96.40041955960382,-0.05507188245661424,-0.005431447061060324,0.021910577978812167,0.002606208377276976,0.4346263327346967,0.14703805211853774,0.0461109360466537
0.2887597282767644,0.38002329112392697,9.373539758722446,-3.466209478483569,-91.94184050671758,-0.05534782444192018,-0.005351665656268131,0.021610559914855613,0.002644908274379849,0.41989704971563246,0.1413901981723282,0.04542020702614922
0.29697871399367154,0.3645347559122464,9.007624895649547,-3.2924577546578724,-87.5390660024378,-0.05559477929062729,-0.005268595903907848,0.021299883047937,0.002684466228127618,0.40519559114962084,0.13577344683662254,0.04470498188880901
0.30543163720116256,0.3491313474550921,8.644490487333277,-3.12114093536422,-83.20031851938897,-0.05581001833993409,-0.005182175799869432,0.02097848378063392,0.002724815851649347,0.3905418292163184,0.13019633292742502,0.043965165341220046
0.31412515647626754,0.3338370541027738,8.284703271644736,-2.9525896854274314,-78.93362264044681,-0.05599078598036625,-0.0050923505692744165,0.02064632937132735,0.0027658796594671074,0.37595563547878896,0.1246673343863046,0.043200744560247736
0.3230661199194979,0.31867582917143544,7.928821546063277,-2.7871273951934072,-74.74675375148924,-0.056134315627128936,-0.004999073747238445,0.02030342042010896,0.0028075683439531493,0.3614568152916968,0.11919483827788759,0.04241179630717157
0.3322615705492686,0.3036715003157104,7.577392545752436,-2.6250681271319922,-70.64718738166759,-0.056237847035486274,-0.00490230832254523,0.01994979331664095,0.0028497800734894356,0.3470650433989644,0.11378710709567671,0.041598493993136004
0.34171875184985556,0.28884767788156657,7.230949867110474,-2.466714553638038,-66.64204971486947,-0.05629864490780121,-0.004802027939995574,0.019585522622895018,0.002892399824339472,0.3327998008590544,0.10845224548938046,0.040761114608612266
0.35144511347726926,0.2742276623871562,6.890010953222391,-2.312355904285398,-62.7380698134179,-0.0563140187206116,-0.004698218155604951,0.019210723362190887,0.0029352987596417144,0.3186803133807395,0.10319816751394409,0.0399000454201664
0.3614483171275303,0.25983435126854426,6.555074657236996,-2.162265942445583,-58.941534106525886,-0.05628134367977827,-0.004590877737048926,0.018825553184790164,0.0029783336703286703,0.3047254911009898,0.09803256448962942,0.03901579032883123
0.3717362425719814,0.24569014502607442,6.226618899253899,-2.016700992762282,-55.258243700498085,-0.0561980826904613,-0.004480019999799214,0.01843021437953881,0.0030213464941375575,0.29095386979065235,0.09296287355431392,0.03810897577604594
0.38231699386437595,0.23181685291707183,5.905098431834039,-1.8758980424086598,-51.69347506397719,-0.056061809206662386,-0.0043656741672637184,0.01802495570072823,0.003064163930170746,0.2773835534345395,0.08799624698408001,0.03718035607573215
0.39319890572464306,0.21823559836242434,5.590942728740288,-1.7400729402719672,-48.25194462862852,-0.05587023080253341,-0.004247886740957716,0.017610073979500766,0.0031065971676484173,0.26403215810142794,0.08313952235643748,0.03623081804493183
0.40439055010435015,0.2049667242688557,5.284554010968935,-1.609418719128174,-44.93777782254763,-0.05562121328484366,-0.004126722864313601,0.017185915489771518,0.0031484417485256617,0.2509167569974824,0.07839919363239643,0.03526138480086181
0.4159007429390459,0.19202969851561252,4.98630542353835,-1.4841040664059149,-41.754483019588434,-0.05531280514321883,-0.004002267661218272,0.016752877039778673,0.003189477584472005,0.23805382658461968,0.07378138323913391,0.03427321858957769
0.42773855109278824,0.1794430199136028,4.696539375848874,-1.364271969211816,-38.70493084222987,-0.05494326211233585,-0.003874627527792731,0.016311406761985402,0.0032294691492777516,0.22545919364408676,0.06929181524415115,0.033267622511031776
0.43991329950033947,0.1672241250159837,4.415566057705057,-1.2500385588202951,-35.79133919828126,-0.05451107159853104,-0.0037439313533542897,0.01586200457609532,0.003268165867999665,0.21314798317542188,0.06493578972435043,0.03224604100748789
0.45243457851264474,0.15538929624082098,4.143662142286254,-1.1414921787540184,-33.01526436288528,-0.05401497670265621,-0.0036103316439951142,0.015405222302344741,0.003305302724025082,0.20113456704246466,0.06071815844910303,0.03121005898734711
0.46531225145139427,0.14395357185701135,3.881069686451645,-1.038692698841875,-30.377598337481334,-0.053453999551917354,-0.0034740055198522503,0.01494166340491321,0.0033406011046538623,0.18943251331108293,0.05664330201457974,0.030161399464734045
0.478556462378603,0.1329306584820813,3.6279952377621325,-0.9416710952050412,-27.878572627726495,-0.05282746363630363,-0.0033351555550271018,0.014471982348146006,0.0033737699047042317,0.17805453626766793,0.052715108586783715,0.029101919606955396
0.49217764408734016,0.12233284684212582,3.3846091564824325,-0.8504293129761795,-25.517768484349983,-0.052135014830562126,-0.003194010427341029,0.013996883551199078,0.0034045069059765085,0.16701244716265415,0.048936954432032526,0.02803360509736079
0.5061865263199,0.11217093164690205,3.1510451595888744,-0.7649404247162965,-23.294133546523494,-0.05137664077099635,-0.0030508253438054312,0.013517119929579548,0.0034325004480929623,0.1563171057886304,0.0453116864352049,0.026958562740346467
0.5205941442198817,0.10245413653319747,2.9274000924453882,-0.6851490930003388,-21.20600471896132,-0.05055268824820892,-0.0029058822069637255,0.01303349101475791,0.0034574314032153257,0.14597837307671316,0.04184160682677159,0.025879011258283877
0.5354118470248508,0.09319004512309984,2.7137339323188585,-0.6109723405701551,-19.25113700432121,-0.04966387827283443,-0.0027594894872599463,0.012546840645479233,0.003478975463371191,0.13600506497646395,0.038528460358360606,0.02479727025695654
0.5506513070064117,0.08438453932612132,2.5100700262867246,-0.5423006259047527,-17.426737904563463,-0.04871131847188406,-0.002611981767437195,0.012058054226527958,0.0034968057445587787,0.12640490797169163,0.035373424182061866,0.023715747366479783
0.5663245286647467,0.07604174608045773,2.316395564341679,-0.4789992161643052,-15.729506901817345,-0.04769651247913563,-0.0024637189267974597,0.011568055552474338,0.003510595706419688,0.11718449667474212,0.03237710069951125,0.02263692359832233
0.5824438581848539,0.06816399377428863,2.1326622866249787,-0.42090984338537407,-14.155679434157324,-0.04662136599461325,-0.0023150849360822822,0.011077803195349002,0.0035200223800675194,0.10834925403283874,0.02953951365175587,0.021563336995496552
0.5990219931619494,0.060751779607638105,1.9587874217245171,-0.36785262371583255,-12.70107469750581,-0.04548818920616781,-0.0021664862378629616,0.01058828645629955,0.003524769889653375,0.09990339476833725,0.026860107718533106,0.020497564691605654
0.616071992603674,0.05380374914463579,1.79465485086624,-0.31962821357487503,-11.361146534451713,-0.04429969529098994,-0.0020183496927365535,0.010100520882172882,0.0035245332454855154,0.09184989275739228,0.024337751884852554,0.01944220353445932
0.6336072872169982,0.04731668926016584,1.6401164906215406,-0.2760201711022944,-10.131036616520145,-0.04305899474700273,-0.0018711200783513577,0.009615543348809479,0.0035190223780795856,0.08419045312438704,0.02197074681238846,0.018399849470460958
0.651641689987919,0.04128553560049998,1.494993884471589,-0.23679748632167708,-9.005629090306071,-0.04176958534382737,-0.0017252571363319986,0.00913440671383222,0.003507966373517348,0.07692548988894755,0.01975683642246707,0.017373075925852903
0.670189407062298,0.035703395551367076,1.3590799912414304,-0.20171723926975774,-7.979605841254325,-0.0404353375306152,-0.001581232171486498,0.008658174043109177,0.00349111786109526,0.07005411004417379,0.01769322385570807,0.016364411458981078
0.6892650489363895,0.03056158753724466,1.232141156079029,-0.17052734210535936,-7.047501532438368,-0.03906047519353892,-0.0014395242181435733,0.008187912417307158,0.0034682574946566036,0.06357410496487848,0.015776591920475133,0.01537631699271101
0.7088836419658919,0.02584969726205287,1.113919247347399,-0.1429693190453478,-6.203757599418316,-0.03764955171899498,-0.0013006157999103773,0.007724686328423831,0.0034391984594746806,0.057481950039311155,0.014003128078459279,0.0144111629666318
0.7290606402025817,0.021555651244893066,1.0041339405652336,-0.11878107698541074,-5.442774425372264,-0.036207421389218127,-0.0011649883213140858,0.007269550681149221,0.003403790927383279,0.05177281338340009,0.012368553941608964,0.01347120677336039
0.7498119375678466,0.017665807708351765,0.9024851284163437,-0.09769961991106726,-4.758960981688066,-0.03473920621441187,-0.0010331171423806583,0.006823543421012985,0.0033619263743796196,0.04644057443029355,0.010868159171569074,0.012558570860774543
0.7711538803727309,0.014165064546095098,0.8086554338934692,-0.07946366170927138,-4.146781295921395,-0.033250258388723475,-0.00090546639983051,0.006387677820855032,0.003313541667532919,0.04147785308760842,0.009496839582491149,0.01167522189114441
0.7931032801943232,0.011036983738596844,0.7223128018954446,-0.06381609472282315,-3.600797198811493,-0.03174611864520103,-0.0007824836507952027,0.00596293446885449,0.003258622822115898,0.03687605001954019,0.008249139152962714,0.01082295134785827
0.8156774271186552,0.008263931210074873,0.6431131431113888,-0.05050627526724753,-3.115706901851926,-0.030232470875679842,-0.0006645944262949861,0.005550253015890436,0.0031972083258752343,0.03262539844100237,0.007119295555668558,0.010003357969933641
0.8388941033605247,0.0058272307371882055,0.5707030028573106,-0.0392920922475502,-2.6863790634498868,-0.02871509347344728,-0.0005521967916503953,0.00515052375697524,0.003129391925697649,0.028715027608035234,0.006101288717526808,0.009217832373285582
0.8627715972709962,0.00370733014343092,0.5047222267537036,-0.029941790775453773,-2.307882111634166,-0.027199807947300054,-0.0004456560190118366,0.004764579139539253,0.003055324772993108,0.02513303795638388,0.005188891832096573,0.008467544185653922
0.8873287177435816,0.0018839776555621488,0.44480659478825635,-0.022235529156073325,-1.9755087011252321,-0.02569242544272657,-0.00034529948278352445,0.004393185311774388,0.0029752168283195745,0.021866587583067882,0.004375724163669594,0.007753431979447256
0.9125848090304755,0.00033640597419972666,0.3905903954701661,-0.015966654482938887,-1.6847952891933555,-0.02419869188665714,-0.0002514118914479452,0.004037033844608058,0.002889337433375957,0.018901989490948443,0.003655304912500866,0.007076196234258031
0.9385597659804938,-0.0009564786664210912,0.34170891243562834,-0.010942689234751887,-1.4315369148860393,-0.0227242325436439,-0.00016423096880278706,0.0036967337801117233,0.0027980149696844596,0.016224818731561706,0.0030211073565030687,0.006436295499615578
0.965274049710751,-0.0020159053908742597,0.29780079707181883,-0.006986028301050282,-1.2117973574416983,-0.02127449683045414,-8.394369364734803e-05,0.0033728041783591084,0.0027016355382336525,0.013820028296559041,0.0024666124496228008,0.005833945860250133
0.9927487037243807,-0.00286304861184801,0.25851030240361733,-0.003934352776975383,-1.0219149295801238,-0.01985470427997714,-1.0683199371359251e-05,0.0030656673480542974,0.00260064061287205,0.011672072333879555,0.0019853610436640274,0.005269123732735351
1.0210053704870292,-0.003518842141744459,0.2234893557359365,-0.0016407731107822947,-0.8585042287076975,-0.018469792571227526,5.5473576275409955e-05,0.0027756429564352886,0.0024955236422427056,0.00976503501269923,0.0015710039103691829,0.004741571946156493
1.0500663084751527,-0.004003800603582471,0.19239945019334823,2.627997143908889e-05,-0.7184542224412928,-0.017124368547652546,0.00011450741553596206,0.002502943216927456,0.0023868256000724817,0.008082763143135668,0.0012173487751368638,0.004250808982951209
1.0799544097095837,-0.00433785113842567,0.16491333850820683,0.0011833936746847742,-0.5989230844465834,-0.015822663128832876,0.00016645746105368856,0.0022476693467638645,0.002275129511039928,0.006609000483383603,0.0009184036326298719,0.0037961411819454976
1.1106932177881348,-0.00454017819725479,0.14071651587391262,0.0019327133049118822,-0.4973302216960892,-0.01456849097964484,0.00021142093441928203,0.0020098094750071716,0.0021610540086676767,0.005327521547404371,0.0006684156961802,0.0033766776364839925
1.1423069464314755,-0.004629083911751019,0.11950848251431072,0.0023626545065082902,-0.4113459459982874,-0.01336521573528084,0.00024955191695266385,0.0017892381558686004,0.00204524601146947,0.004222262667555648,0.0004619054346510453,0.002991347458939898
1.1748204985568822,-0.004621866169309594,0.10100378057866269,0.002548755920016977,-0.33887924152351306,-0.012215721490379798,0.000281059199927813,0.0015857176120633195,0.0019283726332583078,0.003277448074036514,0.0002936952688033127,0.0026389190310839566
1.2082594858948745,-0.004534716084329367,0.08493280390928677,0.0025546397224328475,-0.27806406739514716,-0.011122391146982876,0.0003062032348498735,0.0013989007887300906,0.001811112471520651,0.002477708830532193,0.00015893263031031328,0.0023180208195535614
1.242650249164223,-0.004382636075516031,0.07104238328872403,0.0024330481491493783,-0.227244612464079,-0.010087092081081973,0.0003252922372358378,0.0012283362500660378,0.001694146443272317,0.0018081926141372694,5.3107225967019874e-05,0.0020271633083273023
1.2780198788211774,-0.004179379246152287,0.0590961535108492,0.002226925102518004,-0.18495988908842045,-0.009111169434327266,0.0003386775187875241,0.0010734748930976638,0.0015781483592995508,0.0012546625440315834,-2.793750787799093e-05,0.0017647615867202586
1.3143962363992945,-0.003937410241502568,0.04887471218768866,0.0019705140674093216,-0.14992801655091587,-0.008195447169933461,0.00034674814208031254,0.0009336783939745735,0.0014637754442725548,0.000803583538611968,-8.799863610916548e-05,0.0015291581320215043
1.3518079764566482,-0.0036678872444384698,0.040175583417851525,0.0016904465049294205,-0.12103050417745806,-0.007340236854843275,0.000349925008256801,0.0008082292405408905,0.001351659020708719,0.00044219500284717176,-0.0001305133856218207,0.0013186453397845256
1.3902845691477506,-0.00338066428425671,0.032813002076703714,0.0014067979554564139,-0.09729680080780442,-0.006545353949311845,0.0003486545012270096,0.000696342146458144,0.0012423955785475264,0.00015856900467966871,-0.00015856386365195054,0.001131487381753908
1.4298563234379118,-0.0030843125901101054,0.02661753666685894,0.0011340927571251835,-0.07788933313420472,-0.00581014120622446,0.0003434018212061684,0.0005971765871796191,0.0011365384485161432,-5.834652025138404e-05,-0.00017488636062731365,0.0009659410096701248
1.4705544109783693,-0.0027861593348168946,0.021435570372541395,0.0008822422195149252,-0.06208921203212259,-0.005133498611880692,0.00033464414586422813,0.0005098501531359156,0.0010345902864722107,-0.00021869960744815093,-0.00018188468344380851,0.000820274969892345
1.5124108906609577,-0.0024923418004933677,0.01712866100398474,0.000657404839980747,-0.04928274424694854,-0.004513919143922697,0.0003228637588751286,0.00043345237967811715,0.0009369965573070771,-0.00033172083981712413,-0.00018164690666145272,0.0006927877487250659
1.555458733871709,-0.0022078747616596684,0.013572801000147183,0.0004627608561608276,-0.03894884783395166,-0.003949529486344834,0.00030854128340904803,0.00036705869383975103,0.0008441401815965303,-0.00040572400506111266,-0.000175964895054998,0.0005818234278585139
1.5997318504632196,-0.0019367287241444135,0.010657598640954396,0.00029919697433054154,-0.03064743439541438,-0.003438134731225167,0.00029214915244575097,0.0003097441094620495,0.0007563374763047083,-0.0004481198645567902,-0.00016635593988674374,0.0004857854899637514
1.6452651154662874,-0.0016819165769509127,0.008285401002839856,0.0001659002505322525,-0.024008789821388776,-0.0029772660162744316,0.00027414543908467986,0.0002605963125795698,0.0006738354841470327,-0.0004654417931929043,-0.00015408586032336115,0.000403148477302423
1.692094396561823,-0.0014455862083278144,0.006370378300526822,6.086279865188818e-05,-0.018723958567384257,-0.0025642299994911664,0.00025496815866013565,0.0002187278016521263,0.0005968107454317647,-0.00046338183174011804,-0.00014019294905492192,0.0003324674654628452
1.7402565823347322,-0.001229116703637757,0.004837587849651667,-1.869872897221152e-05,-0.014536114061841323,-0.00219615905895512,0.00023503014094484572,0.00018328678634127707,0.0005253695232962769,-0.00044683554001778513,-0.0001255121865806095,0.00027238536922515706
1.7897896113319542,-0.0010332158731772693,0.003622034190905147,-7.600313970494363e-05,-0.011232879828919393,-0.0018700611272558585,0.0002147145556084731,0.00015346659887879632,0.0004595494497049014,-0.00041995395335334276,-0.00011069920875725945,0.00022163814913255417
1.8407325019475982,-0.000858017042046658,0.0026677401816299186,-0.00011443711468235376,-0.008639552302574004,-0.001582868124897354,0.00019437115779628763,0.00012851343111205878,0.00039932251709526106,-0.000386200921568848,-9.625358187897683e-05,0.00017905802950280545
1.8931253831587025,-0.0007031732573824296,0.0019268417976576004,-0.0001373521221779655,-0.006613166317990706,-0.0013314820427101346,0.00017431330353441193,0.00010773227717855586,0.0003445993010124963,-0.00034841414073956623,-8.25410139123653e-05,0.0001435748749823402
1.94700952613581,-0.0005679473139890716,0.0013587172715005386,-0.0001479174761214201,-0.005037337759274921,-0.0011128178357422288,0.00015481576706839157,9.049103072751626e-05,0.0002952342637743685,-0.0003088682628440652,-6.981420588993178e-05,0.00011421590155932461
2.002427376753313,-0.0004512962606098053,0.0009291592578224767,-0.0001490211114730576,-0.003817814431379972,-0.000923842425082859,0.00013611337458102886,7.622275397329466e-05,0.0002510319597110532,-0.00026933858312048976,-5.8232121812167396e-05,9.010391673074328e-05
2.059422589025106,-0.00035194932557499985,0.0006095967349566597,-0.00014320986953900223,-0.00287866516040043,-0.0007616092538091625,0.00011840045118885302,6.442620057859782e-05,0.00021175394000876542,-0.00023116395995072817,-4.787752742368998e-05,7.045429756806868e-05
2.1180400594919413,-0.0002684784752056482,0.0003763714069081636,-0.0001326615453623673,-0.0021590381355906024,-0.0006232880023105914,0.00010183106088668629,5.466473192027282e-05,0.00017712614037083957,-0.00019530779960268924,-3.8772714141101446e-05,5.457091976435241e-05
2.17832596258753,-0.00019936107351717507,0.0002100716513291288,-0.00011918159741093953,-0.0016104220038573877,-0.0005061892299856874,8.652000250721601e-05,4.656381442654944e-05,0.0001468465281278806,-0.0001624161186394934,-3.089338105044156e-05,4.184124998338734e-05
2.2403277870113123,-0.0001430343575322647,9.492553990785318e-05,-0.00010421818619963226,-0.001194347041181273,-0.0004077838683643811,7.254450898237051e-05,3.98073226355115e-05,0.00012059278723774418,-0.00013287189021246647,-2.4180697453647488e-05,3.1730807542611214e-05
2.3040943731364663,-9.794167629994412e-05,1.8253118440340878e-05,-8.889003272699193e-05,-0.00088046821808889,-0.00032571763921531474,5.99465824971162e-05,3.4132897181203134e-05,9.802982953346e-05,-0.00010684508196227282,-1.855161101534355e-05,2.377718917145192e-05
2.3696759514826877,-6.257064124252598e-05,-3.002304521493811e-05,-7.402243945125103e-05,-0.0006449768616625742,-0.00025782060505772346,4.873588485969371e-05,2.9326618672905725e-05,7.881693798005142e-05,-8.433797475274948e-05,-1.3907498475366475e-05,1.758383655170887e-05
2.4371241822839975,-3.548350605237776e-05,-5.7811024997276566e-05,-6.018765407060959e-05,-0.0004692930114244892,-0.00020211217463581797,3.889309082538484e-05,2.5217257807639257e-05,6.261437165489789e-05,-6.522551754363306e-05,-1.0141278584371156e-05,1.2813707256189384e-05
2.506492196182815,-1.5340236016714953e-05,-7.122914694407834e-05,-4.774654575640358e-05,-0.0003389954008050735,-0.00015680197936879757,3.0373602668960962e-05,2.167035001340289e-05,4.908929143071882e-05,-4.929062283055294e-05,-7.143121904340942e-06,9.182990774088756e-06
2.577834636082263,-9.148366973792548e-07,-7.493535479498815e-05,-3.688928622446876e-05,-0.00024295163417012243,-0.00012028710684968006,2.3111517396957793e-05,1.85823210174626e-05,3.792089843586417e-05,-3.625443375765971e-05,-4.80490051330682e-06,6.4549895485366485e-06
2.6512077001897456,8.894396651072522e-06,-7.241007311394916e-05,-2.7673363725084994e-05,-0.00017261512081368204,-9.114622364292521e-05,1.7023733856393313e-05,1.5874859901408858e-05,2.880471269558659e-05,-2.5801713501304472e-05,-3.0235250516285623e-06,4.43426419481643e-06
2.7266691862856494,1.5059973950473611e-05,-6.619657328343357e-05,-2.0057808103705373e-05,-0.00012146082566502114,-6.813114253090353e-05,1.2014086078532638e-05,1.3489700608228404e-05,2.1455955242282956e-05,-1.7601618033887617e-05,-1.7033189568539176e-06,2.9611205936050263e-06
2.8042785372521153,1.8424881656066806e-05,-5.8102963825169985e-05,-1.3932972240018666e-05,-8.453465669162763e-05,-5.0156390630381996e-05,7.977391704410168e-06,1.1383933914554246e-05,1.561203173727949e-05,-1.1324185630478798e-05,-7.575745211851415e-07,1.9064967614096949e-06
2.8840968878976514,1.9706073999567135e-05,-4.936995102123229e-05,-9.14560615661741e-06,-5.8096599563054173e-05,-3.6287316918620375e-05,4.803310506491397e-06,9.525931827821794e-06,1.1034147739286586e-05,-6.652907979398248e-06,-1.0942261177417251e-07,1.1672882684128013e-06
2.9661871131145405,1.9501013632768263e-05,-4.080843595521992e-05,-5.519237049201789e-06,-3.9339049012157835e-05,-2.57272437377006e-05,2.3799176869781637e-06,7.891927399265755e-06,7.5081138570537704e-06,-3.2938133777380133e-06,3.078549996254108e-07,6.621340938408736e-07
3.0506138774069567,1.8296546350796106e-05,-3.2910849866991806e-05,-2.8700878516452053e-06,-2.6166708443305714e-05,-1.7804120233236908e-05,5.969094954959801e-07,6.463256979939422e-06,4.8444220661269185e-06,-9.814873951154014e-07,5.5095868212192e-07,3.2766948226214563e-07
3.1374436858287713,1.6479398251329595e-05,-2.5939907686801034e-05,-1.0189299805353598e-06,-1.702515783059856e-05,-1.1957080017889336e-05,-6.516252550576694e-07,5.2242405186918215e-06,2.877691688677298e-06,5.174873637817816e-07,6.670386468353779e-07,1.1523943744673091e-07
3.2267449363712704,1.4347685845867298e-05,-1.999819621027073e-05,2.0064460243014143e-07,-1.0768024392692365e-05,-7.723244183159177e-06,-1.4649159143283393e-06,4.160649740423e-06,1.4655945882426572e-06,1.4032427119035434e-06,6.944086069172899e-07,-1.1944326132868246e-08
3.318587973841922,1.2122861767915966e-05,-1.5081704762887077e-05,9.369873241920323e-07,-6.555891815038008e-06,-4.725047410411846e-06,-1.9337313342108813e-06,3.258694689894981e-06,4.873740015844812e-07,1.843035140176129e-06,6.634199447372142e-07,-8.122860317374068e-08
3.4130451452767367,9.961629693726491e-06,-1.1120102452134724e-05,1.3176422992670105e-06,-3.777766274050048e-06,-2.6583022849615017e-06,-2.1391195354507687e-06,2.5044463795370624e-06,-1.5792950664921e-07,1.9729658934769298e-06,5.974304056804097e-07,-1.1255824432202065e-07
3.5101908569297917,7.967410243951948e-06,-8.006265692677502e-06,1.4485444283238633e-06,-1.992333752444273e-06,-1.281157424922104e-06,-2.1516531827962744e-06,1.8836070429919374e-06,-5.53437532470202e-07,1.9006180207791267e-06,5.138050301236402e-07,-1.2016599356885708e-07
3.6101016328849225,6.201063978267479e-06,-5.617211212397154e-06,1.4146766774211865e-06,-8.841689841994342e-07,-4.0405055748776305e-07,-2.0311494507761383e-06,1.3815391921664027e-06,-7.664815466854664e-07,1.7083020589965828e-06,4.2490726674964877e-07,-1.139517316023243e-07
3.7128561753356126,4.690628364874158e-06,-3.828262223238168e-06,1.2817278727332405e-06,-2.2929824062320393e-07,1.1929044302910865e-07,-1.8268161913856863e-06,9.83469511717939e-07,-8.50654914712437e-07,1.4566149547300124e-06,3.390414301653639e-07,-1.0058970619447789e-07
3.818535426580676,3.4398935614575635e-06,-2.5220592366551392e-06,1.0983873678739558e-06,1.297134133437232e-07,3.997864708310818e-07,-1.5777628578562262e-06,6.747925107012005e-07,-8.478004789030847e-07,1.1880551753538245e-06,2.613154772794864e-07,-8.440333101827832e-08
3.9272226327844786,2.4357466061923143e-06,-1.5938202371125075e-06,8.989565840924896e-07,3.01301464295224e-07,5.199074610004928e-07,-1.3138048754611453e-06,4.4141062284398894e-07,-7.898808864908719e-07,9.305191537985359e-07,1.9440883429062895e-07,-6.804294963419373e-08
4.039003409552053,1.6542821130556162e-06,-9.537886681352115e-07,7.060245147515408e-07,3.588950552058243e-07,5.395816912065637e-07,-1.05648466870522e-06,2.7006090420769684e-07,-7.006944078965845e-07,7.005540062312156e-07,1.3923832621352645e-07,-5.300219453262758e-08
4.153965809370598,1.0656937534612403e-06,-5.276268307594853e-07,5.330364162930424e-07,3.5166664522922546e-07,5.011810585289157e-07,-8.202314846030353e-07,1.485924819478325e-07,-5.97413333286436e-07,5.062478135709738e-07,9.551405626116224e-08,-4.000157536881306e-08
4.272200390970624,6.380265625687584e-07,-2.555972455082416e-07,3.8661870606544454e-07,3.117032479132831e-07,4.3366220371155826e-07,-6.135851844782697e-07,6.617234968172077e-08,-4.919345372206724e-07,3.4970301704690874e-07,6.21875345229711e-08,-2.926853837119664e-08
4.39380029066127,3.3991112735482945e-07,-9.121960365581394e-08,2.6859060050883387e-07,2.589156916096307e-07,3.559509797456534e-07,-4.404160449422116e-07,1.3409227396309005e-08,-3.9204202432768475e-07,2.2907855739161122e-07,3.780028436403972e-08,-2.0734844073625973e-08
4.518861295696139,1.4241058921801385e-07,5.798183620691752e-10,1.7762489932773836e-07,2.048480123938195e-07,2.7966111180820963e-07,-3.010825077134825e-07,-1.760462384255069e-08,-3.02389029517826e-07,1.402038741657418e-07,2.0741844355395478e-08,-1.4172654514510028e-08
4.647481919727249,2.0137600496060554e-08,4.554629472209086e-08,1.1055951704963669e-07,1.5561256896035555e-07,2.1123715768836725e-07,-1.9348100355424399e-07,-3.3325928630905675e-08,-2.253126778402129e-07,7.780627645368874e-08,9.431248116063488e-09,-9.284260114840078e-09
4.779763480406694,-4.8226273168860275e-08,6.197076603898447e-08,6.337611561263544e-08,1.1394725796230713e-07,1.5360833121525708e-07,-1.1395533820781794e-07,-3.8854239056741756e-08,-1.6149750367708633e-07,3.637745262417215e-08,2.4316579927580904e-09,-5.757780381557911e-09
4.915810179197071,-7.985487120952215e-08,6.224899326968349e-08,3.188950974151985e-08,8.056554317717316e-08,1.0743439730095563e-07,-5.804671140262338e-08,-3.8071084279503744e-08,-1.1050564411046046e-07,1.0744627583803567e-08,-1.486442551677528e-09,-3.3006176953460935e-09
5.055729183453521,-8.80145736548052e-08,5.459345761910818e-08,1.2192408391028436e-08,5.499763952455753e-08,7.201817013289746e-08,-2.1078275007241387e-08,-3.380755208337382e-08,-7.119166520812995e-08,-3.5957193316458224e-09,-3.3210142797714934e-09,-1.6556021612359373e-09
5.199630710842162,-8.25023944071415e-08,4.40023836419582e-08,9.072105232842511e-10,3.619191172948552e-08,4.595063091955594e-08,1.4205793378804827e-09,-2.802440696044314e-08,-4.201927592077691e-08,-1.0328104154097159e-08,-3.842093325586197e-09,-6.076476174225921e-10
5.347628116161243,-7.019278799882384e-08,3.3247379330518124e-08,-4.709467529826788e-09,2.2892481436933974e-08,2.7547283093215545e-08,1.3435939343925594e-08,-2.1990903426092126e-08,-2.129577829854828e-08,-1.2301103502253929e-08,-3.613813403488556e-09,1.5955804530017315e-11
5.49983798063354,-5.561282883538446e-08,2.38408442660869e-08,-6.7628367713270315e-09,1.3841306738403374e-08,1.51256416893224e-08,1.8316330118869066e-08,-1.6451476114165962e-08,-7.338589225513293e-09,-1.1592174169104902e-08,-3.0256955732347633e-09,3.494736130189207e-10
5.656380203740238,-4.149760558397878e-08,1.6325254912497385e-08,-6.777888424018593e-09,7.917488105180468e-09,7.1652787673846576e-09,1.872032127553215e-08,-1.177283567949502e-08,1.413497295840601e-09,-9.623692485995311e-09,-2.328110297519123e-09,4.937004878121441e-10
5.817378097668783,-2.9284528872593916e-08,1.0606042400543738e-08,-5.792766142390645e-09,4.20955193427153e-09,2.385106489773098e-09,1.6638970747936446e-08,-8.067090523219437e-09,6.333141418512794e-09,-7.295470721697227e-09,-1.6665336784862755e-09,5.216852127599019e-10
5.982958484448901,-1.952942358240983e-08,6.6178304816787185e-09,-4.463030062378616e-09,1.998533313687637e-09,-2.3474960292754084e-10,1.3468273912115359e-08,-5.289462297076876e-09,8.571638084948365e-09,-5.116828238120578e-09,-1.1121759807260111e-09,4.84559874011042e-10
6.1532517958534845,-1.2238098886006045e-08,3.864674159847319e-09,-3.162243103298233e-09,7.737054083870867e-10,-1.4662972174312556e-09,1.01095621653548e-08,-3.311601307180516e-09,9.051903143485907e-09,-3.3256372038287374e-09,-6.876517730139418e-10,4.165178736237738e-10
6.3283921761428745,-7.11518059215324e-09,2.1557595514106025e-09,-2.070055317811126e-09,1.4364343246897429e-10,-1.865306932944732e-09,7.079708087259768e-09,-1.9728622074837954e-09,8.479877309995665e-09,-1.9872986955468884e-09,-3.8707147187148964e-10,3.3908629437567334e-10
6.508517587733695,-3.736720969216822e-09,1.0874248603151607e-09,-1.2434542936504963e-09,-1.2735851879989208e-10,-1.8116387553463011e-09,4.617545006380047e-09,-1.1133307016576552e-09,7.368004246326762e-09,-1.0685776608364185e-09,-1.9024577213919775e-10,2.64779046939686e-10
6.693769919875216,-1.6609467748497755e-09,4.90684866511775e-10,-6.701349912939158e-10,-2.0371637238227898e-10,-1.5496046486249633e-09,2.7774395313642153e-09,-5.923654504716402e-10,6.065483772080746e-09,-4.894544519500809e-10,-7.210751765367208e-11,1.9995733914681817e-10
6.8842951004190445,-4.938512751919047e-10,1.8988821484338008e-10,-3.0478511129699963e-10,-1.9007475539681817e-10,-1.224999991124188e-09,1.5051258032508722e-09,-2.9673841996160563e-10,4.791025646694901e-09,-1.5939684902914423e-10,-8.853126374862478e-12,1.4696662411927112e-10
7.0802432107701225,8.37600241193782e-11,2.3064480271543446e-11,-9.417597509111908e-11,-1.5042459747672447e-10,-9.15958240923851e-10,6.943557850565512e-10,-1.41764649550993e-10,3.6648169524984213e-09,4.7801255397219166e-12,1.9441195926010987e-11,1.0572904017652693e-10
7.281768604109507,3.0829383305159995e-10,-1.6658484082909574e-11,1.2063668937445886e-11,-1.1081623912366006e-10,-6.570362649740571e-10,2.254429450014738e-10,-6.831758653505381e-11,2.7373930784846654e-09,6.79417444844374e-11,2.7474207180030266e-11,7.488740017422234e-11
7.489030026982287,3.4347064213133803e-10,-3.2977076580695464e-11,5.514686634383565e-11,-7.187061064541558e-11,-4.571633643646433e-10,-1.155763785817688e-11,-3.7964723268931516e-11,2.013997508655037e-09,7.733185988910061e-11,2.5435417608309717e-11,5.256643946459233e-11
7.702190744346106,2.9306903995823236e-10,-3.307826354503391e-11,6.484913583446206e-11,-4.159010036523848e-11,-3.117748521608332e-10,-1.0555616102098668e-10,-2.762887549836283e-11,1.4738199706947135e-09,6.33423982578769e-11,1.96035342598346e-11,3.683702802865983e-11
7.92141866817905,2.1645739490351734e-10,-4.501437526214638e-12,5.427959442415551e-11,-2.6069906744952695e-11,-2.1070551565640485e-10,-1.2139092750553992e-10,-2.4759907411588586e-11,1.0841231933700837e-09,4.301043779252593e-11,1.3333994952486123e-11,2.5969786456410556e-11
8.146886489748006,1.4419667392657442e-10,-1.0875751022822635e-11,4.4258337306454236e-11,-1.3535841527208413e-11,-1.4282870797629623e-10,-1.018239698491074e-10,-2.3446022034902135e-11,8.097411635607648e-10,2.5177988496667473e-11,8.227485220111101e-12,1.8546749457437736e-11
8.378771815641947,8.784790095537204e-11,-1.5803622946784683e-11,2.721650877848546e-11,-7.511686674970915e-12,-9.822781729361679e-11,-7.200035933470175e-11,-2.1523827532376967e-11,6.187277939934971e-10,1.239535114212735e-11,4.627463375679938e-12,1.3482171697648162e-11
8.617257307676978,4.939449679517152e-11,1.9430554744991993e-12,2.2723177665542702e-11,-4.300874193996212e-12,-6.913177063241648e-11,-4.4529095002547595e-11,-1.8681808086729396e-11,4.850520077715417e-10,4.948549374254535e-12,2.437037310844952e-12,9.991223304922789e-12
8.862530826783608,2.5329812593361565e-11,5.635442891326824e-12,9.857706053363476e-12,-3.3831350334126284e-12,-4.999961969626417e-11,-2.409505723041828e-11,-1.5326094617759605e-11,3.892517320376157e-10,1.042390575769446e-12,1.193164945042853e-12,7.53473957240589e-12
9.114785580989393,1.173189563195479e-11,5.553126951919123e-12,6.489855927491098e-12,-1.873072533815424e-12,-3.709192831871904e-11,-1.1035939673513305e-11,-1.1964210704611576e-11,3.1784451267776137e-10,-4.788806497447193e-13,5.81563639217885e-13,5.7582066249727055e-12
9.374220277613782,4.766967502064144e-12,7.762734010326344e-12,1.08188476760388e-11,-1.5206587653270683e-12,-2.8048352224681685e-11,-3.809239799352426e-12,-8.965784687471843e-12,2.6214320086885353e-10,-7.702912466744515e-13,3.1729306481714666e-13,4.436014390513199e-12
9.641039279794736,1.725177742588796e-12,2.1962883923142582e-14,1.9124643316468573e-12,-8.478817227614003e-13,-2.1463848262896705e-11,-4.4757699250984435e-13,-6.513933714029172e-12,2.1692904688139201e-10,-3.989954056985639e-13,2.494275964702311e-13,3.427884330981632e-12
9.915452767470663,6.474058995283426e-13,-5.109970307668704e-12,-6.684773251670891e-12,-8.413901328151871e-13,-1.6503164990956495e-11,7.304698472774383e-13,-4.6328857422151e-12,1.7925383596320222e-10,8.909273867357554e-14,2.487603493895472e-13,2.6472669311304037e-12
10.197676902944291,2.2926019268737905e-13,-1.5625567794718502e-12,-3.209793144266667e-12,-9.380778009503097e-13,-1.2681096927878016e-11,8.858035465303548e-13,-3.2555460472534933e-12,1.4750102402971618e-10,2.4814496187645276e-13,2.1605422928355295e-13,2.0386907311728645e-12
10.48793400115918,2.364661913904637e-13,2.0262690852579773e-12,1.6879912309387013e-12,-7.185512812221257e-13,-9.713568315436234e-12,6.895667215603599e-13,-2.2799401171166817e-12,1.2074002571365258e-10,4.1970303850838734e-13,2.0376466958960476e-13,1.5636355699520223e-12
10.786452704822642,3.488236305301054e-13,4.220935380572688e-12,4.207743735738136e-12,-5.046448449514137e-13,-7.410875135075127e-12,4.622944484931044e-13,-1.6018142081686656e-12,9.833920559549599e-11,5.716703121926037e-13,1.9983999840085395e-13,1.1944323111955979e-12
11.093468164513272,4.472811595582564e-13,3.4812044736192315e-12,5.48762139910421e-12,-3.6254337015317026e-13,-5.634550133072655e-12,3.105179589738158e-13,-1.1332642002780914e-12,7.976952308508818e-11,6.138503302504036e-13,1.8303810734329047e-13,9.101150837079126e-13
11.409222223914924,3.7915727708888334e-13,4.869777611212782e-13,3.1102223804586523e-12,-2.34928101547426e-13,-4.2736255899676556e-12,2.369315076023063e-13,-8.077991114142589e-13,6.452304782263473e-11,4.864333054026538e-13,1.3792682439346235e-13,6.919321476718419e-13
11.733963610322865,2.1519233790675945e-13,-9.94372261449276e-13,-1.3933805509709004e-12,-1.491064955505635e-13,-3.235260960461966e-12,2.1430334537938136e-13,-5.786916387408221e-13,5.210139677317819e-11,3.2052101749628557e-13,8.892090511036162e-14,5.25042639102131e-13
12.067948130572578,1.5090736583234832e-13,-1.1779054309483915e-12,-3.322934767152547e-12,-9.642120745160994e-14,-2.4464017493016822e-12,2.1240128015475604e-13,-4.153437450938294e-13,4.203545849431628e-11,2.3305987803945385e-13,7.189355847121864e-14,3.982693388378552e-13
12.411438872545041,3.137194104870204e-13,-8.675566971086083e-13,-3.2359281346024873e-12,-8.51367559335402e-14,-1.8488635357603316e-12,2.1307678181174287e-13,-2.978235862319883e-13,3.3901505221071816e-11,3.733721484255944e-13,1.0262630066779342e-13,3.0209471025643977e-13
12.76470641240763,4.218116531901466e-14,-1.9482663369203103e-13,-3.1543457961588925e-12,-1.090243871102218e-13,-1.3967435366483792e-12,2.0874161052246142e-13,-2.1286085560276737e-13,2.7336999863773224e-11,1.1693269363264989e-13,1.0137209191385493e-14,2.291101737382655e-13
13.128029027753554,4.0298709188514975e-14,1.1210050530332728e-12,4.646371374045412e-13,-5.405951497896914e-14,-1.0545696838307395e-12,1.980841548723156e-13,-1.5138939323494257e-13,2.2042081122164778e-11,1.0230154764984015e-13,5.750530404096736e-14,1.738595977775445e-13
13.50169291680817,3.985628101812631e-15,-7.289795876380836e-13,1.155000025950151e-12,-2.3913464489721367e-14,-7.984843720945191e-13,1.833359514960728e-13,-1.0771278512705668e-13,1.7770879534070876e-11,6.531745802159438e-14,-1.5537186563237085e-14,1.3168495990389646e-13
13.88599242387431,3.443377446879759e-13,2.8870395053943847e-13,4.244031632708178e-12,-4.3219129907273266e-14,-6.028735980668657e-13,1.6823099834767825e-13,-7.590670154919429e-14,1.432493939515154e-11,3.9308921584554344e-13,1.362547638900867e-13,1.0005082251292178e-13
14.281230271194644,-1.8965035437840593e-13,2.889521802892396e-13,5.784257727265568e-13,-2.1004241166086263e-14,-4.556633123464686e-13,1.5215649799769584e-13,-5.3354304827506604e-14,1.1544962880931968e-11,-1.4219310674510233e-13,-6.891580317596261e-14,7.579235657568342e-14
14.687717797413365,8.099166732376149e-14,-6.724914113177224e-14,-1.8521282639502927e-12,-1.0184099238547036e-14,-3.4463071111643953e-13,1.3576670896474023e-13,-3.740795756771923e-14,9.3011866514761e-12,1.0685243221059649e-13,-8.414106690366216e-14,5.744304164120011e-14
15.105775202825523,6.007810493101962e-14,-1.2469708386471927e-13,1.5270793311034372e-12,-1.1998551590433447e-14,-2.604460870059498e-13,1.2004895953885667e-13,-2.6106030634572536e-14,7.489563419607958e-12,8.280353342032223e-14,9.833126661604337e-14,4.3661438484407076e-14
15.53573180160663,2.6058181180013676e-13,8.891325134922042e-14,-1.2516121725503935e-12,-7.249291551165907e-15,-1.9654065401742932e-13,1.0706418278135561e-13,-1.8057143656215384e-14,6.028590106514343e-12,2.849232963993489e-13,3.052010896558274e-13,3.298909640039694e-14
15.97792628122164,-1.1849741877142286e-13,-6.267368797987278e-14,-1.023947397874989e-12,-4.886699603919026e-15,-1.4863187444352499e-13,9.432644837683292e-14,-1.2481485491047331e-14,4.85265337703998e-12,-1.0030319685932256e-13,2.789135975509881e-13,2.4972803858311465e-14
16.432706969217335,-5.0058386823671775e-14,-1.0872336775295681e-13,1.3481801922891955e-12,-5.666464010058357e-15,-1.1236478243873973e-13,8.452166592708042e-14,-8.547151651753078e-15,3.905492854601377e-12,-3.114752850151966e-14,2.7369132273116856e-13,1.9101098513758223e-14
16.900432107608754,4.697250236140403e-14,-9.149054052811087e-14,-5.912121140952813e-13,-4.7897523507221924e-15,-8.48932166711195e-14,7.382100535856656e-14,-5.799941657603057e-15,3.142067672459574e-12,5.4928713840829696e-14,-1.2253610434948103e-13,1.4249134984173576e-14
17.381470135075183,4.6120077390402783e-14,-1.7205022206524476e-14,-7.645866209348837e-13,-2.528410153382014e-15,-6.406361579695413e-14,6.425977053399317e-14,-3.882824178374668e-15,2.5266741999830224e-12,5.5020106920063514e-14,-9.102156750556364e-13,1.0835221984681883e-14
17.876199977188445,1.1871311398057573e-13,-5.6136371648081424e-14,3.671210541904539e-13,-1.8727267611244216e-15,-4.8413164748877506e-14,5.711565754860176e-14,-2.5720455821887554e-15,2.031514961398189e-12,1.245461358616245e-13,1.8335667906154909e-13,8.283296866539117e-15
18.385011344902015,6.883651142764139e-14,-6.848515608569257e-14,2.5735938438948687e-14,-6.000704830902694e-16,-3.6575627582790834e-14,5.139727498298821e-14,-1.6582461644313867e-15,1.633566728416968e-12,7.376470374910163e-14,9.705173017313102e-14,6.233952626653815e-15
18.90830504153584,-2.907114513255995e-13,-7.236085412329607e-14,-6.793781758605029e-13,-6.549295405968454e-16,-2.761357227331964e-14,4.611433127361164e-14,-1.028102675695559e-15,1.3134660983304975e-12,-2.7856551862844326e-13,3.263333250912959e-13,4.6981942082201665e-15
19.446493278499258,1.7198725701565723e-14,-5.278739652488572e-15,1.71494685153756e-13,-5.571212015034304e-16,-2.0809763233947414e-14,3.901461542293992e-14,-5.996049145540112e-16,1.0562689805747725e-12,1.9113827416561603e-14,-1.5740239549839343e-12,3.549084682300716e-15
20.0,-1.8451525466557365e-14,6.288542324492085e-14,1.887927624807281e-13,-2.4869542874530925e-16,-1.5735258475488627e-14,3.1469816567635516e-14,-3.3230071290466525e-16,8.49876103996273e-13,-1.4147532267114068e-14,1.7292003898998601e-12,2.7051021802296904e-15
