k,AU,AT,DU,DT1,DT2,cU,cT1,cT2,J,S,sbar
1e-06,0.5099990463336409,12.45505111720642,-5.1229121064584655,-133.2426937250011,-0.01892561546694109,-0.11358587508189505,-2.6731317528105256,0.0008611763279164757,0.5026902438904608,0.37274892997535053,0.06082044992173466
1.028463060849779e-06,0.5099990463331262,12.455051117193776,-5.122912106452663,-133.24269372485108,-0.018925615466957868,-0.11358587508177387,-2.6731317528075635,0.0008611763279169241,0.5026902438899843,0.372748929974961,0.0608204499217216
1.0577362675324964e-06,0.5099990463325812,12.455051117180389,-5.122912106446528,-133.24269372469294,-0.01892561546697561,-0.11358587508164564,-2.673131752804431,0.0008611763279173994,0.5026902438894802,0.37274892997454906,0.06082044992170779
1.087842679278294e-06,0.5099990463320053,12.455051117166219,-5.122912106440043,-133.24269372452525,-0.01892561546699439,-0.11358587508151004,-2.6731317528011234,0.0008611763279179006,0.5026902438889469,0.37274892997411313,0.06082044992169312
1.118806011653579e-06,0.5099990463313965,12.455051117151251,-5.122912106433177,-133.24269372434821,-0.018925615467014257,-0.11358587508136664,-2.6731317527976213,0.0008611763279184321,0.5026902438883831,0.37274892997365233,0.06082044992167767
1.1506506552423733e-06,0.509999046330752,12.455051117135412,-5.122912106425913,-133.2426937241607,-0.01892561546703529,-0.11358587508121486,-2.6731317527939176,0.0008611763279189942,0.5026902438877863,0.3727489299731647,0.0608204499216613
1.183401694859375e-06,0.5099990463300706,12.455051117118652,-5.122912106418235,-133.2426937239624,-0.018925615467057524,-0.11358587508105444,-2.6731317527900034,0.0008611763279195881,0.5026902438871554,0.37274892997264875,0.06082044992164395
1.2170849293098917e-06,0.5099990463293494,12.455051117100938,-5.122912106410112,-133.24269372375278,-0.018925615467081,-0.11358587508088469,-2.673131752785857,0.0008611763279202165,0.5026902438864883,0.3727489299721033,0.060820449921625656
1.251726891712188e-06,0.5099990463285867,12.455051117082183,-5.122912106401517,-133.24269372353095,-0.018925615467105847,-0.11358587508070517,-2.6731317527814773,0.000861176327920881,0.5026902438857823,0.37274892997152625,0.06082044992160629
1.2873548703982968e-06,0.5099990463277803,12.455051117062355,-5.122912106392432,-133.2426937232963,-0.018925615467132183,-0.11358587508051524,-2.673131752776837,0.0008611763279215845,0.5026902438850357,0.37274892997091597,0.06082044992158581
1.323996930409703e-06,0.5099990463269266,12.45505111704139,-5.12291210638282,-133.24269372304815,-0.01892561546716001,-0.11358587508031442,-2.673131752771934,0.0008611763279223284,0.502690243884246,0.3727489299702702,0.06082044992156416
1.361681935604878e-06,0.5099990463260248,12.455051117019202,-5.122912106372651,-133.24269372278573,-0.018925615467189447,-0.11358587508010196,-2.673131752766746,0.0008611763279231149,0.5026902438834108,0.3727489299695872,0.06082044992154119
1.4004395713960445e-06,0.5099990463250699,12.455051116995737,-5.1229121063618965,-133.24269372250808,-0.01892561546722053,-0.11358587507987725,-2.6731317527612584,0.0008611763279239472,0.5026902438825269,0.3727489299688652,0.060820449921516924
1.4403003681331284e-06,0.5099990463240605,12.455051116970917,-5.122912106350522,-133.24269372221423,-0.018925615467253496,-0.11358587507963955,-2.673131752755458,0.0008611763279248273,0.5026902438815926,0.3727489299681013,0.060820449921491285
1.4812957251532608e-06,0.5099990463229924,12.455051116944658,-5.122912106338485,-133.24269372190375,-0.01892561546728833,-0.11358587507938812,-2.673131752749318,0.0008611763279257581,0.5026902438806045,0.37274892996729286,0.06082044992146417
1.5234579355148189e-06,0.5099990463218629,12.455051116916888,-5.122912106325758,-133.24269372157508,-0.01892561546732516,-0.11358587507912223,-2.6731317527428264,0.0008611763279267429,0.5026902438795583,0.37274892996643844,0.060820449921435454
1.566820211435456e-06,0.509999046320668,12.455051116887518,-5.122912106312298,-133.2426937212275,-0.018925615467364126,-0.11358587507884091,-2.6731317527359577,0.0008611763279277846,0.5026902438784522,0.37274892996553416,0.060820449921405104
1.611416710454207e-06,0.5099990463194038,12.455051116856444,-5.122912106298057,-133.2426937208601,-0.018925615467405354,-0.11358587507854334,-2.6731317527286933,0.0008611763279288864,0.5026902438772828,0.37274892996457787,0.060820449921372984
1.6572825623382159e-06,0.5099990463180669,12.4550511168236,-5.122912106282996,-133.24269372047115,-0.018925615467448947,-0.11358587507822865,-2.6731317527210092,0.0008611763279300517,0.5026902438760453,0.37274892996356657,0.060820449921339025
1.7044538967553262e-06,0.5099990463166534,12.455051116788844,-5.122912106267062,-133.24269372005983,-0.018925615467495042,-0.11358587507789572,-2.673131752712882,0.0008611763279312845,0.5026902438747362,0.3727489299624963,0.06082044992130314
1.7529678717343196e-06,0.5099990463151576,12.455051116752061,-5.122912106250214,-133.2426937196248,-0.018925615467543837,-0.11358587507754364,-2.6731317527042866,0.000861176327932588,0.5026902438733525,0.37274892996136477,0.06082044992126512
1.8028627029352012e-06,0.5099990463135757,12.455051116713184,-5.12291210623239,-133.2426937191647,-0.018925615467595427,-0.11358587507717124,-2.673131752695193,0.0008611763279339675,0.5026902438718879,0.37274892996016756,0.06082044992122489
1.854177693752643e-06,0.5099990463119031,12.45505111667205,-5.122912106213536,-133.24269371867797,-0.018925615467649988,-0.11358587507677734,-2.673131752685576,0.0008611763279354258,0.5026902438703387,0.37274892995890174,0.060820449921182386
1.9069532662762274e-06,0.5099990463101326,12.455051116628537,-5.122912106193595,-133.24269371816317,-0.018925615467707713,-0.11358587507636057,-2.673131752675403,0.0008611763279369689,0.502690243868701,0.3727489299575625,0.060820449921137415
1.9612309931319364e-06,0.5099990463082602,12.455051116582517,-5.122912106172501,-133.24269371761864,-0.018925615467768792,-0.11358587507591988,-2.673131752664642,0.0008611763279386006,0.5026902438669676,0.37274892995614595,0.060820449921089856
2.0170536302299236e-06,0.5099990463062805,12.45505111653384,-5.122912106150192,-133.2426937170426,-0.018925615467833366,-0.11358587507545367,-2.6731317526532594,0.0008611763279403271,0.5026902438651348,0.37274892995464753,0.060820449921039556
2.0744651504444257e-06,0.5099990463041859,12.455051116482363,-5.1229121061265905,-133.24269371643345,-0.018925615467901672,-0.11358587507496058,-2.6731317526412246,0.0008611763279421532,0.5026902438631963,0.37274892995306275,0.060820449920986334
2.1335107782522713e-06,0.5099990463019706,12.45505111642789,-5.122912106101631,-133.2426937157891,-0.018925615467973916,-0.11358587507443904,-2.6731317526284903,0.0008611763279440845,0.5026902438611456,0.37274892995138603,0.06082044992093005
2.19423702535733e-06,0.5099990462996267,12.45505111637028,-5.122912106075229,-133.24269371510746,-0.018925615468050314,-0.11358587507388734,-2.6731317526150216,0.0008611763279461271,0.5026902438589766,0.3727489299496132,0.06082044992087052
2.2566917273289136e-06,0.5099990462971487,12.455051116309352,-5.122912106047303,-133.2426937143864,-0.018925615468131162,-0.11358587507330381,-2.6731317526007716,0.0008611763279482877,0.5026902438566819,0.37274892994773756,0.060820449920807505
2.320924081283069e-06,0.5099990462945271,12.4550511162449,-5.122912106017762,-133.2426937136238,-0.01892561546821667,-0.11358587507268661,-2.673131752585703,0.0008611763279505733,0.5026902438542555,0.37274892994575354,0.060820449920740885
2.3869846846363467e-06,0.5099990462917539,12.455051116176731,-5.122912105986519,-133.24269371281716,-0.018925615468307126,-0.11358587507203372,-2.673131752569764,0.0008611763279529917,0.5026902438516883,0.3727489299436555,0.06082044992067043
2.454925574962647e-06,0.5099990462888205,12.455051116104622,-5.122912105953467,-133.24269371196405,-0.018925615468402743,-0.11358587507134318,-2.6731317525529037,0.0008611763279555472,0.5026902438489733,0.37274892994143594,0.06082044992059594
2.524800270984487e-06,0.5099990462857177,12.455051116028356,-5.122912105918513,-133.24269371106152,-0.01892561546850399,-0.11358587507061277,-2.6731317525350695,0.0008611763279582526,0.5026902438461011,0.372748929939088,0.06082044992051707
2.5966638147310575e-06,0.5099990462824361,12.455051115947683,-5.1229121058815315,-133.24269371010712,-0.018925615468611007,-0.11358587506984014,-2.6731317525162046,0.0008611763279611132,0.502690243843064,0.372748929936605,0.060820449920433686
2.670572814896167e-06,0.5099990462789653,12.455051115862352,-5.122912105842427,-133.24269370909718,-0.018925615468724226,-0.11358587506902296,-2.6731317524962552,0.0008611763279641397,0.5026902438398508,0.3727489299339785,0.060820449920345514
2.746585491430322e-06,0.5099990462752937,12.455051115772097,-5.122912105801057,-133.24269370802938,-0.018925615468843946,-0.1135858750681586,-2.673131752475151,0.0008611763279673405,0.5026902438364522,0.37274892993120035,0.060820449920252234
2.8247617214020294e-06,0.5099990462714098,12.455051115676616,-5.122912105757302,-133.24269370689984,-0.018925615468970595,-0.11358587506724432,-2.673131752452832,0.0008611763279707253,0.5026902438328572,0.37274892992826153,0.06082044992015351
2.905163086164422e-06,0.5099990462673019,12.455051115575639,-5.122912105711016,-133.2426937057048,-0.01892561546910456,-0.11358587506627715,-2.6731317524292195,0.000861176327974307,0.5026902438290549,0.3727489299251533,0.06082044992004913
2.987852919864452e-06,0.5099990462629571,12.455051115468825,-5.122912105662061,-133.242693704441,-0.018925615469246263,-0.11358587506525426,-2.6731317524042453,0.0008611763279780942,0.502690243825033,0.3727489299218654,0.06082044991993871
3.072896359332744e-06,0.5099990462583612,12.455051115355834,-5.12291210561028,-133.2426937031043,-0.018925615469396157,-0.11358587506417231,-2.6731317523778317,0.0008611763279821009,0.5026902438207792,0.37274892991838793,0.060820449919821946
3.1603603953935026e-06,0.5099990462535003,12.455051115236364,-5.122912105555508,-133.2426937016903,-0.018925615469554694,-0.11358587506302785,-2.673131752349888,0.0008611763279863389,0.5026902438162797,0.3727489299147096,0.06082044991969842
3.25031392563482e-06,0.5099990462483588,12.455051115109953,-5.1229121054975755,-133.24269370019476,-0.01892561546972239,-0.11358587506181736,-2.6731317523203333,0.0008611763279908213,0.50269024381152,0.37274892991081887,0.060820449919567754
3.3428278086810476e-06,0.5099990462429195,12.455051114976255,-5.122912105436294,-133.24269369861258,-0.018925615469899747,-0.11358587506053694,-2.6731317522890734,0.0008611763279955622,0.5026902438064857,0.3727489299067034,0.06082044991942957
3.43797492000987e-06,0.5099990462371669,12.455051114834829,-5.122912105371479,-133.24269369693928,-0.018925615470087392,-0.1135858750591826,-2.673131752256006,0.0008611763280005773,0.5026902438011607,0.37274892990235037,0.06082044991928343
3.535830209358125e-06,0.509999046231082,12.455051114685245,-5.122912105302923,-133.2426936951694,-0.018925615470285817,-0.11358587505775009,-2.6731317522210314,0.0008611763280058819,0.5026902437955284,0.37274892989774633,0.06082044991912881
3.6364707597615798e-06,0.5099990462246459,12.45505111452703,-5.122912105230401,-133.24269369329724,-0.018925615470495722,-0.11358587505623487,-2.6731317521840374,0.0008611763280114926,0.5026902437895706,0.3727489298928761,0.06082044991896525
3.739975848275116e-06,0.5099990462178383,12.455051114359668,-5.122912105153699,-133.2426936913171,-0.01892561547071776,-0.11358587505463218,-2.6731317521449083,0.0008611763280174275,0.5026902437832694,0.3727489298877248,0.060820449918792256
3.846427008421274e-06,0.5099990462106373,12.455051114182657,-5.122912105072564,-133.2426936892226,-0.01892561547095259,-0.11358587505293685,-2.673131752103518,0.0008611763280237048,0.5026902437766039,0.37274892988227604,0.06082044991860929
3.955908094416211e-06,0.5099990462030208,12.455051113995422,-5.12291210498675,-133.24269368700712,-0.018925615471201,-0.11358587505114372,-2.6731317520597377,0.0008611763280303448,0.5026902437695536,0.37274892987651276,0.060820449918415745
4.068505347223713e-06,0.5099990461949644,12.455051113797369,-5.122912104895977,-133.24269368466366,-0.01892561547146374,-0.11358587504924703,-2.6731317520134312,0.0008611763280373677,0.5026902437620965,0.3727489298704167,0.060820449918211034
4.184307462489393e-06,0.509999046186443,12.455051113587883,-5.122912104799968,-133.24269368218512,-0.01892561547174164,-0.11358587504724094,-2.6731317519644526,0.0008611763280447961,0.5026902437542089,0.37274892986396885,0.060820449917994485
4.303405660408413e-06,0.5099990461774295,12.455051113366311,-5.122912104698412,-133.24269367956322,-0.018925615472035615,-0.11358587504511888,-2.6731317519126434,0.0008611763280526538,0.5026902437458659,0.37274892985714825,0.06082044991776547
4.425893757581901e-06,0.5099990461678957,12.455051113131942,-5.1229121045909904,-133.2426936767901,-0.01892561547234653,-0.11358587504287437,-2.673131751857843,0.0008611763280609653,0.5026902437370406,0.3727489298499342,0.06082044991752325
4.551868240918621e-06,0.5099990461578111,12.45505111288404,-5.1229121044773684,-133.24269367385682,-0.018925615472675426,-0.1135858750405003,-2.673131751799884,0.0008611763280697562,0.5026902437277062,0.37274892984230373,0.060820449917266955
4.681428343640065e-06,0.509999046147145,12.455051112621828,-5.122912104357188,-133.24269367075422,-0.018925615473023304,-0.11358587503798913,-2.6731317517385724,0.0008611763280790553,0.5026902437178329,0.37274892983423236,0.06082044991699589
4.814676123448972e-06,0.5099990461358624,12.455051112344472,-5.122912104230067,-133.24269366747257,-0.018925615473391243,-0.11358587503533299,-2.6731317516737243,0.0008611763280888903,0.502690243707389,0.37274892982569513,0.06082044991670919
4.9517165429226785e-06,0.5099990461239285,12.455051112051095,-5.122912104095607,-133.24269366400117,-0.018925615473780414,-0.11358587503252343,-2.6731317516051325,0.0008611763280992935,0.502690243696343,0.3727489298166651,0.06082044991640597
5.092657552194755e-06,0.5099990461113061,12.455051111740806,-5.122912103953385,-133.24269366032962,-0.018925615474192133,-0.1135858750295517,-2.673131751532574,0.0008611763281102978,0.5026902436846592,0.3727489298071136,0.06082044991608526
5.237610173989961e-06,0.5099990460979543,12.45505111141258,-5.122912103802952,-133.2426936564459,-0.018925615474627535,-0.11358587502640838,-2.6731317514558324,0.0008611763281219377,0.5026902436723,0.37274892979701063,0.06082044991574599
5.3866885910796595e-06,0.5099990460838318,12.455051111065405,-5.122912103643833,-133.24269365233806,-0.018925615475088118,-0.11358587502308362,-2.67313175137466,0.0008611763281342486,0.5026902436592279,0.3727489297863245,0.06082044991538711
5.54001023622637e-06,0.5099990460688939,12.455051110698188,-5.122912103475522,-133.24269364799295,-0.018925615475575308,-0.11358587501956681,-2.673131751288797,0.0008611763281472709,0.5026902436454013,0.3727489297750212,0.06082044991500756
5.69769588468848e-06,0.5099990460530933,12.455051110309775,-5.122912103297501,-133.24269364339716,-0.01892561547609057,-0.11358587501584702,-2.6731317511979777,0.0008611763281610446,0.5026902436307756,0.3727489297630656,0.06082044991460603
5.859869749357916e-06,0.5099990460363811,12.455051109898934,-5.122912103109199,-133.2426936385359,-0.01892561547663561,-0.11358587501191249,-2.6731317511019204,0.0008611763281756147,0.5026902436153061,0.3727489297504192,0.06082044991418133
6.026659578605669e-06,0.5099990460187037,12.45505110946437,-5.122912102910024,-133.24269363339374,-0.018925615477212134,-0.11358587500775072,-2.6731317510003128,0.0008611763281910248,0.5026902435989428,0.3727489297370431,0.06082044991373216
6.198196756912426e-06,0.5099990460000058,12.455051109004705,-5.122912102699347,-133.2426936279552,-0.018925615477821945,-0.11358587500334874,-2.6731317508928383,0.0008611763282073251,0.5026902435816352,0.37274892972289464,0.06082044991325703
6.374616408363341e-06,0.5099990459802279,12.455051108518528,-5.122912102476509,-133.2426936222024,-0.018925615478466953,-0.11358587499869256,-2.673131750779156,0.0008611763282245666,0.5026902435633284,0.3727489297079293,0.06082044991275451
6.556057503088586e-06,0.5099990459593085,12.455051108004257,-5.122912102240805,-133.2426936161173,-0.018925615479149192,-0.11358587499376759,-2.6731317506589147,0.0008611763282428027,0.5026902435439644,0.3727489296921,0.060820449912222935
6.742662966733648e-06,0.5099990459371807,12.455051107460296,-5.122912101991495,-133.2426936096811,-0.018925615479870837,-0.11358587498855824,-2.6731317505317316,0.0008611763282620928,0.5026902435234823,0.37274892967535633,0.06082044991166062
6.9345797930453395e-06,0.5099990459137762,12.455051106884946,-5.12291210172779,-133.24269360287326,-0.018925615480634133,-0.11358587498304812,-2.6731317503972023,0.0008611763282824964,0.5026902435018181,0.37274892965764617,0.06082044991106589
7.131959159662437e-06,0.5099990458890198,12.455051106276358,-5.122912101448854,-133.2426935956724,-0.018925615481441487,-0.11358587497721984,-2.673131750254906,0.0008611763283040773,0.5026902434789026,0.37274892963891376,0.06082044991043688
7.334956547202062e-06,0.5099990458628343,12.455051105632638,-5.122912101153819,-133.24269358805554,-0.0189256154822955,-0.1135858749710551,-2.673131750104398,0.0008611763283269054,0.5026902434546642,0.37274892961909933,0.060820449909771444
7.543731861735561e-06,0.5099990458351367,12.455051104951773,-5.1229121008417495,-133.24269357999904,-0.018925615483198772,-0.11358587496453441,-2.6731317499451945,0.0008611763283510506,0.5026902434290264,0.3727489295981417,0.06082044990906767
7.758449560750557e-06,0.5099990458058401,12.45505110423157,-5.122912100511659,-133.2426935714775,-0.018925615484154203,-0.11358587495763721,-2.673131749776802,0.0008611763283765899,0.5026902434019089,0.3727489295759732,0.06082044990832322
7.979278782698142e-06,0.509999045774852,12.455051103469788,-5.1229121001625115,-133.24269356246387,-0.01892561548516484,-0.11358587495034184,-2.673131749598686,0.0008611763284036037,0.5026902433732248,0.37274892955252503,0.0608204499075358
8.206393480227446e-06,0.5099990457420752,12.455051102664044,-5.122912099793204,-133.24269355292978,-0.018925615486233796,-0.11358587494262529,-2.673131749410289,0.0008611763284321784,0.5026902433428851,0.37274892952772326,0.060820449906702934
8.43997255721239e-06,0.5099990457074053,12.455051101811753,-5.122912099402579,-133.24269354284536,-0.01892561548736449,-0.11358587493446318,-2.673131749211011,0.0008611763284624017,0.5026902433107933,0.37274892950148936,0.06082044990582192
8.680200009678792e-06,0.5099990456707342,12.455051100910262,-5.122912098989401,-133.2426935321785,-0.018925615488560404,-0.11358587492582978,-2.6731317490002313,0.0008611763284943702,0.5026902432768487,0.37274892947374083,0.06082044990489009
8.927265070742531e-06,0.5099990456319454,12.455051099956725,-5.122912098552364,-133.24269352089607,-0.018925615489825437,-0.11358587491669803,-2.6731317487772808,0.0008611763285281848,0.502690243240945,0.3727489294443903,0.06082044990390447
9.181362359673182e-06,0.5099990455909172,12.45505109894813,-5.122912098090095,-133.24269350896205,-0.018925615491163474,-0.11358587490703898,-2.673131748541456,0.0008611763285639507,0.5026902432029678,0.3727489294133451,0.06082044990286193
9.442692035200451e-06,0.5099990455475203,12.455051097881324,-5.122912097601133,-133.24269349633883,-0.018925615492578776,-0.1135858748968222,-2.6731317482920183,0.0008611763286017829,0.5026902431627978,0.372748929380507,0.060820449901759194
9.711459953184085e-06,0.509999045501618,12.455051096752914,-5.122912097083945,-133.242693482987,-0.018925615494075797,-0.11358587488601554,-2.673131748028175,0.0008611763286417985,0.5026902431203091,0.37274892934577375,0.06082044990059278
9.987877828771756e-06,0.5099990454530651,12.455051095559343,-5.122912096536893,-133.2426934688643,-0.018925615495659215,-0.11358587487458502,-2.6731317477491006,0.0008611763286841252,0.5026902430753668,0.37274892930903464,0.06082044989935906
1.0272163403172267e-05,0.5099990454017096,12.455051094296868,-5.122912095958258,-133.2426934539262,-0.018925615497334115,-0.1135858748624945,-2.673131747453914,0.0008611763287288946,0.5026902430278293,0.37274892927017467,0.06082044989805409
1.0564540615175633e-05,0.5099990453473883,12.455051092961488,-5.122912095346213,-133.24269343812546,-0.018925615499105677,-0.11358587484970604,-2.673131747141686,0.0008611763287762496,0.5026902429775479,0.3727489292290708,0.060820449896673755
1.0865239777555338e-05,0.5099990452899309,12.455051091549016,-5.122912094698835,-133.24269342141278,-0.01892561550097955,-0.11358587483617898,-2.67313174681143,0.0008611763288263386,0.502690242924363,0.3727489291855939,0.0608204498952138
1.1174497758491336e-05,0.5099990452291564,12.455051090055004,-5.1229120940140795,-133.24269340373488,-0.01892561550296158,-0.1135858748218711,-2.673131746462103,0.000861176328879319,0.5026902428681079,0.37274892913960656,0.06082044989366943
1.1492558168156995e-05,0.5099990451648725,12.455051088474717,-5.1229120932897825,-133.24269338503643,-0.01892561550505803,-0.11358587480673701,-2.673131746092611,0.000861176328935359,0.5026902428086047,0.3727489290909644,0.06082044989203598
1.1819671550616871e-05,0.5099990450968773,12.455051086803199,-5.122912092523673,-133.24269336525848,-0.01892561550727557,-0.11358587479072929,-2.6731317457017862,0.0008611763289946342,0.5026902427456656,0.37274892903951373,0.06082044989030816
1.2156095581186507e-05,0.5099990450249566,12.45505108503519,-5.122912091713332,-133.2426933443384,-0.018925615509621137,-0.11358587477379731,-2.673131745288394,0.0008611763290573324,0.5026902426790925,0.3727489289850924,0.06082044988848057
1.2502095269409549e-05,0.5099990449488834,12.455051083165081,-5.122912090856199,-133.24269332221067,-0.018925615512102083,-0.11358587475588768,-2.673131744851133,0.0008611763291236497,0.5026902426086766,0.3727489289275291,0.060820449886547584
1.2857943167812487e-05,0.5099990448684177,12.455051081187007,-5.122912089949584,-133.24269329880528,-0.018925615514726307,-0.11358587473694406,-2.6731317443886295,0.0008611763291937966,0.5026902425341946,0.3727489288666422,0.060820449884502914
1.3223919586600963e-05,0.5099990447833067,12.455051079094718,-5.12291208899062,-133.2426932740487,-0.018925615517502013,-0.11358587471690666,-2.6731317438994213,0.0008611763292679927,0.5026902424554126,0.37274892880223975,0.06082044988234018
1.360031281446697e-05,0.5099990446932812,12.455051076881633,-5.1229120879762915,-133.2426932478626,-0.01892561552043801,-0.11358587469571238,-2.67313174338197,0.0008611763293464729,0.5026902423720815,0.3727489287341194,0.06082044988005261
1.3987419345681172e-05,0.509999044598058,12.455051074540775,-5.122912086903398,-133.24269322016465,-0.018925615523543507,-0.11358587467329438,-2.673131742834643,0.0008611763294294845,0.5026902422839398,0.37274892866206566,0.06082044987763291
1.4385544113648672e-05,0.5099990444973372,12.45505107206476,-5.122912085768564,-133.24269319086758,-0.01892561552682832,-0.1135858746495821,-2.673131742255712,0.0008611763295172888,0.5026902421907086,0.37274892858585223,0.060820449875073575
1.4795000731112636e-05,0.5099990443908012,12.455051069445794,-5.122912084568208,-133.24269315987877,-0.018925615530302763,-0.11358587462450077,-2.673131741643358,0.0008611763296101629,0.5026902420920945,0.37274892850523783,0.060820449872366435
1.5216111737194851e-05,0.509999044278114,12.455051066675622,-5.122912083298544,-133.24269312710112,-0.018925615533977837,-0.11358587459797137,-2.673131740995648,0.0008611763297083989,0.5026902419877869,0.3727489284199698,0.06082044986950302
1.5649208851467664e-05,0.5099990441589206,12.455051063745506,-5.12291208195558,-133.2426930924308,-0.01892561553786505,-0.1135858745699102,-2.673131740310542,0.0008611763298123064,0.5026902418774573,0.37274892832977846,0.06082044986647431
1.609463323525789e-05,0.5099990440328452,12.455051060646214,-5.122912080535072,-133.242693055759,-0.01892561554197673,-0.11358587454022892,-2.6731317395858794,0.0008611763299222129,0.5026902417607576,0.3727489282343795,0.06082044986327067
1.6552735760387945e-05,0.5099990438994911,12.455051057367976,-5.1229120790325515,-133.24269301696955,-0.01892561554632577,-0.11358587450883398,-2.6731317388193805,0.000861176330038466,0.5026902416373197,0.3727489281334728,0.06082044985988209
1.7023877285566182e-05,0.5099990437584375,12.455051053900467,-5.122912077443279,-133.24269297594066,-0.01892561555092595,-0.11358587447562636,-2.6731317380086264,0.0008611763301614304,0.5026902415067553,0.3727489280267403,0.060820449856297844
1.7508428940644423e-05,0.5099990436092403,12.45505105023277,-5.12291207576225,-133.24269293254298,-0.018925615555791715,-0.11358587444050147,-2.6731317371510572,0.0008611763302914943,0.5026902413686528,0.37274892791384534,0.06082044985250666
1.8006772418966018e-05,0.5099990434514289,12.455051046353299,-5.122912073984167,-133.2426928866398,-0.01892561556093842,-0.1135858744033486,-2.6731317362439837,0.0008611763304290679,0.5026902412225764,0.3727489277944319,0.0608204498484966
1.851930027803517e-05,0.5099990432845057,12.455051042249853,-5.122912072103419,-133.24269283808593,-0.018925615566382233,-0.11358587436405068,-2.6731317352845316,0.0008611763305745843,0.5026902410680659,0.37274892766812434,0.06082044984425505
1.9046416248744217e-05,0.5099990431079453,12.455051037909486,-5.122912070114091,-133.24269278672907,-0.01892561557214036,-0.11358587432248379,-2.673131734269689,0.0008611763307285025,0.5026902409046351,0.3727489275345244,0.060820449839768524
1.958853555340248e-05,0.5099990429211908,12.455051033318526,-5.1229120680099,-133.24269273240716,-0.018925615578231025,-0.11358587427851707,-2.6731317331962474,0.0008611763308913077,0.502690240731768,0.37274892739321036,0.06082044983502302
2.0146085232817037e-05,0.5099990427236539,12.45505102846249,-5.12291206578422,-133.2426926749488,-0.01892561558467326,-0.11358587423201177,-2.6731317320608317,0.0008611763310635117,0.5026902405489205,0.37274892724373776,0.06082044983000355
2.0719504482683542e-05,0.5099990425147117,12.45505102332608,-5.1229120634300465,-133.2426926141728,-0.018925615591487453,-0.11358587418282147,-2.673131730859866,0.0008611763312456587,0.5026902403555161,0.3727489270856348,0.06082044982469425
2.1309244999551478e-05,0.5099990422937069,12.455051017893132,-5.122912060939943,-133.2426925498881,-0.018925615598695104,-0.11358587413079113,-2.6731317295895574,0.0008611763314383224,0.5026902401509454,0.3727489269184041,0.06082044981907839
2.1915771336636564e-05,0.5099990420599408,12.455051012146491,-5.122912058306073,-133.24269248189162,-0.018925615606318842,-0.11358587407575675,-2.673131728245907,0.0008611763316421093,0.5026902399345631,0.3727489267415179,0.06082044981313829
2.253956126976109e-05,0.5099990418126787,12.455051006068068,-5.1229120555201355,-133.24269240996938,-0.018925615614382812,-0.11358587401754487,-2.6731317268246797,0.0008611763318576625,0.5026902397056878,0.37274892655441894,0.060820449806855234
2.3181106173709626e-05,0.5099990415511404,12.455050999638697,-5.1229120525733425,-133.24269233389464,-0.018925615622912343,-0.11358587395597208,-2.673131725321397,0.0008611763320856609,0.5026902394635978,0.3727489263565176,0.06082044980020944
2.3840911409297112e-05,0.5099990412745016,12.455050992838125,-5.122912049456418,-133.24269225342755,-0.018925615631934307,-0.11358587389084426,-2.6731317237313124,0.0008611763323268222,0.5026902392075309,0.37274892614719013,0.06082044979317994
2.4519496721454177e-05,0.5099990409818913,12.455050985644906,-5.122912046159535,-133.24269216831473,-0.0189256156414772,-0.11358587382195627,-2.673131722049431,0.0008611763325819081,0.5026902389366791,0.3727489259257766,0.06082044978574458
2.5217396648642885e-05,0.5099990406723862,12.455050978036374,-5.122912042672296,-133.24269207828766,-0.018925615651571068,-0.11358587374909089,-2.6731317202704425,0.0008611763328517218,0.5026902386501898,0.3727489256915799,0.060820449777879926
2.593516094392622e-05,0.5099990403450116,12.45505096998857,-5.122912038983722,-133.24269198306288,-0.01892561566224768,-0.11358587367201854,-2.67313171838874,0.0008611763331371134,0.5026902383471595,0.3727489254438615,0.060820449769561205
2.667335500802206e-05,0.5099990399987355,12.455050961476097,-5.122912035082179,-133.2426918823399,-0.01892561567354072,-0.11358587359049632,-2.6731317163983945,0.0008611763334389821,0.5026902380266338,0.37274892518184066,0.06082044976076219
2.743256033468315e-05,0.5099990396324672,12.45505095247216,-5.122912030955381,-133.24269177580175,-0.018925615685485824,-0.11358587350426738,-2.6731317142931355,0.0008611763337582799,0.5026902376876019,0.3727489249046917,0.06082044975145516
2.821337496875447e-05,0.5099990392450514,12.455050942948349,-5.122912026590315,-133.24269166311274,-0.018925615698120544,-0.1135858734130598,-2.6731317120663256,0.0008611763340960121,0.5026902373289954,0.3727489246115413,0.06082044974161075
2.9016413977267764e-05,0.5099990388352679,12.455050932874688,-5.122912021973225,-133.24269154391732,-0.018925615711484812,-0.11358587331658637,-2.6731317097109515,0.0008611763344532448,0.502690236949684,0.37274892430146545,0.060820449731197976
2.9842309933945116e-05,0.5099990384018255,12.455050922219405,-5.122912017089562,-133.24269141783992,-0.018925615725620636,-0.11358587321454278,-2.673131707219584,0.0008611763348311023,0.5026902365484734,0.372748923973487,0.060820449720183994
3.0691713417492957e-05,0.5099990379433573,12.455050910948934,-5.122912011923934,-133.24269128448324,-0.018925615740572624,-0.11358587310660766,-2.673131704584371,0.0008611763352307758,0.5026902361240978,0.3727489236265722,0.06082044970853411
3.156529352407911e-05,0.5099990374584189,12.455050899027734,-5.122912006460065,-133.24269114342718,-0.01892561575638785,-0.11358587299244075,-2.6731317017970153,0.0008611763356535251,0.5026902356752209,0.37274892325962794,0.060820449696211615
3.246373839439611e-05,0.5099990369454818,12.455050886418261,-5.122912000680729,-133.24269099422693,-0.018925615773116262,-0.11358587287168226,-2.6731316988487257,0.0008611763361006817,0.5026902352004267,0.3727489228714973,0.0608204496831777
3.338775575572711e-05,0.5099990364029299,12.455050873080747,-5.122911994567721,-133.24269083641238,-0.018925615790810417,-0.1135858727439516,-2.6731316957302136,0.0008611763365736563,0.5026902346982204,0.3727489224609579,0.06082044966939122
3.433807347944e-05,0.5099990358290529,12.455050858973195,-5.122911988101767,-133.24269066948648,-0.018925615809526224,-0.11358587260884626,-2.6731316924316517,0.0008611763370739388,0.5026902341670184,0.37274892202671556,0.06082044965480873
3.531544015434949e-05,0.509999035222042,12.455050844051113,-5.122911981262489,-133.24269049292255,-0.018925615829322607,-0.11358587246594043,-2.6731316889426426,0.0008611763376031056,0.5026902336051461,0.3727489215674014,0.06082044963938435
3.632062567639947e-05,0.5099990345799856,12.455050828267487,-5.122911974028338,-133.2426903061646,-0.01892561585026195,-0.11358587231478381,-2.6731316852521907,0.0008611763381628243,0.5026902330108344,0.3727489210815684,0.06082044962306939
3.7354421855128875e-05,0.5099990339008584,12.455050811572585,-5.122911966376521,-133.24269010862403,-0.018925615872410234,-0.11358587215489996,-2.673131681348663,0.0008611763387548588,0.5026902323822084,0.37274892056768505,0.060820449605812475
3.8417643037399724e-05,0.5099990331825212,12.455050793913763,-5.122911958282913,-133.24268989967817,-0.018925615895837307,-0.11358587198578496,-2.6731316772197626,0.0008611763393810755,0.5026902317172889,0.3727489200241318,0.060820449587559215
3.95111267488784e-05,0.5099990324227096,12.455050775235394,-5.122911949722011,-133.2426896786685,-0.018925615920616957,-0.11358587180690592,-2.673131672852478,0.0008611763400434471,0.5026902310139786,0.372748919449196,0.06082044956825212
4.063573435377506e-05,0.5099990316190297,12.455050755478611,-5.122911940666833,-133.24268944489887,-0.018925615946827276,-0.11358587161769912,-2.6731316682330384,0.000861176340744062,0.5026902302700623,0.3727489188410658,0.06082044954783026
4.1792351733362016e-05,0.5099990307689484,12.455050734581144,-5.12291193108884,-133.24268919763196,-0.018925615974550898,-0.1135858714175682,-2.6731316633468905,0.0008611763414851279,0.5026902294831948,0.372748918197824,0.06082044952622931
4.2981889983804156e-05,0.5099990298697866,12.455050712477137,-5.122911920957852,-133.24268893608863,-0.018925616003875198,-0.11358587120588248,-2.67313165817864,0.0008611763422689796,0.5026902286508964,0.3727489175174443,0.060820449503381196
4.420528613385168e-05,0.50999902891871,12.455050689096918,-5.122911910241939,-133.24268865944487,-0.01892561603489256,-0.11358587098197477,-2.673131652711987,0.0008611763430980883,0.5026902277705442,0.372748916797782,0.06082044947921394
4.546350388296139e-05,0.5099990279127223,12.455050664366812,-5.122911898907329,-133.242688366829,-0.01892561606770074,-0.11358587074513948,-2.673131646929713,0.0008611763439750666,0.5026902268393638,0.37274891603656896,0.06082044945365134
4.675753436042629e-05,0.5099990268486525,12.455050638208894,-5.122911886918303,-133.2426880573185,-0.018925616102403134,-0.11358587049463022,-2.673131640813588,0.0008611763449026783,0.5026902258544207,0.3727489152314058,0.06082044942661286
4.808839690611274e-05,0.5099990257231473,12.455050610540694,-5.122911874237074,-133.24268772993784,-0.018925616139109137,-0.11358587022965747,-2.673131634344349,0.000861176345883847,0.5026902248126105,0.3727489143797562,0.06082044939801329
4.945713987341975e-05,0.5099990245326594,12.455050581275058,-5.12291186082368,-133.24268738365555,-0.0189256161779344,-0.11358586994938616,-2.67313162750159,0.0008611763469216649,0.50269022371065,0.3727489134789353,0.060820449367762514
5.0864841455093035e-05,0.5099990232734372,12.455050550319733,-5.1229118466358425,-133.24268701738018,-0.01892561621900127,-0.11358586965293306,-2.6731316202637623,0.0008611763480194024,0.5026902225450667,0.3727489125261043,0.060820449335765116
5.2312610532543714e-05,0.5099990219415127,12.455050517577163,-5.122911831628851,-133.24268662995752,-0.018925616262439222,-0.11358586933936385,-2.673131612608049,0.0008611763491805194,0.5026902213121868,0.37274891151826045,0.06082044930192034
5.38015875493423e-05,0.5099990205326871,12.455050482944149,-5.122911815755418,-133.24268622016652,-0.01892561630838509,-0.11358586900769042,-2.6731316045103224,0.0008611763504086747,0.5026902200081251,0.37274891045222747,0.06082044926612147
5.533294540957405e-05,0.509999019042522,12.455050446311551,-5.122911798965507,-133.24268578671575,-0.01892561635698372,-0.1135858686568673,-2.6731315959450654,0.0008611763517077388,0.5026902186287717,0.37274890932464533,0.06082044922825571
5.6907890401764265e-05,0.50999901746632,12.455050407563935,-5.122911781206213,-133.24268532823905,-0.018925616408388236,-0.11358586828578897,-2.6731315868852783,0.0008611763530818065,0.5026902171697799,0.3727489081319615,0.06082044918820376
5.852766314910223e-05,0.5099990157991146,12.455050366579181,-5.122911762421564,-133.24268484329164,-0.01892561646276067,-0.11358586789328598,-2.6731315773024162,0.0008611763545352083,0.502690215626551,0.3727489068704161,0.06082044914583925
6.01935395867105e-05,0.50999901403565,12.455050323228114,-5.122911742552358,-133.24268433034504,-0.018925616520272352,-0.11358586747812141,-2.6731315671662745,0.0008611763560725231,0.5026902139942218,0.3727489055360341,0.06082044910102892
6.190683196673063e-05,0.5099990121703697,12.455050277374106,-5.122911721535981,-133.24268378778305,-0.018925616581104546,-0.11358586703898668,-2.673131556444911,0.0008611763576985967,0.5026902122676483,0.37274890412460987,0.06082044905363133
6.366888989201686e-05,0.5099990101973955,12.455050228872677,-5.122911699306191,-133.24268321389553,-0.01892561664544897,-0.11358586657449804,-2.6731315451045354,0.0008611763594185544,0.5026902104413885,0.37274890263169497,0.06082044900349715
6.548110137925122e-05,0.509999008110509,12.455050177570943,-5.1229116757929445,-133.24268260687353,-0.01892561671350842,-0.11358586608319153,-2.673131533109411,0.0008611763612378151,0.5026902085096879,0.37274890105258524,0.06082044895046848
6.73448939523194e-05,0.5099990059031336,12.455050123307243,-5.122911650922122,-133.24268196480494,-0.01892561678549732,-0.11358586556351882,-2.6731315204217303,0.000861176363162114,0.5026902064664578,0.3727488993823032,0.06082044889437811
6.926173576680631e-05,0.5099990035683126,12.455050065910571,-5.122911624615357,-133.24268128566538,-0.018925616861642625,-0.11358586501384219,-2.6731315070015103,0.0008611763651975147,0.5026902043052589,0.37274889761558505,0.06082044883504926
7.123313676649825e-05,0.5099990010986877,12.45505000520002,-5.1229115967897405,-133.242680567315,-0.018925616942184264,-0.11358586443242924,-2.673131492806455,0.000861176367350431,0.5026902020192808,0.37274889574686393,0.06082044877229503
7.326064987280371e-05,0.5099989984864757,12.455049940984262,-5.122911567357577,-133.2426798074895,-0.01892561702737606,-0.11358586381744772,-2.6731314777918356,0.0008611763696276491,0.5026901996013188,0.3727488937702495,0.060820448705917594
7.534587220802769e-05,0.5099989957234441,12.455049873060933,-5.122911536226102,-133.24267900379473,-0.0189256171174865,-0.11358586316695948,-2.673131461910325,0.0008611763720363457,0.502690197043753,0.3727488916795128,0.060820448635707736
7.749044635346445e-05,0.5099989928008857,12.455049801215967,-5.1229115032972175,-133.24267815369754,-0.018925617212799627,-0.11358586247891439,-2.6731314451118737,0.0008611763745841103,0.5026901943385234,0.37274888946806484,0.06082044856144425
7.969606164329965e-05,0.5099989897095899,12.455049725222949,-5.122911468467143,-133.24267725451887,-0.018925617313615754,-0.11358586175114425,-2.673131427343547,0.0008611763772789744,0.5026901914771027,0.372748887128936,0.0608204484828931
8.19644554953408e-05,0.5099989864398145,12.455049644842365,-5.122911431626106,-133.24267630342516,-0.018925617420252637,-0.11358586098135534,-2.673131408549343,0.0008611763801294296,0.5026901884504749,0.3727488846547547,0.06082044839980663
8.429741477962369e-05,0.5099989829812541,12.455049559820923,-5.122911392658013,-133.24267529741869,-0.018925617533046286,-0.11358586016712169,-2.6731313886700323,0.0008611763831444591,0.5026901852491014,0.37274888203772344,0.06082044831192311
8.669677722597519e-05,0.5099989793230094,12.455049469890646,-5.122911351440042,-133.24267423332924,-0.01892561765235228,-0.11358585930587733,-2.673131367642963,0.0008611763863335662,0.5026901818628926,0.3727488792695947,0.06082044821896554
8.916443287163803e-05,0.5099989754535508,12.455049374768148,-5.122911307842303,-133.2426731078034,-0.01892561777854653,-0.11358585839490792,-2.6731313454018673,0.000861176389706799,0.5026901782811763,0.37274887634164433,0.06082044812064087
9.17023255500995e-05,0.5099989713606846,12.455049274153625,-5.1229112617273955,-133.2426719172937,-0.018925617912026807,-0.11358585743134253,-2.673131321876659,0.0008611763932747905,0.5026901744926652,0.37274887324464556,0.060820448016639383
9.431245442229824e-05,0.5099989670315122,12.455049167729998,-5.1229112129499805,-133.24267065804864,-0.018925618053213678,-0.11358585641214437,-2.6731312969931897,0.0008611763970487844,0.5026901704854192,0.37274886996883755,0.060820447906633164
9.699687555141212e-05,0.5099989624523896,12.455049055161865,-5.122911161356345,-133.24266932609922,-0.01892561820255217,-0.11358585533410172,-2.673131270673041,0.000861176401040674,0.5026901662468103,0.37274886650389594,0.06082044779027566
9.975770352247041e-05,0.5099989576088853,12.455048936094482,-5.1229111067838895,-133.24266791724824,-0.018925618360512916,-0.11358585419381678,-2.6731312428332683,0.0008611764052630412,0.5026901617634796,0.37274886283890246,0.06082044766720009
0.0001025971131080648,0.5099989524857351,12.455048810152594,-5.12291104906062,-133.24266642705544,-0.018925618527593724,-0.11358585298769618,-2.673131213386135,0.0008611764097291918,0.5026901570212993,0.37274885896230586,0.06082044753701859
0.00010551734098147142,0.5099989470667934,12.455048676939285,-5.122910988004625,-133.2426648508245,-0.018925618704321124,-0.11358585171193865,-2.673131182238831,0.0008611764144532011,0.502690152005323,0.37274885486188886,0.060820447399320854
0.00010852068747853394,0.509998941334983,12.45504853603474,-5.122910923423492,-133.24266318358784,-0.018925618891252095,-0.11358585036252365,-2.673131149293198,0.0008611764194499571,0.5026901466997425,0.3727488505247289,0.060820447253673034
0.00011160951840969542,0.5099989352722389,12.455048386994891,-5.122910855113681,-133.2426614200914,-0.018925619088975797,-0.11358584893519862,-2.6731311144454097,0.0008611764247352069,0.5026901410878382,0.3727488459371584,0.06082044709961602
0.00011478626692360511,0.5099989288594547,12.455048229350048,-5.122910782859919,-133.24265955477728,-0.018925619298115315,-0.11358584742546515,-2.6731310775856407,0.0008611764303256081,0.5026901351519234,0.37274884108471823,0.060820446936664344
0.00011805343542377077,0.5099989220764207,12.455048062603394,-5.1229107064345,-133.24265758176685,-0.018925619519329723,-0.11358584582856533,-2.673131038597728,0.0008611764362387772,0.5026901288732909,0.3727488359521168,0.06082044676430445
0.00012141359753976303,0.5099989149017599,12.455047886229396,-5.122910625596569,-133.24265549484232,-0.018925619753316244,-0.11358584413946654,-2.6731309973587996,0.0008611764424933516,0.5026901222321546,0.3727488305231784,0.060820446581993134
0.000124869400154528,0.5099989073128608,12.455047699672239,-5.122910540091354,-133.24265328742652,-0.01892562000081226,-0.11358584235284548,-2.67313095373889,0.0008611764491090411,0.5026901152075828,0.37274882478079324,0.06082044638915582
0.00012842356548940176,0.5099988992858078,12.455047502343977,-5.122910449649388,-133.2426509525628,-0.018925620262597802,-0.11358584046307166,-2.6731309076005294,0.0008611764561066962,0.5026901077774399,0.3727488187068645,0.060820446185184805
0.0001320788932484723,0.5099988907953027,12.455047293622727,-5.122910353985644,-133.24264848289286,-0.018925620539497808,-0.11358583846418946,-2.673130858798317,0.0008611764635083693,0.5026900999183085,0.37274881228225004,0.06082044596943728
0.00013583826282397506,0.5099988818145876,12.455047072850697,-5.1229102527986425,-133.24264587063374,-0.018925620832385002,-0.11358583634989934,-2.6731308071784463,0.0008611764713373876,0.5026900916054199,0.37274880548670236,0.06082044574123334
0.00013970463556446213,0.50999887231536,12.455046839332121,-5.12291014576948,-133.2426431075522,-0.01892562114218239,-0.11358583411353806,-2.6731307525782406,0.0008611764796184243,0.5026900828125764,0.37274879829880564,0.060820445499853666
0.00014368105710752977,0.5099988622676833,12.455046592331062,-5.122910032560859,-133.24264018494117,-0.018925621469866306,-0.11358583174805775,-2.6731306948256224,0.0008611764883775762,0.5026900735120683,0.3727487906959068,0.06082044524453768
0.00014777065977894196,0.5099988516398909,12.455046331069095,-5.122909912816002,-133.2426370935893,-0.01892562181646947,-0.11358582924600348,-2.67313063373859,0.0008611764976424501,0.5026900636745829,0.3727487826540452,0.060820444974480706
0.00015197666506004215,0.5099988403984909,12.455046054722843,-5.122909786157527,-133.24263382375457,-0.018925622183084186,-0.11358582659949017,-2.673130569124622,0.0008611765074422417,0.5026900532691188,0.3727487741478772,0.060820444688831674
0.0001563023861253926,0.5099988285080543,12.45504576242142,-5.122909652186274,-133.2426303651319,-0.018925622570865885,-0.11358582380017701,-2.6731305007800876,0.0008611765178078377,0.5026900422628822,0.37274876515059524,0.0608204443866903
0.00016075123045264548,0.5099988159311091,12.455045453243615,-5.122909510480024,-133.24262670682148,-0.01892562298103658,-0.11358582083924225,-2.6731304284895994,0.0008611765287719032,0.5026900306211873,0.3727487556338442,0.060820444067104455
0.000165326702506696,0.5099988026280189,12.455045126215051,-5.122909360592199,-133.24262283729425,-0.018925623414889015,-0.11358581770735438,-2.6731303520253293,0.0008611765403689938,0.5026900183073456,0.3727487455676322,0.06082044372906686
0.00017003240650023758,0.5099987885568588,12.455044780305093,-5.122909202050414,-133.24261874435496,-0.01892562387379042,-0.11358581439464305,-2.673130271146305,0.0008611765526356577,0.5026900052825487,0.3727487349202348,0.060820443371512246
0.0001748720492328882,0.509998773673283,12.45504441442361,-5.122909034355025,-133.24261441510492,-0.018925624359187078,-0.11358581089066838,-2.6731301855976306,0.0008611765656105513,0.5026899915057493,0.3727487236580974,0.06082044299331379
0.00017984944301112964,0.5099987579303865,12.45504402741752,-5.12290885697755,-133.24260983590068,-0.018925624872608723,-0.11358580718438745,-2.673130095109705,0.000861176579334567,0.5026899769335303,0.3727487117457267,0.0608204425932796
0.00018496850865135428,0.5099987412785544,12.455043618067174,-5.122908669358962,-133.2426049923103,-0.018925625415673376,-0.11358580326412014,-2.673129999397349,0.0008611765938509562,0.5026899615199674,0.37274869914558123,0.06082044217014892
0.00019023327856839087,0.5099987236653089,12.455043185082499,-5.122908470908,-133.2425998690697,-0.01892562599009248,-0.11358579911751145,-2.6731298981589218,0.0008611766092054673,0.5026899452164829,0.37274868581795134,0.06082044172258825
0.00019564789995193594,0.5099987050351426,12.455042727098931,-5.122908260999235,-133.24259445003247,-0.018925626597676378,-0.11358579473149324,-2.673129791075378,0.0008611766254464899,0.5026899279716979,0.3727486717208352,0.06082044124918705
0.00020121663803339957,0.509998685329341,12.455042242673146,-5.122908038971133,-133.24258871812103,-0.018925627240339905,-0.11358579009224326,-2.67312967780924,0.0008611766426252086,0.5026899097312654,0.3727486568098053,0.060820440748453525
0.00020694387944573218,0.5099986644858021,12.455041730278474,-5.122907804123986,-133.24258265527072,-0.018925627920108323,-0.1135857851851406,-2.673129558003547,0.000861176660795763,0.5026898904376988,0.37274864103786975,0.06082044021880946
0.00021283413567888562,0.5099986424388366,12.455041188300077,-5.122907555717661,-133.24257624237472,-0.01892562863912397,-0.11358577999472057,-2.6731294312807306,0.0008611766800154158,0.5026898700301967,0.3727486243553226,0.06082043965858576
0.00021889204663362387,0.5099986191189636,12.45504061502993,-5.122907292969305,-133.24256945922244,-0.0189256293996529,-0.11358577450462583,-2.673129297241423,0.0008611767003447403,0.5026898484444432,0.3727486067095892,0.060820439066016835
0.0002251223842764894,0.5099985944526907,12.45504000866138,-5.122907015050869,-133.2425622844372,-0.01892563020409178,-0.11358576869755374,-2.6731291554632026,0.0008611767218478024,0.5026898256124116,0.3727485880450592,0.06082043843923515
0.00023153005639879866,0.5099985683622825,12.455039367283426,-5.122906721086486,-133.24255469540736,-0.018925631054975956,-0.11358576255520382,-2.6731290054992547,0.0008611767445923727,0.5026898014621448,0.3727485683029109,0.060820437776265515
0.00023812011048263045,0.5099985407655143,12.455038688874778,-5.122906410149732,-133.24254666821625,-0.018925631954986952,-0.11358575605821826,-2.6731288468769625,0.0008611767686501271,0.5026897759175352,0.37274854742092695,0.06082043707501849
0.00024489773767685395,0.509998511575415,12.455037971297438,-5.122906081260694,-133.24253817756593,-0.01892563290696105,-0.11358574918612174,-2.6731286790964286,0.0008611767940968866,0.5026897488980786,0.3727485253332979,0.060820436333284066
0.0002518682768863234,0.5099984806999919,12.45503721228994,-5.122905733382877,-133.24252919669834,-0.0189256339138985,-0.11358574191725697,-2.6731285016289004,0.0008611768210128462,0.5026897203186236,0.37274850197041476,0.06082043554872467
0.00025903721897746815,0.509998448041942,12.4550364094603,-5.1229053654199355,-133.24251969731017,-0.018925634978972695,-0.11358573422871598,-2.6731283139150803,0.0008611768494828316,0.5026896900891005,0.37274847725864885,0.060820434718867784
0.00026641021110358136,0.5099984134983419,12.455035560278375,-5.122904976212237,-133.2425096494642,-0.01892563610554006,-0.11358572609626852,-2.6731281153633972,0.0008611768795965683,0.5026896581142426,0.3727484511201219,0.06082043384109809
0.0002739930611532253,0.5099983769603296,12.455034662067998,-5.122904564533209,-133.24249902149467,-0.01892563729715117,-0.11358571749428513,-2.673127905348106,0.0008611769114489583,0.5026896242932801,0.3727484234724576,0.06082043291264925
0.00028179174232524683,0.5099983383127547,12.45503371199847,-5.1229041290854305,-133.24248777990766,-0.018925638557561263,-0.11358570839565679,-2.673127683207352,0.0008611769451403855,0.5026895885196279,0.372748394228525,0.060820431930595255
0.00028981239783401586,0.5099982974338192,12.455032707075611,-5.122903668496607,-133.24247588927528,-0.018925639890742512,-0.11358569877170908,-2.673127448241061,0.0008611769807770274,0.5026895506805441,0.37274836329616257,0.06082043089184113
0.00029806134574858587,0.5099982541946942,12.455031644132456,-5.122903181315182,-133.24246331212427,-0.018925641300896513,-0.11358568859211227,-2.673127199708735,0.0008611770184711969,0.5026895106567798,0.3727483305778864,0.06082042979311328
0.0003065450839695952,0.5099982084591118,12.455030519819141,-5.122902666005818,-133.24245000881822,-0.018925642792467296,-0.11358567782478572,-2.673126936827128,0.000861177058341684,0.5026894683222016,0.37274829597058595,0.06082042863094903
0.0003152702953478224,0.5099981600829374,12.455029330592398,-5.1229021209445245,-133.24243593743142,-0.0189256443701556,-0.11358566643579597,-2.673126658767775,0.0008611771005141432,0.5026894235433902,0.37274825936519596,0.060820427401685785
0.0003242438529484356,0.5099981089137136,12.455028072704376,-5.122901544413541,-133.2424210536183,-0.018925646038933413,-0.11358565438925088,-2.67312636465437,0.0008611771451214813,0.502689376179228,0.37274822064635577,0.060820426101449464
0.00033347282546507376,0.5099980547901812,12.455026742190919,-5.122900934595944,-133.24240531047272,-0.0189256478040599,-0.11358564164718607,-2.6731260535600274,0.0008611771923042777,0.5026893260804471,0.3727481796920435,0.060820424726142415
0.00034296448278803423,0.5099979975417712,12.455025334858883,-5.122900289569906,-133.2423886583808,-0.01892564967109783,-0.11358562816944501,-2.6731257245043287,0.0008611772422112316,0.5026892730891612,0.37274813637319215,0.06082042327143034
0.00035272630173094306,0.5099979369880672,12.455023846273106,-5.122899607302635,-133.2423710448633,-0.018925651645931206,-0.11358561391355299,-2.6731253764502734,0.0008611772949996245,0.5026892170383698,0.37274809055328323,0.06082042173272867
0.0003627659719204284,0.5099978729382331,12.455022271742363,-5.122898885643984,-133.24235241441195,-0.01892565373478365,-0.11358559883458282,-2.6731250083009654,0.0008611773508358188,0.5026891577514305,0.37274804208791673,0.06082042010518813
0.00037309140185342915,0.5099978051904206,12.455020606304538,-5.122898122319673,-133.24233270831314,-0.018925655944238076,-0.11358558288501351,-2.6731246188961992,0.0008611774098957832,0.502689095041502,0.3727479908243553,0.06082041838367962
0.00038371072512691267,0.5099977335311217,12.455018844711066,-5.122897314924094,-133.24231186446357,-0.018925658281257626,-0.11358556601458038,-2.6731242070087724,0.0008611774723656464,0.502689028710955,0.37274793660104283,0.06082041656277764
0.00039463230684491326,0.5099976577345053,12.455016981410314,-5.122896460912767,-133.24228981717496,-0.018925660753207337,-0.1135855481701167,-2.673123771340637,0.0008611775384422825,0.5026889585507511,0.3727478792470967,0.06082041463674371
0.0004058647502079287,0.5099975775617012,12.455015010530156,-5.122895557594302,-133.24226649696553,-0.018925663367877463,-0.11358552929538658,-2.6731233105188,0.000861177608333932,0.5026888843397841,0.37274781858176814,0.06082041259950784
0.0004174169032898778,0.509997492760047,12.455012925859469,-5.122894602121932,-133.24224183034272,-0.018925666133508136,-0.11358550933090658,-2.673122823090992,0.0008611776822608606,0.5026888058441791,0.3727477544138719,0.06082041044464968
0.0004292978660079439,0.5099974030622951,12.455010720828462,-5.122893591484525,-133.24221573957055,-0.01892566905881512,-0.11358548821375967,-2.673122307521113,0.000861177760456049,0.5026887228165601,0.3727476865411855,0.06082040816537814
0.0004415169972908087,0.5099973081857648,12.455008388488071,-5.122892522497089,-133.24218814242502,-0.018925672153017395,-0.1135854658773958,-2.673121762184358,0.0008611778431659288,0.5026886349952706,0.3727476147498122,0.06082040575451018
0.00045408392245090877,0.5099972078314583,12.455005921488054,-5.122891391790766,-133.242158951935,-0.018925675425866272,-0.11358544225142332,-2.6731211853621306,0.0008611779306511617,0.5026885421035456,0.3727475388135037,0.060820403204447746
0.0004670085407665358,0.5099971016831135,12.455003312053755,-5.1228901958021975,-133.24212807610843,-0.01892567888767605,-0.11358541726138582,-2.673120575236602,0.0008611780231874578,0.5026884438486408,0.37274745849295116,0.06082040050715449
0.0004803010332797402,0.5099969894062102,12.455000551961726,-5.122888930762287,-133.24209541764137,-0.01892568254935636,-0.11358539082852864,-2.673119929884991,0.0008611781210664464,0.5026883399209113,0.3727473735350296,0.060820397654129756
0.0004939718708161937,0.5099968706469128,12.454997632513688,-5.122887592684327,-133.2420608736129,-0.018925686422446946,-0.11358536286955033,-2.6731192472735157,0.0008611782245965927,0.5026882299928346,0.3727472836719985,0.06082039463638224
0.0005080318222333142,0.5099967450309618,12.45499454450914,-5.122886177351465,-133.24202433515967,-0.018925690519153573,-0.11358533329633973,-2.6731185252509633,0.0008611783341041734,0.5026881137179813,0.3727471886206599,0.060820391444401455
0.0005224919629031658,0.5099966121624832,12.454991278216486,-5.122884680303371,-133.24198568713288,-0.01892569485238679,-0.11358530201569893,-2.6731177615419366,0.0008611784499343006,0.5026879907299177,0.3727470880814671,0.0608203880681279
0.000537363683436799,0.5099964716227546,12.454987823342229,-5.1228830968222,-133.24194480773662,-0.018925699435802575,-0.11358526892904909,-2.6731169537396546,0.0008611785724520128,0.502687860641056,0.37274698173757775,0.06082038449692118
0.0005526586986569221,0.5099963229688749,12.454984168998601,-5.122881421917748,-133.24190156814225,-0.018925704283845313,-0.11358523393212035,-2.6731160992983996,0.0008611787020434271,0.5026877230414315,0.3727468692538583,0.06082038071952668
0.0005683890568259543,0.5099961657323732,12.454980303669279,-5.122879650311686,-133.24185583208381,-0.01892570941179318,-0.1135851969146229,-2.673115195525465,0.0008611788391169487,0.5026875774974106,0.3727467502758251,0.06082037672403989
0.00058456714913674,0.5099959994177338,12.454976215172978,-5.122877776420952,-133.2418074554285,-0.018925714835806646,-0.11358515775989932,-2.673114239572699,0.0008611789841045652,0.5026874235503237,0.37274662442853074,0.060820372497868966
0.0006012057194734015,0.5099958235008315,12.454971890625211,-5.122875794340178,-133.24175628572183,-0.018925720572979032,-0.11358511634455708,-2.6731132284275,0.0008611791374632047,0.5026872607150237,0.3727464913153795,0.06082036802769523
0.000618317874450008,0.509995637427282,12.454967316397612,-5.122873697823027,-133.24170216170762,-0.01892572664139056,-0.1135850725380802,-2.6731121589033573,0.0008611792996761769,0.5026870884783488,0.37274635051687893,0.060820363299430816
0.0006359170937349853,0.5099954406106956,12.454962478075002,-5.122871480262565,-133.24164491282005,-0.018925733060165227,-0.11358502620241707,-2.6731110276297767,0.0008611794712546951,0.502686906297517,0.37274620158931937,0.060820358298174684
0.0006540172406693789,0.5099952324308257,12.454957360409962,-5.122869134670413,-133.24158435864615,-0.018925739849531286,-0.11358497719154655,-2.673109831041685,0.0008611796527394865,0.5026867135984056,0.37274604406337297,0.06082035300816529
0.0006726325731873567,0.5099950122316228,12.454951947274852,-5.1228666536547385,-133.24152030835668,-0.018925747030884697,-0.11358492535101677,-2.673108565368186,0.0008611798447025003,0.5026865097737482,0.372745877442617,0.060820347412731235
0.0006917777550475318,0.5099947793191558,12.454946221610864,-5.1228640293969345,-133.2414525601058,-0.018925754626856767,-0.11358487051745926,-2.673107226620678,0.0008611800477487068,0.5026862941812179,0.3727457012019694,0.06082034149423852
0.000711467867383974,0.5099945329594348,12.454940165374396,-5.122861253627039,-133.24138090039494,-0.01892576266138523,-0.11358481251807373,-2.6731058105802887,0.0008611802625180007,0.5026860661414055,0.3727455147860334,0.06082033523403506
0.0007317184205859866,0.5099942723760935,12.45493375948012,-5.122858317597646,-133.24130510339876,-0.01892577115979,-0.11358475117008394,-2.6731043127845884,0.0008611804896872283,0.5026858249356805,0.37274531760734847,0.06082032861239181
0.0007525453665160305,0.5099939967479468,12.454926983740918,-5.122855212056327,-133.24122493025584,-0.018925780148852593,-0.11358468628016163,-2.6731027285135123,0.000861180729972308,0.5026855698039207,0.37274510904453784,0.060820321608440746
0.0007739651110753956,0.5099937052064001,12.4549198168042,-5.122851927216503,-133.24114012831424,-0.018925789656900886,-0.1135846176438172,-2.6731010527745074,0.0008611809841304943,0.5026852999421216,0.3727448884403532,0.06082031420010892
0.0007959945271275413,0.509993396832712,12.454912236084693,-5.122848452726624,-133.24105043033586,-0.01892579971389799,-0.11358454504475557,-2.673099280286789,0.0008611812529627617,0.5026850144998658,0.3727446550996025,0.06082030636404915
0.0008186509677892636,0.509993070655103,12.454904217693203,-5.122844777637498,-133.24095555365517,-0.01892581035153696,-0.11358446825419524,-2.6730974054647043,0.0008611815373163294,0.5026847125776375,0.37274440828695804,0.060820298075566076
0.00084195228010018,0.5099927256456919,12.454895736361468,-5.122840890367863,-133.24085519928806,-0.01892582160334049,-0.11358438703014624,-2.673095422400147,0.0008611818380873313,0.5026843932239897,0.3727441472246439,0.06082028930853871
0.0008659168190812825,0.5099923607172572,12.454886765362419,-5.1228367786678355,-133.24074905099,-0.018925833504766634,-0.11358430111664895,-2.673093324843929,0.0008611821562236394,0.5026840554325523,0.37274387108997925,0.060820280035337924
0.0008905634621936402,0.5099919747198122,12.454877276426068,-5.122832429580379,-133.24063677425903,-0.018925846093320434,-0.11358421024296686,-2.673091106186092,0.0008611824927278511,0.5026836981388546,0.3727435790127933,0.06082027022673934
0.0009159116242086486,0.5099915664369824,12.454867239650367,-5.122827829400427,-133.2405180152833,-0.018925859408672127,-0.11358411412273409,-2.6730887594350925,0.0008611828486604475,0.5026833202169737,0.3727432700726789,0.06082025985183138
0.0009419812725015193,0.5099911345821694,12.454856623407094,-5.122822963631735,-133.24039239982525,-0.01892587349278218,-0.11358401245305294,-2.6730862771957633,0.0008611832251431388,0.5026829204759921,0.37274294329609564,0.06082024887791773
0.0009687929427800833,0.5099906777945061,12.454845394242147,-5.122817816941212,-133.24025953204304,-0.01892588839003335,-0.11358390491353995,-2.6730836516460315,0.0008611836233623966,0.5026824976562363,0.3727425976533002,0.06082023727041434
0.0009963677552612693,0.5099901946345593,12.45483351677012,-5.122812373110604,-133.24011899324378,-0.018925904147370727,-0.11358379116531594,-2.673080874512262,0.0008611840445731914,0.5026820504253191,0.3727422320551062,0.060820224992740625
0.0010247274313080297,0.5099896835798052,12.454820953562953,-5.12280661498541,-133.23997034056345,-0.018925920814449444,-0.11358367084993942,-2.673077937043205,0.0008611844901029503,0.5026815773739332,0.3727418453494493,0.060820212006203675
0.0010538943105397878,0.5099891430198247,12.454807665031888,-5.122800524420856,-133.23981310557332,-0.018925938443791222,-0.1135835435882765,-2.6730748299824088,0.0008611849613557387,0.5026810770114156,0.37274143631775947,0.06082019826987694
0.001083891368429919,0.5099885712512345,12.454793609302872,-5.122794082224706,-133.23964679280348,-0.018925957090949644,-0.11358340897930706,-2.6730715435390864,0.0008611854598166858,0.5026805477610556,0.3727410036711236,0.060820183740470886
0.00111474223440409,0.509987966472321,12.454778742084603,-5.122787268096827,-133.2394708781818,-0.018925976814685427,-0.11358326659886175,-2.6730680673572618,0.0008611859870566624,0.5026799879551214,0.37274054604622314,0.06082016837219665
0.0011464712104537534,0.509987326777365,12.454763016528968,-5.122780060565249,-133.23928480738425,-0.018925997677151394,-0.11358311599828522,-2.6730643904831517,0.0008611865447372331,0.5026793958296103,0.3727400620010409,0.06082015211662162
0.0011791032902794185,0.5099866501506397,12.454746383083597,-5.1227724369185195,-133.23908799408767,-0.018926019744088297,-0.11358295670302362,-2.6730605013306468,0.0008611871346158929,0.502678769518691,0.37273955001032005,0.06082013492251726
0.0012126641789788175,0.5099859344600588,12.454728789335658,-5.122764373134182,-133.23887981812393,-0.018926043085031874,-0.11358278821112895,-2.673056387644853,0.0008611877585516009,0.5026781070488313,0.37273900846075864,0.06082011673569715
0.001247180313295439,0.5099851774504642,12.454710179846888,-5.122755843803104,-133.23865962352622,-0.018926067773531802,-0.11358260999167934,-2.6730520364634582,0.0008611884185106446,0.5026774063325737,0.3727384356459287,0.060820097498846516
0.0012826788824434148,0.5099843767365234,12.454690495978914,-5.122746822049437,-133.23842671646236,-0.01892609388738357,-0.11358242148310614,-2.6730474340759374,0.0008611891165728308,0.5026766651619708,0.37273782976090175,0.06082007715134147
0.0013191878495251283,0.5099835297952153,12.454669675708582,-5.122737279446008,-133.23818036305147,-0.018926121508873347,-0.11358222209142504,-2.6730425659803423,0.0008611898549380417,0.5026758812016199,0.37273718889656615,0.0608200556290582
0.001356735973558451,0.5099826339578815,12.454647653432664,-5.122727185924787,-133.2379197870507,-0.018926150725037207,-0.1135820111883662,-2.6730374168376576,0.0008611906359331677,0.5026750519813235,0.3727365110336101,0.060820032864170565
0.0013953528321309309,0.5099816864018327,12.454624359761256,-5.1227165096821565,-133.23764416741253,-0.01892618162793523,-0.11358178810939511,-2.6730319704234766,0.0008611914620194353,0.5026741748882949,0.37273579403616897,0.06082000878493675
0.0014350688446987852,0.5099806841414465,12.454599721299255,-5.122705217078808,-133.23735263569776,-0.01892621431494157,-0.11358155215162016,-2.6730262095769284,0.0008611923358001685,0.5026732471589397,0.3727350356450956,0.06081998331547274
0.0014759152965490702,0.5099796240187788,12.454573660415214,-5.122693272533803,-133.23704427334175,-0.018926248889050944,-0.11358130257157943,-2.673020116146618,0.0008611932600289878,0.5026722658701516,0.3727342334708472,0.06081995637551377
0.001517924363443866,0.5099785026936077,12.454546094996967,-5.122680638412548,-133.236718108762,-0.018926285459203034,-0.11358103858289953,-2.673013670933493,0.0008611942376184877,0.5026712279301081,0.3727333849859609,0.060819927880160975
0.0015611291369659326,0.5099773166329256,12.454516938193066,-5.122667274908265,-133.2363731142989,-0.01892632414062554,-0.11358075935381971,-2.6730068536303837,0.0008611952716494144,0.5026701300685328,0.3727324875170982,0.06081989773961387
0.001605563650585757,0.5099760620998168,12.454486098139276,-5.122653139916702,-133.23600820298043,-0.018926365055197174,-0.11358046400457303,-2.6729996427580773,0.0008611963653803742,0.5026689688264069,0.37273153823662736,0.06081986585888759
0.0016512629064705745,0.5099747351416819,12.454453477669517,-5.1226381889035775,-133.23562222510017,-0.01892640833183113,-0.11358015160461676,-2.6729920155976834,0.0008611975222580982,0.5026677405450704,0.37273053415372004,0.060819832137513435
0.0016982629030564294,0.5099733315778097,12.454418974009796,-5.122622374764349,-133.235213964597,-0.01892645410688135,-0.11357982116970305,-2.6729839481191147,0.0008611987459283039,0.5026664413547114,0.372729472104939,0.06081979646922254
0.0017466006634050488,0.5099718469862027,12.454382478454846,-5.122605647676,-133.23478213522893,-0.018926502524571384,-0.11357947165878046,-2.6729754149054714,0.0008612000402471853,0.5026650671621804,0.37272834874427874,0.06081975874161054
0.001796314264367811,0.5099702766896707,12.454343876025886,-5.122587954940154,-133.23432537652346,-0.0189265537374488,-0.11357910197071767,-2.672966389073006,0.0008612014092935585,0.5026636136381127,0.37272716053263377,0.06081971883578385
0.0018474428665798401,0.5099686157411,12.454303045108736,-5.122569240817239,-133.23384224949555,-0.018926607906865345,-0.11357871094083669,-2.6729568421865384,0.00086120285738171,0.5026620762032926,0.37272590372666115,0.0608196766259849
0.0019000267453077922,0.509966858907891,12.454259857071168,-5.122549446351103,-133.2333312321192,-0.018926665203484752,-0.11357829733724835,-2.6729467441699235,0.0008612043890750013,0.5026604500142511,0.3727245743670014,0.060819631979195786
0.0019541073221756976,0.509965000655486,12.454214175857937,-5.122528509183428,-133.23279071453788,-0.018926725807820025,-0.11357785985697558,-2.6729360632114636,0.000861206009200234,0.5026587299480211,0.37272316826581253,0.0608195847547194
0.0020097271977937833,0.5099630351299573,12.454165857562842,-5.122506363357553,-133.23221899399857,-0.01892678991080148,-0.11357739712185277,-2.6729247656637725,0.0008612077228628641,0.5026569105860154,0.37272168099360276,0.060819534803735725
0.0020669301853160457,0.5099609561395909,12.454114749975894,-5.1224829391109425,-133.2316142694948,-0.018926857714377753,-0.11357690767419035,-2.672912815937905,0.0008612095354630831,0.5026549861969779,0.37272010786528614,0.060819481968833244
0.0021257613449529415,0.5099587571354008,12.45406069210438,-5.122458162655689,-133.23097463610006,-0.01892692943215138,-0.11357638997218769,-2.672900176391411,0.0008612114527128376,0.502652950718962,0.3727184439254482,0.06081942608351303
0.0021862670194664454,0.5099564311905331,12.454003513666546,-5.122431955946462,-133.2302980789761,-0.018927005290050713,-0.11357584238508471,-2.672886807209934,0.0008612134806538134,0.5026507977402468,0.3727166839327568,0.06081936697166382
0.002248494870675386,0.5099539709784726,12.453943034555865,-5.122404236434948,-133.22958246703448,-0.018927085527041,-0.11357526318803025,-2.6728726662819384,0.0008612156256764791,0.5026485204791822,0.3727148223434771,0.06081930444700753
0.0023124939169998355,0.509951368750006,12.453879064274725,-5.122374916810284,-133.22882554623516,-0.018927170395876075,-0.1135746505566592,-2.672857709066316,0.0008612178945402141,0.5026461117628521,0.3727128532940371,0.06081923831251212
0.0023783145720741483,0.509948616308851,12.453811401335258,-5.1223439047245245,-133.22802493249787,-0.018927260163893494,-0.11357400256135435,-2.6728418884522784,0.0008612202943945993,0.502643564004527,0.3727107705825897,0.06081916835977102
0.0024460086844590107,0.5099457049858825,12.453739832625898,-5.122311102502199,-133.227178104206,-0.018927355113855487,-0.11357331716117922,-2.6728251546112607,0.0008612228328019423,0.5026408691798004,0.372708567649512,0.06081909436834642
0.002515629578483858,0.5099426256118786,12.453664132741324,-5.122276406833274,-133.22628239427908,-0.018927455544838254,-0.11357259219746163,-2.6728074548402576,0.000861225517761103,0.5026380188013677,0.37270623755678683,0.0608190161050749
0.0025872320962517484,0.509939368488704,12.453584063273961,-5.12223970844847,-133.22533498178905,-0.01892756177317245,-0.1135718253870081,-2.672788733396151,0.0008612283577326779,0.5026350038923443,0.3727037729661931,0.0608189333233327
0.002660872640839866,0.5099359233588164,12.453499372064634,-5.122200891775745,-133.22433288309296,-0.018927674133437815,-0.11357101431492804,-2.6727689313205265,0.0008612313616656649,0.5026318149580556,0.3727011661162452,0.060818845762259086
0.0027366092207296035,0.5099322793730455,12.453409792410234,-5.122159834577187,-133.22327294246034,-0.018927792979515173,-0.11357015642704404,-2.672747986254386,0.0008612345390256373,0.5026284419561976,0.3726984087978015,0.06081875314593437
0.0028145014955012993,0.5099284250564938,12.453315042225661,-5.122116407564941,-133.2221518221542,-0.018927918685698947,-0.11356924902186763,-2.672725832242241,0.0008612378998245656,0.5026248742652848,0.37269549232827787,0.06081865518251088
0.002894610822829547,0.509924348272499,12.453214823157822,-5.122070473995076,-133.22096599194845,-0.018928051647873194,-0.11356828924211239,-2.672702399524918,0.0008612414546523498,0.5026211006512898,0.37269240752437105,0.06081855156329333
0.0029770003068161762,0.5099200361845077,12.453108819648426,-5.122021889238082,-133.21971171803952,-0.018928192284756184,-0.11356727406571948,-2.6726776143204503,0.0008612452147101688,0.5026171092323545,0.3726891446732214,0.06081844196176683
0.003061734847698896,0.509915475215772,12.452996697943142,-5.121970500324766,-133.21838505132203,-0.01892834103921568,-0.113566200296368,-2.67265139859241,0.0008612491918457589,0.5026128874414808,0.3726856935019124,0.06081832603256827
0.003148881192974842,0.509910651006717,12.45287810504381,-5.1219161454659865,-133.21698181498948,-0.018928498379660343,-0.11356506455343947,-2.6726236698049046,0.0008612533985907262,0.5026084219870836,0.3726820431452235,0.06081820341039839
0.0032385079899792096,0.5099055483698735,12.452752667600365,-5.121858653544857,-133.2154975914249,-0.018928664801510987,-0.11356386326140726,-2.6725943406635286,0.0008612578482000055,0.5026036988112619,0.3726781821115307,0.06081807370887133
0.0033306858399604834,0.5099001512422169,12.452619990739285,-5.121797843579759,-133.21392770833802,-0.0189288408287563,-0.1135625926386148,-2.6725633188414193,0.000861262554693604,0.5025987030456939,0.3726740982467449,0.060817936519297705
0.0034254873536947797,0.5098944426347692,12.452479656824709,-5.121733524156592,-133.2122672241065,-0.018929027015597993,-0.11356124868541177,-2.6725305066895997,0.0008612675329007484,0.5025934189649844,0.3726697786961883,0.06081779140939731
0.003522987208683143,0.5098884045793136,12.452331224148597,-5.1216654928283685,-133.2105109122766,-0.01892922394819042,-0.11355982717160899,-2.672495800930724,0.0008612727985065681,0.5025878299373485,0.37266520986428037,0.06081763792193803
0.003623262207976888,0.5098820180720549,12.452174225545543,-5.121593535480489,-133.20865324517513,-0.018929432246480023,-0.11355832362321361,-2.672459092335239,0.0008612783681014899,0.5025819183724628,0.3726603773719095,0.060817475573295574
0.003726391340677239,0.5098752630140394,12.452008166928573,-5.121517425659567,-133.20668837658252,-0.01892965256615069,-0.11355673330840364,-2.6724202653789755,0.0008612842592334642,0.5025756656663175,0.37265526601136734,0.0608173038519308
0.003832455844157029,0.5098681181481763,12.451832525740599,-5.121436923863812,-133.20461012341096,-0.018929885600679965,-0.11355505122269943,-2.6723791978811637,0.000861290490463206,0.5025690521429304,0.37264985969869746,0.06081712221677872
0.003941539268053362,0.5098605609926368,12.451646749317472,-5.12135177679272,-133.2024119463354,-0.018930132083514035,-0.11355327207328615,-2.6723357606216465,0.0008612970814226308,0.5025620569927046,0.3726441414233168,0.06081693009554492
0.004053727540081762,0.5098525677704534,12.451450253157269,-5.121261716553945,-133.2000869293149,-0.018930392790366762,-0.11355139026243705,-2.6722898169362677,0.0008613040528766392,0.5025546582072586,0.3726380931947519,0.0608167268829037
0.004169109033723534,0.5098441133350816,12.451242419090477,-5.121166459824614,-133.19762775794263,-0.018930668541650965,-0.11354939986998978,-2.6722412222890006,0.0008613114267884851,0.5025468325105403,0.37263169598633106,0.06081651193859209
0.004287774637839775,0.5098351710917111,12.45102259334562,-5.121065706964853,-133.19502669655594,-0.01893096020504854,-0.11354729463481995,-2.672189823819734,0.0008613192263888886,0.5025385552859871,0.3726249296756536,0.06081628458539414
0.0044098178282667485,0.5098257129140658,12.450790084504204,-5.1209591410805055,-133.19227556404067,-0.01893126869822801,-0.1135450679352554,-2.6721354598660843,0.0008613274762491559,0.5025298004995301,0.37261777298165977,0.06081604410700934
0.00453533474144915,0.5098157090564722,12.450544161338968,-5.120846427032406,-133.18936570825127,-0.018931594991717527,-0.1135427127683719,-2.6720779594580044,0.0008613362023584848,0.502520540618202,0.37261020339810436,0.06081578974579713
0.004664424250169134,0.5098051280608877,12.450284050528616,-5.120727210389055,-133.18628797897117,-0.01893194011194191,-0.11354022172810671,-2.672017141783439,0.0008613454322057526,0.5025107465240898,0.37260219712323883,0.06081552070039286
0.004797188041430887,0.5097939366586371,12.45000893424224,-5.120601116319541,-133.18303269933224,-0.018932305144433993,-0.11353758698212302,-2.671952815623604,0.0008613551948659921,0.5025003874233928,0.37259372898547255,0.06081523612318506
0.004933730696561968,0.5097820996665361,12.449717947585974,-5.120467748423398,-133.17958963560108,-0.01893269123722863,-0.11353480024735609,-2.671884778755966,0.0008613655210918612,0.5024894307502817,0.37258477236480964,0.06081493511764794
0.005074159773594634,0.5097695798771124,12.44941017590424,-5.120326687493716,-133.17594796524625,-0.01893309960445108,-0.1135318527641655,-2.671812817323282,0.0008613764434103785,0.5024778420652858,0.37257529910980103,0.06081461673552009
0.005218585891991964,0.5097563379425524,12.449084651927267,-5.120177490209978,-133.1720962431904,-0.018933531530109748,-0.11352873526901527,-2.6717367051666883,0.0008613879962252221,0.5024655849479042,0.3725652794497759,0.060814279973820745
0.00536712281978553,0.5097423322520757,12.448740352756499,-5.120019687756385,-133.1680223661366,-0.018933988372105574,-0.11352543796560198,-2.671656203120891,0.000861400215924929,0.5024526208830972,0.37255468190208413,0.06081392377169367
0.005519887563193328,0.5097275188023171,12.448376196678556,-5.119852784361855,-133.16371353487352,-0.018934471566469564,-0.11352195049433987,-2.6715710582692647,0.0008614131409973193,0.5024389091413348,0.372543473174064,0.06081354700707
0.005677000458788438,0.509711851060361,12.44799103979839,-5.119676255756995,-133.15915621443585,-0.018934982631841624,-0.11351826190011392,-2.671481003156696,0.0008614268121504937,0.5024244066518345,0.37253161805944934,0.06081314849313811
0.005838585268291164,0.509695279819004,12.447583672481436,-5.1194895475436075,-133.15433609200812,-0.018935523174204404,-0.1135143605982045,-2.6713857549577598,0.0008614412724408124,0.5024090678686096,0.3725190793289059,0.06081272697461054
0.006004769276059158,0.5096777530438088,12.447152815594185,-5.119292073471854,-133.14923803244258,-0.01893609489188597,-0.11351023433827916,-2.6712850145977796,0.0008614565674082275,0.5023928446289265,0.3725058176143646,0.06081228112377634
0.00617568338935252,0.509659215711517,12.446697116531896,-5.119083213619849,-133.1438460312577,-0.018936699580846702,-0.11350587016634907,-2.6711784658241453,0.0008614727452193966,0.5023756860037535,0.3724917912868128,0.0608118095363252
0.006351462241452631,0.5096396096393088,12.446215145021917,-5.118862312470482,-133.1381431649825,-0.018937339140265828,-0.11350125438457087,-2.671065774225117,0.0008614898568190335,0.5023575381397574,0.372476956327178,0.06081131072693243
0.006532244297716178,0.5096188733044309,12.44570538868985,-5.118628676879507,-133.13211153869406,-0.018938015578445322,-0.11349637250878239,-2.670946586193272,0.0008615079560899546,0.5023383440923752,0.37246126618993314,0.060810783124588444
0.006718171964647695,0.5095969416536458,12.445166248375894,-5.118381573929179,-133.1257322306006,-0.018938731019047132,-0.1134912092236399,-2.670820527830451,0.0008615271000223326,0.5023180436494823,0.3724446716590016,0.06081022506766092
0.006909391702076749,0.5095737459019662,12.444596033187304,-5.118120228661023,-133.11898523349998,-0.01893948770768347,-0.11348574833523206,-2.670687203791118,0.0008615473488926674,0.502296573145126,0.3724271206955709,0.06080963479867186
0.007106054138527918,0.5095492133200477,12.443992955272646,-5.11784382168118,-133.11184939294995,-0.01894028801887934,-0.11347997272102626,-2.670546196060637,0.0008615687664530389,0.5022738652627882,0.3724085582773399,0.0608090104587749
0.0073083141898746705,0.5095232670096672,12.44335512430295,-5.117551486631238,-133.10430234196565,-0.018941134463428,-0.11347386427700673,-2.670397062664983,0.0008615914201312436,0.5022498488276069,0.37238892622875486,0.060808350081914334
0.007516331181370376,0.5094958256665958,12.442680541643114,-5.117242307517534,-133.0963204320585,-0.01894202969616008,-0.1134674038618489,-2.6702393363081875,0.0008616153812424026,0.5022244485869587,0.3723681630417394,0.06080765158864901
0.007730268973152821,0.5094668033302246,12.441967094197704,-5.11691531589083,-133.08787866041533,-0.0189429765241502,-0.11346057123796882,-2.670072522933523,0.0008616407252127275,0.5021975849787629,0.3723462036864001,0.060806912779621164
0.00795029608932083,0.5094361091191884,12.44121254791273,-5.116569487868787,-133.07895059301512,-0.0189439779153841,-0.11345334500928161,-2.6698961002043555,0.0008616675318161225,0.502169173886846,0.37232297941116954,0.06080613132864944
0.008176585850684927,0.509403646952272,12.440414540915476,-5.116203740992355,-133.06950828345438,-0.018945037007912176,-0.11344570255549048,-2.669709515900388,0.0008616958854243538,0.50213912638269,0.3722984175318274,0.060805304775425645
0.008409316511296424,0.5093693152537714,12.43957057627273,-5.115816930907428,-133.05952218726603,-0.018946157119514175,-0.1134376199627193,-2.669512186224687,0.0008617258752715708,0.5021073484528036,0.3722724412087939,0.06080443051779204
0.008648671398862506,0.5093330066425249,12.438678014347262,-5.115407847862511,-133.04896107147962,-0.018947341757905304,-0.11342907195029633,-2.669303494016811,0.0008617575957339734,0.5020737407109882,0.37224496921207817,0.060803505803574825
0.008894839059158081,0.5092946076037109,12.437734064730982,-5.1149752130124515,-133.03779191917658,-0.01894859463150978,-0.11342003179348331,-2.6690827868670284,0.0008617911466255137,0.5020381980946579,0.372215915673234,0.06080252772194962
0.00914801340454789,0.509253998142533,12.436735777733105,-5.114517674518211,-133.0259798287741,-0.018949919660834976,-0.11341047124193808,-2.668849375126487,0.0008618266335105242,0.5020006095444192,0.3721851898236318,0.0608014931943109
0.00940839386673614,0.5092110514188127,12.435680035399045,-5.114033803431879,-133.01348790776723,-0.018951320990476007,-0.11340036043368441,-2.6686025298077145,0.0008618641680342376,0.5019608576659966,0.3721526957183357,0.06080039896461819
0.009676185553863738,0.5091656333615412,12.434563542036669,-5.1135220893559445,-133.00027716063286,-0.018952803001785687,-0.1133896678043581,-2.668341480370012,0.0008619038682722162,0.5019188183736023,0.3721183319448372,0.0607992415891888
0.009951599412077126,0.5091176022622952,12.433382814223503,-5.112980935864776,-132.98630637059736,-0.018954370326243974,-0.11337835999148134,-2.6680654123835263,0.0008619458590997498,0.5018743605137888,0.3720819913158711,0.06079801742590532
0.010234852391695703,0.5090668083464794,12.43213417026904,-5.112408655676678,-132.97153197495854,-0.018956027859564257,-0.1133664017335141,-2.6677734650659675,0.0008619902725823821,0.501827345468792,0.37204356054548815,0.060796722622805346
0.010526167618109044,0.5090130933212454,12.43081371910368,-5.1118034655632725,-132.95590793361967,-0.018957780776574177,-0.11335375576341297,-2.6674647286853825,0.0008620372483887097,0.5017776267382917,0.3720029199075442,0.06079535310601744
0.010825774567538277,0.5089562898989078,12.429417348565991,-5.111163480983342,-132.93938559051006,-0.018959634546911776,-0.11334038269642147,-2.6671382418222374,0.0008620869342267585,0.5017250494985478,0.37195994287571416,0.06079390456700732
0.01113390924780011,0.5088962212946273,12.427940713057604,-5.1104867104271445,-132.92191352752093,-0.018961594951578224,-0.1133262409118005,-2.6667929884838575,0.0008621394863052493,0.5016694501377287,0.37191449574411656,0.06079237244909396
0.01145081438421616,0.5088327006970972,12.42637922053476,-5.109771049456945,-132.90343741059564,-0.018963668100391372,-0.11331128642820278,-2.6664278950637765,0.0008621950698211251,0.5016106557662886,0.3718664372275831,0.060790751933195254
0.011776739610813632,0.5087655307108917,12.424728018803831,-5.109014274428833,-132.88389982758466,-0.018965860450385078,-0.11329547277237274,-2.6660418271384576,0.0008622538594748734,0.5015484837011573,0.37181561804058455,0.06078903792275924
0.012111941666968247,0.5086945027691016,12.422981981086917,-5.108214035880469,-132.86324011746464,-0.01896817882520203,-0.11327875084085277,-2.665633586093559,0.0008623160400151367,0.501482740922475,0.37176188045378333,0.060787225027834776
0.012456684599644139,0.508619396514851,12.421135690822675,-5.107367851568541,-132.84139419051354,-0.018970630435529934,-0.11326106875435735,-2.665201905571436,0.0008623818068143204,0.5014132235015465,0.3717050578271379,0.060785307548233664
0.012811239971390316,0.5085399791501864,12.419183425666178,-5.106473099139744,-132.81829433900657,-0.018973222900630436,-0.11324237170446792,-2.6647454477315864,0.0008624513664768505,0.5013397159986738,0.3716449741184666,0.06078327945573225
0.01317588707425712,0.5084560047508366,12.417119140650346,-5.1055270084177735,-132.7938690379967,-0.018975964271016672,-0.11322260179228996,-2.6642627993151757,0.0008625249374819889,0.5012619908294474,0.3715814433663272,0.06078113437525915
0.013550913149801518,0.508367213545277,12.414936450470444,-5.104526653289178,-132.76804273572083,-0.018978863052331804,-0.11320169785870265,-2.663752467504815,0.0008626027508630549,0.5011798075980642,0.3715142691460349,0.06077886556501199
0.013936613615354417,0.508273331156467,12.41262861085206,-5.103468943169602,-132.74073563316514,-0.018981928230487242,-0.11317959530581996,-2.6632128755701756,0.0008626850509251237,0.5010929123961537,0.37144324399763307,0.0607764658954425
0.01433329229672811,0.5081740678046068,12.410188498961967,-5.102350614032071,-132.7118634523086,-0.01898516929811842,-0.11315622590927271,-2.6626423582901384,0.0008627720960033114,0.5010010370656331,0.37136814882456026,0.06077392782704785
0.01474126166754755,0.5080691174692272,12.407608592820079,-5.1011682189783425,-132.68133719255192,-0.018988596282419164,-0.11313151762091246,-2.662039157141654,0.0008628641592638914,0.5009038984239851,0.37128875226176744,0.06077124338690053
0.015160843095393471,0.5079581570088635,12.404880949670417,-5.0999181183338065,-132.649062874834,-0.01899221977441684,-0.11310539436152779,-2.6614014152454746,0.00086296152955062,0.500801197450394,0.3712048100120005,0.06076840414384633
0.015592367094951641,0.5078408452365666,12.401997183267296,-5.098596469246393,-132.61494127291968,-0.01899605095975154,-0.11307777580315873,-2.660727172058674,0.0008630645122787258,0.5006926184311015,0.3711160641489285,0.06076540118229776
0.016036173588367342,0.5077168219494455,12.398948440033635,-5.097199214769392,-132.57886763134627,-0.019000101651025947,-0.1130485771405876,-2.6600143578038464,0.0008631734303792111,0.5005778280623492,0.3710222423858091,0.06076222507454267
0.01649261217301066,0.5075857069104488,12.395725374046728,-5.095722072408216,-132.54073136950598,-0.019004384321791207,-0.11301770885158065,-2.659260787624533,0.0008632886252961804,0.5004564745092485,0.37092305730835995,0.06075886585148796
0.01696204239686287,0.5074470987805609,12.392318120807094,-5.094160522110775,-132.5004157713374,-0.01900891214223729,-0.1129850764454524,-2.658464155456719,0.0008634104580401063,0.5003281864189096,0.3708182055704897,0.06075531297175068
0.017444834041741346,0.5073005739996053,12.388716269746286,-5.092509793681221,-132.45779766010747,-0.01901369901665684,-0.11295058019952614,-2.6576220276059894,0.0008635393103000573,0.5001925718861688,0.3707073670515742,0.06075155528900572
0.017941367414585727,0.507145685613844,12.38490883542943,-5.090764853597236,-132.41274705775768,-0.01901875962275082,-0.11291411488306473,-2.6567318360201333,0.0008636755856180708,0.5000492173702622,0.3705902039739446,0.060747581017494785
0.018452033647035324,0.5069819620485876,12.380884227408865,-5.0889203912109515,-132.36512682830735,-0.019024109452846487,-0.11287556946825089,-2.6557908712471074,0.0008638197106290293,0.4998976865608191,0.3704663599793068,0.0607433776955952
0.018977235003533058,0.5068089058240919,12.376630218686808,-5.086970804314319,-132.31479230481204,-0.01902976485709656,-0.11283482682780913,-2.654796275068547,0.0008639721363695205,0.49973751919158016,0.37033545916283034,0.06073893214734308
0.019517385198199177,0.5066259922130337,12.372133912745833,-5.084910184050487,-132.26159089939264,-0.0190357430887281,-0.11279176341887166,-2.653745032799334,0.0008641333396593997,0.49956822980032,0.37019710506368875,0.060734230441799465
0.02007290972072414,0.5064326678379713,12.367381709107852,-5.082732299153237,-132.20536169588064,-0.01904206235141001,-0.11274624895270635,-2.652633965244108,0.0008643038245598712,0.49938930643349394,0.3700508796109264,0.06072925785014244
0.02064424617153723,0.5062283492072734,12.36235926738544,-5.080430579498353,-132.14593502463978,-0.01904874184880341,-0.11269814604995576,-2.6514597203024537,0.000864484123912154,0.4992002092942572,0.3698963420235619,0.06072399880036262
0.021231844606515515,0.5060124211881244,12.357051469791534,-5.077998098951498,-132.08313201918415,-0.019055801836359767,-0.11264730988105442,-2.6502187642148236,0.0008646748009609398,0.4990003693325905,0.36973302766399513,0.06071843682943303
0.02183616789150382,0.5057842354153632,12.351442382077778,-5.075427557499619,-132.01676415423066,-0.01906326367542609,-0.11259358779153598,-2.648907372442642,0.0008648764510670829,0.4987891867764328,0.3695604468438517,0.060712554532817584
0.022457692066925727,0.5055431086351101,12.34551521287647,-5.072711262654505,-131.9466327649047,-0.019071149889713975,-0.11253681891198276,-2.6475216201766445,0.0008650897035141203,0.49856602960287794,0.3693780835816009,0.06070633351117781
0.023096906722772235,0.5052883209823371,12.33925227142636,-5.0698411101200245,-131.87252854686463,-0.01907948422418246,-0.1124768337524164,-2.6460573724692393,0.000865315223413461,0.4983302319487069,0.3691853943114183,0.0606997543141276
0.02375431538426417,0.5050191141917919,12.332634923668772,-5.066808563717354,-131.79423103719705,-0.019088291706380066,-0.11241345378099694,-2.644510273987849,0.0008655537137132822,0.4980810924597656,0.3689818065429839,0.060692796380881535
0.024430435908491324,0.5047346897420107,12.325643546708491,-5.063604634566284,-131.71150807602402,-0.01909759871028158,-0.11234649098696482,-2.642875738388257,0.000865805917316357,0.49781787257898835,0.3687667174721784,0.06068543797763361
0.025125800892341392,0.5044342069324808,12.318257481642322,-5.0602198595242225,-131.62411524886397,-0.019107433022648,-0.11227574742784195,-2.641148937308879,0.0008660726193122988,0.49753979477318294,0.3685394925428527,0.06067765613149596
0.025840958092039536,0.5041167808944333,12.310454984768631,-5.05664427889003,-131.53179530991997,-0.01911782391192572,-0.11220101476100788,-2.639324788989368,0.000866354649329891,0.4972460406990895,0.36829946396024854,0.060669426560819445
0.02657647085462985,0.5037814805362036,12.302213177202153,-5.0528674133844325,-131.4342775865889,-0.019128802199688027,-0.11212207375987168,-2.6373979465197364,0.0008666528840154187,0.49693574930964546,0.36804592915695966,0.06066072360171053
0.027332918561737557,0.5034273264246174,12.293507992932476,-5.048878240425333,-131.33127736567036,-0.019140400334608693,-0.11203869381499029,-2.6353627857292063,0.000866968249643091,0.4966080149018976,0.3677781492127585,0.06065152013055102
0.028110897085962407,0.5030532886044988,12.284314125378907,-5.044665169723251,-131.22249526190603,-0.01915265246893842,-0.11195063242062356,-2.633213392727737,0.0008673017248639474,0.49626188510855906,0.36749534723010363,0.06064178748231692
0.02891101926026203,0.5026582843590204,12.274604972511506,-5.040216018229818,-131.10761656970647,-0.01916559453743545,-0.11185763464737641,-2.630943551116966,0.0008676543435997446,0.49589635883583444,0.36719670666766474,0.06063149536448773
0.029733915360696004,0.502241175914429,12.26435258062787,-5.035517984481573,-130.98631059914163,-0.01917926433868029,-0.11175943260176371,-2.6285467288921525,0.00086802719808866,0.4955103841508783,0.36688136963480694,0.06062061176632656
0.030580233602909672,0.5018007680935125,12.25352758689555,-5.030557622390394,-130.85822999752298,-0.019193701618676,-0.11165574487373145,-2.6260160650614757,0.0008684214420897186,0.4951028561230201,0.36654843515065916,0.06060910286330369
0.03145064065274975,0.5013358059231329,12.24209916079482,-5.025320814544159,-130.72301005821197,-0.019208948156608903,-0.11154627597339842,-2.62334435601494,0.0008688382942531787,0.494672614623803,0.36619695737213165,0.060596932916427385
0.032345822151413565,0.500844972202218,12.230034944622638,-5.019792745092351,-130.58026801858526,-0.01922504785260844,-0.11143071575853244,-2.620524041681359,0.0008692790416641689,0.49421844209186944,0.3658259437960989,0.06058406416623855
0.03326648325554538,0.5003268850377905,12.217300993248363,-5.013957872306027,-130.4296023494578,-0.019242046817310104,-0.11130873885455858,-2.6175471915188795,0.0008697450435671578,0.4937390612698173,0.36543435344187164,0.06057045672121577
0.034213349192706126,0.4997800953578925,12.203861713344109,-5.0077999009157494,-130.27059203865622,-0.019259993462981385,-0.1111800040691982,-2.6144054903923184,0.0008702377352788597,0.4932331329213737,0.3650210950211085,0.06055606844032972
0.035187165832652856,0.49920308441170264,12.189679802348438,-5.00130175434848,-130.10279587185613,-0.019278938595923823,-0.11104415380418639,-2.611090224398962,0.0008707586322974414,0.49269925353855004,0.36458502510344043,0.060540854809478906
0.036188700274879,0.49859426126872375,12.174716187461572,-4.9944455470019395,-129.92575171427626,-0.019298935509812855,-0.11090081346688031,-2.607592266713923,0.0008713093346158421,0.4921359530498965,0.3641249462872788,0.06052476881152936
0.03721874145287729,0.4979519603305941,12.158929965012405,-4.987212556715145,-129.73897579734543,-0.019320040079576956,-0.11074959088498003,-2.6039020635362107,0.000871891531247228,0.49154169254257507,0.3636396053866604,0.06050776078967487
0.038278100755602736,0.4972744388709559,12.142278340584866,-4.979583197615292,-129.54196201500258,-0.01934231085535415,-0.11059007572802619,-2.6000096202278105,0.0008725070049704844,0.49091486201265905,0.3631276916463489,0.06048977830382828
0.039367612666623426,0.4965598746207981,12.124716570341079,-4.9715369935443885,-129.3341812349203,-0.01936580915599136,-0.11042183893981052,-2.595904487750028,0.0008731576373037404,0.4902537781599541,0.36258783499905795,0.060470765979746995
0.04048813542146414,0.4958063634188675,12.106197904032495,-4.96305255229426,-129.11508063057877,-0.019390599161474117,-0.11024443218636135,-2.591575749514232,0.0008738454137137442,0.4895566822456125,0.3620186043802658,0.06045066535059083
0.04164055168365937,0.4950119169490361,12.086673530249566,-4.954107540905566,-128.88408304084282,-0.01941674800358606,-0.11005738732470526,-2.587012008778018,0.0008745724290688128,0.48882173803295825,0.36141850611792864,0.06042941469060984
0.04282576924004974,0.4941744605889906,12.066092524521043,-4.9446786623149865,-128.64058636443082,-0.019444325854004282,-0.10986021589820517,-2.5822013767327157,0.000875340893342839,0.4880470298342103,0.36078598241629306,0.06040694884065131
0.04404472171586787,0.49329183139720423,12.04440180094097,-4.9347416336657135,-128.38396299747998,-0.019473406008931986,-0.10965240866490127,-2.5771314614436904,0.0008761531375775169,0.48723056068820475,0.36011940995502045,0.06038319902517898
0.04529836931017829,0.49236177626793604,12.021546068070181,-4.924271166628206,-128.1135593232528,-0.019504064969257166,-0.10943343516593092,-2.5717893578217033,0.000877011620109563,0.48637025069674444,0.3594170986269806,0.06035809266049572
0.04658769955224966,0.4913819502868363,11.997467789932156,-4.913240950112218,-127.82869526392786,-0.019536382515104863,-0.10920274334181294,-2.5661616388209247,0.0008779189330691513,0.4854639355498528,0.35867729044026825,0.06033155315386328
0.04791372807945657,0.4903499153227827,11.972107152999005,-4.901623635786363,-127.5286639053408,-0.01957044177351765,-0.1089597592050896,-2.560234348077517,0.0008788778091551608,0.4845093652729505,0.35789815861231705,0.06030349969321923
0.04927749943732191,0.48926313889460354,11.94540204014117,-4.889390826857755,-127.21273120651088,-0.01960632927785762,-0.10870388657857005,-2.553992994221242,0.0008798911286920173,0.4835042032317962,0.35707780688633156,0.06027384702719691
0.050680087902331354,0.4881189933545437,11.91728801259489,-4.8765130706016935,-126.8801358067822,-0.01964413501737213,-0.10843450690918464,-2.547422547112284,0.0008809619269719342,0.48244602543390014,0.35621426910267673,0.060242505235166985
0.052122598328167666,0.48691475543346074,11.88769830108194,-4.862959855169111,-126.53008894440268,-0.019683952475201383,-0.10815097916822862,-2.540507436274537,0.0008820934018852327,0.4813323201680049,0.3553055090602774,0.06020937948703159
0.053606167016030895,0.48564760619594993,11.856563807297738,-4.848699611237187,-126.16177450139395,-0.019725878652936905,-0.10785263984954817,-2.533231551816718,0.0008832889218400277,0.48016048802609834,0.35434942070548153,0.060174369792522074
0.0551319626097316,0.4843146314566538,11.823813117063258,-4.833699719106373,-125.774349190554,-0.019770014079655795,-0.10753880307799077,-2.5255782481517843,0.0008845520339709797,0.4789278423552066,0.35334382868817893,0.060137370739773044
0.05670118701626013,0.4829128227120709,11.789372526513109,-4.817926521882796,-125.36694290142485,-0.019816462803167328,-0.10720876084117285,-2.5175303508441127,0.0008858864726349243,0.47763161018890393,0.3522864893272213,0.06009827122297495
0.05831507635255877,0.48143907864491214,11.7531660827657,-4.801345345419713,-124.9386592229874,-0.01986533236100801,-0.10686178335832815,-2.509070166931899,0.0008872961681890511,0.4762689337109482,0.35117509202924707,0.060056954158940065
0.05997490191924116,0.47989020726065534,11.71511564058721,-4.783920525723456,-124.48857616171895,-0.019916733728516278,-0.10649711960063912,-2.500179499088764,0.0008887852560447538,0.4748368723056636,0.3500072612068906,0.060013296192459015
0.06168197120202805,0.4782629287181355,11.675140936620057,-4.765615444557022,-124.01574707442724,-0.0199707812411052,-0.10611399797802733,-2.490839664003238,0.0008903580859874699,0.47333240525160647,0.34878055874392017,0.05996716739037078
0.0634376289016857,0.47655387891776196,11.633159682793796,-4.746392573997943,-123.51920183593667,-0.020027592487637188,-0.10571162720784195,-2.481031515367274,0.0008920192317494443,0.471752435116464,0.34749248705608565,0.05991843092432881
0.06524325799328021,0.4747596139121921,11.589087680571136,-4.726213530724402,-122.99794826221233,-0.02008728817158522,-0.10528919738124419,-2.470735471873965,0.0008937735008187178,0.4700937919120846,0.3461404927971843,0.05986694274230823
0.06710028081558078,0.47287661520484375,11.54283895769972,-4.70503914081354,-122.45097380983573,-0.020149991936448956,-0.10484588124327474,-2.4599315506304054,0.0008956259444632792,0.4683532380688026,0.3447219712601278,0.05981255122897629
0.06901016019147191,0.4709012960014159,11.494325929139064,-4.682829515837562,-121.87724757285247,-0.020215830151680655,-0.10438083570261604,-2.448599406392687,0.0008975818679446048,0.46652747428776997,0.3432342715223616,0.059755096855136546
0.07097440058025478,0.4688300084784764,11.443459583809034,-4.6595441410345355,-121.27572259785667,-0.020284931655169366,-0.10389320358688177,-2.4367183770258998,0.0008996468408892958,0.4646131463286608,0.34167470238389686,0.05969441181655484
0.07299454926274732,0.4666590521310207,11.390149698756543,-4.635141976310763,-120.64533853772762,-0.020357427448137518,-0.10338211565882903,-2.424267535582001,0.0009018267077814978,0.4626068527878011,0.3400405391442126,0.05963031966259025
0.07507219756011509,0.4643846832575944,11.334305082258656,-4.609581570798327,-119.9850246636315,-0.020433450338125526,-0.10284669290821205,-2.4112257493714684,0.0009041275985318589,0.46050515391833113,0.3383290312614442,0.0595626349151832
0.07720898208739527,0.4620031256369548,11.275833847268926,-4.582821191643525,-119.29370325372318,-0.020513134525582327,-0.10228604913298793,-2.397571746380117,0.0009065559390711904,0.4583045815393411,0.3365374109332847,0.059491162678897994
0.0794065860426983,0.4595105824442477,11.214643716466611,-4.554818967637918,-118.57029337537206,-0.020596615129450754,-0.10169929382227194,-2.383284189349478,0.000909118461908399,0.4560016500749188,0.33466290263401377,0.059415698242880254
0.08166674053310484,0.45690324944708993,11.150642359982633,-4.525533048222284,-117.81371507565999,-0.0206840276470393,-0.10108553535175488,-2.368341757796822,0.0009118222165827714,0.45359286875657295,0.3327027336357566,0.05933602667577603
0.0839912259383019,0.4541773295128053,11.083737766647495,-4.494921778293504,-117.0228939923233,-0.02077550734341728,-0.10044388450022719,-2.3527232381990584,0.0009146745799301453,0.45107475501352867,0.33065414553451417,0.0592519224148621
0.08638187331303132,0.45132904844718014,11.0138386493354,-4.462943889124564,-116.19676639419504,-0.02087118856556171,-0.09977345829339868,-2.3364076225018895,0.0009176832660707925,0.44844384906478535,0.3285144067925748,0.05916314885086699
0.08884056582945803,0.44835467217247793,10.940854884660514,-4.429558705567711,-115.33428465653569,-0.020971203976533608,-0.0990733841783131,-2.3193742150424734,0.0009208563360139936,0.4456967297146373,0.3262808262986313,0.05906945791021698
0.09136924026059069,0.4452505252381311,10.86469798691926,-4.39472636954953,-114.43442317239754,-0.021075683705073713,-0.09834280452836322,-2.30160274788897,0.0009242022067600438,0.44283003133949644,0.323950767935225,0.058970589636721284
0.09396988850592616,0.4420130106413861,10.785281615761606,-4.358408079685392,-113.49618469633852,-0.021184754406193346,-0.0975808814751933,-2.283073504504807,0.0009277296597648822,0.4398404620384253,0.3215216661301154,0.05886627177502163
0.0966445591605173,0.43863863091751487,10.702522116621518,-4.320566346638825,-112.51860711141674,-0.021298538228603486,-0.0967868020596515,-2.263767451538758,0.0009314478486154854,0.4367248229028435,0.3189910423538247,0.0587562193584716
0.09939535912870316,0.43512401043991455,10.616339092439972,-4.281165263630805,-111.5007706044421,-0.021417151685181678,-0.09595978368946573,-2.2436663784246584,0.0009353663057455512,0.43348002834255056,0.3163565225101215,0.05864013430448489
0.10222445528376908,0.4314659188499005,10.526656004681337,-4.240170791266587,-110.44180522801904,-0.021540704423133328,-0.09509907988647356,-2.2227530443480505,0.0009394949480007533,0.43010312738569756,0.31361585514965995,0.05851770502079933
0.10513407617484674,0.4276612955143474,10.43340080107686,-4.197551055594962,-109.34089882099231,-0.02166929789106401,-0.09420398630112264,-2.2010113320017934,0.0009438440808409225,0.42659132584994336,0.310766930419663,0.05838860602654605
0.10812651378239671,0.42370727488696586,10.336506566940109,-4.153276658051493,-108.1973052516246,-0.021803023900858257,-0.09327384696661949,-2.178426407410762,0.0009484244009427886,0.42294200926094316,0.307807799644615,0.058252497592494436
0.11120412532365953,0.4196012126262256,10.235912196291086,-4.107320995665317,-107.01035294024967,-0.0219419630830528,-0.0923080607596282,-2.154984884958913,0.0009532469969414065,0.4191527663730602,0.3047366954147902,0.05810902540536081
0.1143693351094933,0.4153407123002537,10.131563078414992,-4.059660589634785,-105.77945361038333,-0.022086183235316914,-0.09130608802890816,-2.1306749966024077,0.000958323348021051,0.4152214131260774,0.3015520520413713,0.05795782026162521
0.11762463645406383,0.41092365248686513,10.023411794875063,-4.0102754201038024,-104.50411120947138,-0.022235737564701114,-0.09026745734782887,-2.105486764103295,0.000963665320037148,0.41114601685122604,0.2982525262193624,0.057798497796897774
0.12097259363888899,0.4063482140558221,9.911418821413534,-3.959149264705455,-103.18393093273366,-0.02239066282549947,-0.08919177234143615,-2.0794121729713915,0.0009692851588198753,0.40692492052060897,0.2948370177228543,0.057630658257506434
0.12441584393278828,0.4016129074009801,9.795553228621712,-3.9062700381869955,-101.81862827610529,-0.022550977355884867,-0.08807871853378146,-2.0524453466620587,0.0009751954802772392,0.4025567668165659,0.2913046899419718,0.0574538863216522
0.12795709966932384,0.396716599372802,9.675793374756697,-3.851630130197499,-100.40803803723493,-0.022716679017921525,-0.08692807015671292,-2.024582719446514,0.0009814092568811313,0.39804052178230565,0.28765499005743594,0.05726775097817905
0.13159915038337305,0.3916585396473438,9.552127583642738,-3.795226738112038,-98.95212317705246,-0.02288774304713224,-0.0857396968573748,-1.995823206253725,0.000987939800083945,0.39337549780278136,0.2838876686376085,0.05707180547174564
0.1353448650085145,0.3864383862568011,9.42455480023272,-3.7370621915907716,-97.45098344873779,-0.023064119819488884,-0.08451357023840017,-1.9661683676813155,0.000994800738176199,0.3885613756558399,0.28000279843462816,0.056865587323948634
0.13919719413695697,0.3810562299996246,9.293085216137642,-3.677144265432661,-95.90486369618164,-0.02324573254549927,-0.08324977016234524,-1.9356225682914643,0.001002005989057516,0.3835982253686593,0.2760007921511468,0.05664861844073402
0.1431591723437957,0.3755126174454274,9.15774085726884,-3.6154864771872064,-94.31416172037316,-0.023432474902969694,-0.08194849075037171,-1.904193126248656,0.0010095697273545337,0.37848652561377527,0.2718824189476784,0.056420405317231484
0.14723392057742116,0.3698085722519005,9.018556125691708,-3.5521083659374972,-92.67943560975125,-0.02362420862201057,-0.08061004600465511,-1.871890452322906,0.0010175063452804534,0.3732271813830236,0.2676488194629106,0.056180439351955144
0.15142464861796814,0.36394561451780894,8.875578287869844,-3.487035748666832,-91.0014104294846,-0.023820761037917356,-0.07923487498451363,-1.838728176276069,0.0010258304065923994,0.3678215396866311,0.26330151912573574,0.055928197283109674
0.15573465760573776,0.3579257779081952,8.728867901689163,-3.420300950670931,-89.28098416505672,-0.024021922629669946,-0.0778235464678606,-1.8047232586724098,0.0010345565929654162,0.36227140303868455,0.258842439548341,0.05566314176052415
0.16016734264158938,0.35175162430493634,8.578499174997791,-3.3519430065788307,-87.5192328174246,-0.024227444563937897,-0.07637676303228508,-1.7698960862081135,0.0010436996420663824,0.3565790405091352,0.25427390780440834,0.055384722067478756
0.16472619546134434,0.345426255757792,8.424560248876642,-3.28200782869663,-85.71741455047808,-0.024437036266628603,-0.0748953644938148,-1.734270548738436,0.001053274276578436,0.35074719614636224,0.24959866341524786,0.05509237500738228
0.16941480718631355,0.33895332353755026,8.26715339946305,-3.2105483395861194,-83.87697279648434,-0.0246503630461485,-0.07338033064616463,-1.6978740962947607,0.0010632951233978767,0.3447790946025825,0.24481986288915814,0.05478552597087198
0.17423687115211117,0.33233703412351745,8.10639515287972,-3.137624566031875,-81.99953823167282,-0.02486704379463303,-0.07183278324891307,-1.6607377745259428,0.0010737766222019625,0.3386784438267319,0.23994108168520253,0.054463590199429306
0.17919618581798882,0.32558215199158397,7.942416308658539,-3.063303691828907,-80.0869295419572,-0.025086648795414758,-0.07025398721944892,-1.6228962371665057,0.001084732922569308,0.3324494347251537,0.23496631350131167,0.054125974261987404
0.18429665775897455,0.31869399910583157,7.775361867981143,-2.987660067132793,-78.14115290794734,-0.025308697666906955,-0.06864535099054593,-1.5843877343260429,0.0010961777688260768,0.3260967377287675,0.22989996681763403,0.053772077761246796
0.18954230474317915,0.3116784510551794,7.605390864066995,-2.9107751724475186,-76.16440014869139,-0.025532657474853983,-0.06700842600287367,-1.5452540756059157,0.0011081243717929428,0.3196254962455246,0.22474685865862143,0.05340129528644962
0.194937258896692,0.3045419298159465,7.43267609310374,-2.8327375356748945,-74.15904547487015,-0.025757941046504657,-0.06534490530943976,-1.5055405672773114,0.0011205852666216244,0.3130413170178723,0.21951220557070958,0.05301301862918042
0.20048576995855769,0.2972913931605138,7.257403745214648,-2.7536426010062227,-72.127640814259,-0.025983905521668647,-0.06365662127671487,-1.4652959229950748,0.0011335721559381918,0.3063502574458061,0.21420161184587888,0.05260663927830327
0.20619220862840293,0.28993432077040515,7.079772936069172,-2.673592548792765,-70.07290968500263,-0.026209851176786394,-0.0619455423747893,-1.4245721477696796,0.0011470957375554367,0.2995588099756971,0.20882105505397544,0.05218155120937978
0.2120610700093435,0.28247869714822477,6.899995140845454,-2.5926960658814093,-67.99773960542507,-0.026435020559040442,-0.06021376905621256,-1.383424395171855,0.0011611655160811236,0.2926738836926492,0.20337686897776738,0.0517371539827933
0.21809697714888912,0.2749329914559338,6.718293533323006,-2.5110680662379425,-65.90517304257179,-0.026658597968130183,-0.05846352872996613,-1.3419107979959821,0.0011757895978356584,0.2857027832885995,0.19787572407345838,0.05127285616328144
0.22430468468063083,0.2673061344362789,6.534902233904155,-2.428829361999919,-63.7983969152816,-0.026879709323583374,-0.05669716984323791,-1.300092272856696,0.0011909744686042414,0.27865318560901897,0.1923246056052209,0.050788079071615345
0.23068908256958612,0.25960749259896887,6.3500654713122655,-2.3461062854005226,-61.6807306811967,-0.02709742245535292,-0.05491715508916472,-1.258032299434359,0.001206724753888215,0.2715331140070457,0.18673078962461764,0.050282260876701984
0.23725519996414396,0.25184683987302764,6.164036663581604,-2.2630302622846266,-59.555613050643814,-0.027310747854906847,-0.053126053763459816,-1.215796675317603,0.0012230429614904954,0.264350910754796,0.18110181698418393,0.04975486103339333
0.2440082091576504,0.2440343269412028,5.977077424724661,-2.179737338199043,-57.42658738365924,-0.02751863992303108,-0.05132653329683084,-1.1734532476124861,0.001239929206474239,0.2571152077768358,0.17544546558857124,0.049205365067714696
0.2509534296627502,0.23618044848127212,5.789456504129468,-2.0963676582858826,-55.29728583957003,-0.027719998749090657,-0.04952134999335392,-1.1310716226976172,0.0012573809187743108,0.24983489598028105,0.1697697210964136,0.048633289707042615
0.2580963324017018,0.22829600854248794,5.601448666297791,-2.0130649024456058,-53.171412361440055,-0.02791367245450197,-0.04771333900759032,-1.0887228557020274,0.0012753925340209817,0.2425190934595577,0.1640827462914183,0.048038188347940346
0.26544254401595624,0.22039208428360826,5.413333518983632,-1.929975677473871,-51.052724590357826,-0.02809846013062574,-0.04590540359534863,-1.046479121468457,0.0012939551684561681,0.2351771128516294,0.15839284934225975,0.04741965684887885
0.2729978512984031,0.21247998829213946,5.225394298131166,-1.847248868121699,-48.94501481697885,-0.028273115398166442,-0.04410050367476514,-1.0044133689391974,0.0013130562791868877,0.2278184281097679,0.15270845116791376,0.04677733962892308
0.2807682057517685,0.20457122969331018,5.03791661824748,-1.765034949292976,-46.85209008998365,-0.028436350611434222,-0.0423016437360155,-0.962598961066719,0.0013326793114290941,0.2204526409510477,0.14703805211853774,0.0461109360466537
0.2887597282767644,0.19667747424240434,4.851187196984435,-1.683485261887282,-44.777751613150784,-0.02858684172646761,-0.0405118601396929,-0.9211093025075158,0.00135280333484878,0.2130894472153216,0.1413901981723282,0.04542020702614922
0.29697871399367154,0.18881050357635853,4.6654925627556505,-1.6027512551300747,-42.72577357460921,-0.02872323384701447,-0.03873420784596159,-0.8800174575073378,0.0013734026716053865,0.20573860335203487,0.13577344683662254,0.04470498188880901
0.30543163720116256,0.18098217378068038,4.481117754186284,-1.522983698616127,-40.699881563457886,-0.02884414745671383,-0.03697174661923434,-0.839395760529449,0.0013944465192439845,0.19840989322665306,0.13019633292742502,0.043965165341220046
0.31412515647626754,0.1732043734068512,4.298345020098217,-1.444331867733633,-38.70373074027964,-0.02894818533951214,-0.03522752675659688,-0.7993154223166572,0.0014158985721649086,0.19111309541146662,0.1246673343863046,0.043200744560247736
0.3230661199194979,0.16548898105429907,4.117452528580402,-1.3669427066415214,-36.7408839390119,-0.029033940183389388,-0.03350457439271329,-0.7598461342120997,0.001437716646018086,0.1838579510969296,0.11919483827788759,0.04241179630717157
0.3322615705492686,0.15784782261076735,3.9387130934927694,-1.2909599735428994,-34.814789887985754,-0.029100002854879882,-0.031805876439678554,-0.7210556736933008,0.0014598523100193812,0.17665413273032007,0.11378710709567671,0.041598493993136004
0.34171875184985556,0.15029262822642606,3.76239292651385,-1.2165233736322814,-32.92876174750253,-0.02914497132367835,-0.03013436522738296,-0.6830095141973301,0.0014822505328596287,0.16951121345921677,0.10845224548938046,0.040761114608612266
0.35144511347726926,0.14283498908119294,3.5887504225719273,-1.143767685786715,-31.08595616977023,-0.02916746020785523,-0.028492902918474537,-0.6457704424297018,0.0015048493485653935,0.1624386374288425,0.10319816751394409,0.0399000454201664
0.3614483171275303,0.13548631399237368,3.418034986205378,-1.0728218898096944,-29.28935309404138,-0.029166110900925045,-0.02688426578197024,-0.6093981864530066,0.0015275795493617686,0.15544569095552396,0.09803256448962942,0.03901579032883123
0.3717362425719814,0.12825778590153125,3.2504859060837736,-1.0038083018055066,-27.541736494963846,-0.02913960223226929,-0.025311128420872873,-0.573949057938398,0.0015503644132687253,0.14854147457403924,0.09296287355431392,0.03810897577604594
0.38231699386437595,0.12116031827618871,3.086331284590331,-0.9368417260378807,-25.84567630504698,-0.029086661602290703,-0.023776048061640673,-0.5394756120293337,0.0015731194748177366,0.1417348759351339,0.08799624698408001,0.03718035607573215
0.39319890572464306,0.11420451146398684,2.9257870290186894,-0.8720286323823742,-24.20351173226803,-0.029006076523252367,-0.022281449026738304,-0.506026328305623,0.0015957523478862215,0.13503454351155506,0.08313952235643748,0.03623081804493183
0.40439055010435015,0.10740060904470221,2.769055910574107,-0.8094663691846196,-22.617336190738673,-0.028896706486132427,-0.020829607525407284,-0.47364531634065693,0.0016181626101938384,0.1284488610570516,0.07839919363239643,0.03526138480086181
0.4159007429390459,0.10075845423932007,2.616326696987523,-0.749242421948586,-21.088984055538965,-0.028757495063113026,-0.019422636911746293,-0.4423720493081002,0.0016402417594632555,0.12198592275339334,0.07378138323913391,0.03427321858957769
0.42773855109278824,0.09428744645525969,2.4677733641496755,-0.6914337287605092,-19.620019441901363,-0.0285874821446461,-0.01806247357261953,-0.41224112900931675,0.0016618732515942503,0.11565350897587166,0.06929181524415115,0.033267622511031776
0.43991329950033947,0.08799649807275754,2.323554391747233,-0.6361060636621476,-18.211727193530905,-0.02838581619953661,-0.0167508636201397,-0.38328208555204435,0.0016829326314064927,0.10945906260819543,0.06493578972435043,0.03224604100748789
0.45243457851264474,0.08189399160917622,2.183812147432234,-0.5833134992798372,-16.865106244751534,-0.02815176643630484,-0.015489350573791102,-0.3555192147082675,0.0017032877665442338,0.10340966584340594,0.06071815844910303,0.03121005898734711
0.46531225145139427,0.07598773743512295,2.0486723635759403,-0.5330979598525846,-15.580865496249356,-0.027884734734400375,-0.014279264224871527,-0.3289714557092999,0.001722799194975675,0.0975120174184004,0.05664330201457974,0.030161399464734045
0.478556462378603,0.07028493225818043,1.9182437101482128,-0.4854888753471238,-14.359422314511654,-0.027584267204820833,-0.013121710880050362,-0.3036523118953358,0.0017413205961295077,0.09177241024588467,0.052715108586783715,0.029101919606955396
0.49217764408734016,0.06479211863590065,1.792617466721535,-0.44050294657102973,-13.20090373084769,-0.027250065231534604,-0.012017565180674424,-0.2795698162229981,0.0017586993950607615,0.08619670942888012,0.048936954432032526,0.02803360509736079
0.5061865263199,0.05951514582851863,1.6718672960256076,-0.3981440300764227,-12.105150377572564,-0.026881995838028364,-0.010967463689276742,-0.2567265431484393,0.0017747775080968157,0.08079033066906637,0.0453116864352049,0.026958562740346467
0.5205941442198817,0.054459132352261554,1.5560491208751632,-0.358403150177599,-11.071723157158148,-0.026480101217532637,-0.00997180042391141,-0.23511966784824326,0.0017893922371541686,0.07555821911077842,0.04184160682677159,0.025879011258283877
0.5354118470248508,0.04962843064477591,1.4452011056605631,-0.3212586435914702,-10.09991259573488,-0.0260446072612604,-0.009030724503973344,-0.2147410731214414,0.001802377318311738,0.07050482869693896,0.038528460358360606,0.02479727025695654
0.5506513070064117,0.04502659430332329,1.3393437429308686,-0.28667644007019066,-9.188750786280044,-0.025575930916598565,-0.008144140047754907,-0.19557750364228588,0.0018135641282555558,0.06563410215086138,0.035373424182061866,0.023715747366479783
0.5663245286647467,0.04065634840209118,1.2384800449122837,-0.2546104799673199,-8.337025780313413,-0.025074686206893536,-0.007311708432074182,-0.177610766516371,0.0018227830498579653,0.06094945173783877,0.03237710069951125,0.02263692359832233
0.5824438581848539,0.036519563435298885,1.1425958390931057,-0.22500326701674975,-7.543298241237722,-0.02454168874656574,-0.0065328529881113675,-0.16081797634684206,0.0018298649954133776,0.056453741001860715,0.02953951365175587,0.021563336995496552
0.5990219931619494,0.03261723346535158,1.0516601662702554,-0.19778655177543264,-6.805920128982415,-0.02397795859007855,-0.005806766165588342,-0.14517184225984064,0.0018346430829247384,0.052149267714320775,0.026860107718533106,0.020497564691605654
0.616071992603674,0.028949459078083387,0.9656257786938248,-0.17288213827211465,-6.123055145744871,-0.02338472126107342,-0.005132419150493347,-0.13064099358839892,0.0018369544573328474,0.04803774831210688,0.024337751884852554,0.01944220353445932
0.6336072872169982,0.02551543575755217,0.8844297351671726,-0.1502028035082597,-5.492700637751948,-0.022763406819065128,-0.004508573870795564,-0.117190340193042,0.0018366422447323027,0.04412030414029484,0.02197074681238846,0.018399849470460958
0.651641689987919,0.022313448288827833,0.8079940891663444,-0.12965331667835625,-4.912710619389932,-0.02211564683574154,-0.003933797271490606,-0.10478146272786586,0.0018335576234653215,0.04039744984837956,0.01975683642246707,0.017373075925852903
0.670189407062298,0.019340871776434662,0.7362266652397436,-0.11113154241999669,-4.380819564902995,-0.02144326917137226,-0.003406477686553918,-0.09337302756548349,0.0018275619915883766,0.036869084316759,0.01769322385570807,0.016364411458981078
0.6892650489363895,0.01659417982662466,0.6690219181462059,-0.09452961017370841,-3.8946666000595087,-0.020748290464290584,-0.002924843082867227,-0.08292122059497489,0.0018185292056462003,0.03353448451028635,0.015776591920475133,0.01537631699271101
0.7088836419658919,0.014068960381869172,0.6062618683948002,-0.07973512992519136,-3.451819722347151,-0.020032906272986237,-0.002486980901957519,-0.07338019372347229,0.0018063478610627392,0.030392302666387667,0.014003128078459279,0.0144111629666318
0.7290606402025817,0.011759939614601601,0.5478171070714819,-0.06663243330174404,-3.0497996836692822,-0.01929947884105904,-0.002090859181505283,-0.06470251766096091,0.001790923579886754,0.02744056722469761,0.012368553941608964,0.01347120677336039
0.7498119375678466,0.009661014183941219,0.49354786208299495,-0.055103818267011086,-2.68610318409113,-0.018550522490045806,-0.0017343486020511573,-0.05683963446155113,0.001772181267252488,0.024676687891954648,0.010868159171569074,0.012558570860774543
0.7711538803727309,0.007765292034015982,0.44330511722290433,-0.04503077554726189,-2.3582250484682192,-0.01778868668371218,-0.0014152450769586494,-0.049742303340231116,0.0017500672938916121,0.022097465208534787,0.009496839582491149,0.01167522189114441
0.7931032801943232,0.006065141766895652,0.3969317747763982,-0.0362951754479111,-2.063679088995183,-0.017016736849417756,-0.0011312924870161248,-0.04336103348419269,0.0017245515585300737,0.019699104940636116,0.008249139152962714,0.01082295134785827
0.8156774271186552,0.004552250459139722,0.3542638517414636,-0.028780394872243178,-1.8000173947522975,-0.01623753308704321,-0.0008802051561949857,-0.03764649792905259,0.0016956293812162536,0.017477237564102105,0.007119295555668558,0.010003357969933641
0.8388941033605247,0.003217689611697424,0.3151316991687509,-0.022372366099355914,-1.5648478328668187,-0.015454006942963573,-0.0006596896726512443,-0.03254992306388226,0.0016633231767499395,0.015426943032170492,0.006101288717526808,0.009217832373285582
0.8627715972709962,0.002051988732569835,0.2793612336390659,-0.016960531152951125,-1.3558495934615733,-0.014669136474703501,-0.00046746567914004696,-0.028023448951733986,0.0016276838565948146,0.013542780930722979,0.005188891832096573,0.008467544185653922
0.8873287177435816,0.0010452158550909177,0.24677516951917502,-0.012438688309726846,-1.170786660447076,-0.013885919880075879,-0.0003012852890619336,-0.02402045638402479,0.001588791908173014,0.011818826021934636,0.004375724163669594,0.007753431979447256
0.9125848090304755,0.00018706409804207296,0.21719424040056776,-0.008705720351506262,-1.007519140778109,-0.013107348011448233,-0.0001589508272966818,-0.02049585740560725,0.0015467581024055132,0.010248709062720832,0.003655304912500866,0.007076196234258031
0.9385597659804938,-0.0005330568163394627,0.190438398024409,-0.005666197439757039,-0.864012434237322,-0.012336376139828952,-3.8330647152755064e-05,-0.01740634692237879,0.0015017237839100245,0.008825662660516912,0.0030211073565030687,0.006436295499615578
0.965274049710751,-0.0011259253465081458,0.16632797707241426,-0.003230850860231131,-0.7383442726529821,-0.011575895373100943,6.262716590438819e-05,-0.014710613908525278,0.0014538607035407781,0.007542571799187675,0.0024666124496228008,0.005833945860250133
0.9927487037243807,-0.001602410632156326,0.14468481442448328,-0.0013169172238542922,-0.6287097001375976,-0.010828704166294174,0.00014588332901323983,-0.012369511631340079,0.0014033703599304196,0.006392028536454901,0.0019853610436640274,0.005269123732735351
1.0210053704870292,-0.0019733742500749833,0.12533331192757183,0.00015164410258078164,-0.5334241035764447,-0.010097480387576015,0.00021329819431254205,-0.010346187186151221,0.0013504828254367227,0.0053663902458515825,0.0015710039103691829,0.004741571946156493
1.0500663084751527,-0.0022495728523547988,0.10810143231800197,0.0012440546348221734,-0.45092443408181787,-0.009384754420057494,0.0002666248727053985,-0.008606171447912111,0.0012954550422911281,0.004457840656136552,0.0012173487751368638,0.004250808982951209
1.0799544097095837,-0.002441563359775471,0.09282161881332295,0.002022733203690852,-0.3797687853394891,-0.008692883785065957,0.0003075045807384375,-0.0071174312876075875,0.0012385685866043521,0.003658452834440541,0.0009184036326298719,0.0037961411819454976
1.1106932177881348,-0.0025596123824888064,0.07933162990592124,0.002543414760250846,-0.3186345129798857,-0.008024029766035045,0.00033746408628164236,-0.005850386538775632,0.0011801269110718875,0.0029602531708532343,0.0006684156961802,0.0033766776364839925
1.1423069464314755,-0.0026136114899149095,0.06747528215005853,0.0028553594628978923,-0.26631509071972737,-0.007380136492672378,0.00035791508066126656,-0.0047778947287011615,0.0011204520912370286,0.002355285355928562,0.0004619054346510453,0.002991347458939898
1.1748204985568822,-0.0026129998507758182,0.057103095137707886,0.0030016387883903383,-0.2217159040424295,-0.0067629129121125914,0.00037015526649076077,-0.003875206993780264,0.0010598811148333994,0.0018356733026314888,0.0002936952688033127,0.0026389190310839566
1.2082594858948745,-0.002566695612970131,0.04807283435991736,0.0030194847442535353,-0.18384918113674087,-0.006173818027325454,0.0003753709226970486,-0.0031198988750034524,0.0009987617683458144,0.001393681954266637,0.00015893263031031328,0.0023180208195535614
1.242650249164223,-0.002483037194729103,0.040249949361203435,0.0029406880780863337,-0.1518282548464807,-0.005614049723599135,0.0003746406916208584,-0.002491779851396175,0.0009374481891997312,0.0010217749427588714,5.3107225967019874e-05,0.0020271633083273023
1.2780198788211774,-0.002369735419381877,0.03350790628843194,0.0027920316433759484,-0.1248613387739112,-0.005084537432587408,0.00036894032751072725,-0.0019727855068950935,0.000876296165167079,0.0007126681180844946,-2.793750787799093e-05,0.0017647615867202586
1.3143962363992945,-0.002233837154770956,0.0277284157141655,0.002595745740486064,-0.10224498674672064,-0.0045859388018098185,0.00035914815063623086,-0.0015468561622589928,0.0008156582742233533,0.00045937805781295243,-8.799863610916548e-05,0.0015291581320215043
1.3518079764566482,-0.0020817008248018173,0.02280155838068557,0.002369973241707237,-0.08335738831617967,-0.0041186404478249046,0.00034605096550614686,-0.0011998056470874194,0.0007558789675302977,0.00025526478211873984,-0.0001305133856218207,0.0013186453397845256
1.3902845691477506,-0.0019189838550779173,0.018625813132366935,0.0021292335573802395,-0.0676516345039839,-0.003682762776240319,0.0003303502237305923,-0.0009191836477913559,0.000697289705025929,9.4068040757821e-05,-0.00015856386365195054,0.001131487381753908
1.4298563234379118,-0.0017506418081850628,0.01510799283747005,0.0018848759301678636,-0.054649068821256794,-0.0032781687543131793,0.00031266824006799814,-0.0006941347706898499,0.0006402042567492695,-3.0063299242043247e-05,-0.00017488636062731365,0.0009659410096701248
1.4705544109783693,-0.001580938669534733,0.01216309551359912,0.0016455140847566388,-0.04393281940770669,-0.002904476425454183,0.000293554302229547,-0.0005152571222845752,0.0005849142832593921,-0.0001225490589884471,-0.00018188468344380851,0.000820274969892345
1.5124108906609577,-0.0014134674745973376,0.009714079027099577,0.0014174358445737687,-0.03514158934795257,-0.00256107486297727,0.00027349054919989285,-0.0003744628404543227,0.0005316853049208146,-0.00018836285636875046,-0.00018164690666145272,0.0006927877487250659
1.555458733871709,-0.0012511802330517341,0.007691568658433993,0.0012049828926819729,-0.02796376444852053,-0.002247143176329152,0.0002528975273263665,-0.0002648426304957598,0.00048075316254167906,-0.00023202444672746722,-0.000175964895054998,0.0005818234278585139
1.5997318504632196,-0.001096425911356553,0.0060335075104248235,0.0010108973430413765,-0.022131881440506925,-0.0019616721099778383,0.0002321393664363107,-0.00018053598346906815,0.00043232106067022893,-0.00025759905019343,-0.00016635593988674374,0.0004857854899637514
1.6452651154662874,-0.0009509950876722948,0.004684760089219202,0.0008366331563881586,-0.017417484847764012,-0.001703487716010701,0.00021152854823829428,-0.00011660838724014343,0.0003865572703456012,-0.0002687032569476371,-0.00015408586032336115,0.000403148477302423
1.692094396561823,-0.0008161697973304693,0.0035966795591344954,0.0006826316550138282,-0.013626388099749264,-0.0014712765385520628,0.00019133026522143772,-6.89365014473987e-05,0.0003435935503162385,-0.0002685169563982328,-0.00014019294905492192,0.0003324674654628452
1.7402565823347322,-0.0006927770464009668,0.0027266489929459073,0.0005485614456982153,-0.01059434350660681,-0.0012636117230660539,0.00017176638961902073,-3.410195173292234e-05,0.0003035243254843394,-0.0002598006174355553,-0.0001255121865806095,0.00027238536922515706
1.7897896113319542,-0.0005812444843775976,0.0020376065160678113,0.0004335239368731756,-0.008183116646757907,-0.0010789794573166885,0.00015301908840082676,-9.294116949234696e-06,0.00026640663919363634,-0.0002449171588565202,-0.00011069920875725945,0.00022163814913255417
1.8407325019475982,-0.0004816567905305888,0.0014975636973227932,0.00033622633002840534,-0.0062769536472685,-0.0009158051632479656,0.0001352341314899896,7.777956824371925e-06,0.00023226087276092945,-0.0002258575915731382,-9.625358187897683e-05,0.00017905802950280545
1.8931253831587025,-0.0003938114345991273,0.001079125698559398,0.00025512448172311774,-0.004779424228664165,-0.0007724788896796479,0.0001185239464961105,1.8964591297921135e-05,0.0002010722023526735,-0.00020426958540825532,-8.25410139123653e-05,0.0001435748749823402
1.94700952613581,-0.00031727261084810767,0.0007590207146251052,0.00018853838143063244,-0.0036106192870328448,-0.0006473794029141161,0.00010297047462019609,2.5745708523935464e-05,0.00017279274071796224,-0.00018148810972699235,-6.981420588993178e-05,0.00011421590155932461
2.002427376753313,-0.00025142230898216077,0.0005176452508119935,0.00013474318936096267,-0.0027046791561812743,-0.0005388965338230955,8.862787980598756e-05,2.9292642005047903e-05,0.00014734429043355645,-0.00015856731884985784,-5.8232121812167396e-05,9.010391673074328e-05
2.059422589025106,-0.00019550767269682623,0.00033863067855080596,9.203885262947159e-05,-0.0020076270631114346,-0.0004454514129871889,7.55251575470211e-05,3.0522011447855634e-05,0.0001246216171112063,-0.00013631290253595136,-4.787752742368998e-05,7.045429756806868e-05
2.1180400594919413,-0.00014868399325705344,0.00020843534545559648,5.8801286729235544e-05,-0.0014754815307697026,-0.00036551430674250395,6.366868159128031e-05,3.0142223210644423e-05,0.0001044961361917784,-0.00011531419005938268,-3.8772714141101446e-05,5.457091976435241e-05
2.17832596258753,-0.00011005287754864524,0.00011596541547602893,3.351798886975428e-05,-0.0010726215405016302,-0.0002976198529932401,5.3044716790383906e-05,2.8693207146357736e-05,8.68198961887365e-05,-9.597537298275693e-05,-3.089338105044156e-05,4.184124998338734e-05
2.2403277870113123,-7.869531919350079e-05,5.222658242079253e-05,1.4810767814267518e-05,-0.0007703789198214205,-0.0002403795828163089,4.362191561059755e-05,2.6580026138176045e-05,7.142973504737302e-05,-7.854530299542152e-05,-2.4180697453647488e-05,3.1730807542611214e-05
2.3040943731364663,-5.3699582350232925e-05,1.0007842155303143e-05,1.448051936567108e-06,-0.0005458334927143897,-0.00019249169875661175,3.5353805124235834e-05,2.4101001601956447e-05,5.815148491170706e-05,-6.314542452183276e-05,-1.855161101534355e-05,2.377718917145192e-05
2.3696759514826877,-3.4183965293208865e-05,-1.6402368830549388e-05,-7.651016820620865e-06,-0.0003807878742051199,-0.0001527481601157613,2.8181260917377334e-05,2.14709903667866e-05,4.6804104076715726e-05,-4.97955001493276e-05,-1.3907498475366475e-05,1.758383655170887e-05
2.4371241822839975,-1.9314645516456486e-05,-3.146812643365005e-05,-1.3418764425777207e-05,-0.0002609003336375466,-0.0001200391967463672,2.2034954849296788e-05,1.8840427640340934e-05,3.720362305971904e-05,-3.843688214396863e-05,-1.0141278584371156e-05,1.2813707256189384e-05
2.506492196182815,-8.318918458765596e-06,-3.862714137315571e-05,-1.6645776064133998e-05,-0.0001749558426550224,-9.335543368402851e-05,1.6837755537558517e-05,1.631071875304453e-05,2.916680411535121e-05,-2.89531735491532e-05,-7.143121904340942e-06,9.182990774088756e-06
2.577834636082263,-4.942258635089651e-07,-4.048262442576463e-05,-1.7990894189944775e-05,-0.0001142571564915453,-7.178785783505536e-05,1.2507054222294388e-05,1.3946522707941975e-05,2.251442948300702e-05,-2.1188203218886774e-05,-4.80490051330682e-06,6.4549895485366485e-06
2.6512077001897456,4.786565632201484e-06,-3.896785594227244e-05,-1.7993260711950664e-05,-7.211948155176223e-05,-5.4525894019544766e-05,8.956984599676354e-06,1.1785425993107844e-05,1.7074152367052473e-05,-1.496131885186767e-05,-3.0235250516285623e-06,4.43426419481643e-06
2.7266691862856494,8.073129001621394e-06,-3.548568392879774e-05,-1.7085454607916788e-05,-4.34539609422618e-05,-4.0853880714206815e-05,6.100503592278032e-06,9.845456431525838e-06,1.2682865135557175e-05,-1.0080078804639023e-05,-1.7033189568539176e-06,2.9611205936050263e-06
2.8042785372521153,9.838361470574452e-06,-3.102532603977463e-05,-1.5606978202304053e-05,-2.4426824092414927e-05,-3.0146246259895602e-05,3.851300139136087e-06,8.130836021841763e-06,9.188560412154868e-06,-6.350478366834154e-06,-7.575745211851415e-07,1.9064967614096949e-06
2.8840968878976514,1.0481279841701868e-05,-2.6258922626395112e-05,-1.3817537290725306e-05,-1.218255168693727e-05,-2.1861685059627843e-05,2.125500826856498e-06,6.636321124453078e-06,6.451681561275118e-06,-3.58487650468941e-06,-1.0942261177417251e-07,1.1672882684128013e-06
2.9661871131145405,1.033162166762663e-05,-2.1620277236689226e-05,-1.1909692531537806e-05,-4.620817645820041e-06,-1.5536621791211823e-05,8.43145999609157e-07,5.3504286072604564e-06,4.3459785149704645e-06,-1.6078402599663618e-06,3.078549996254108e-07,6.621340938408736e-07
3.0506138774069567,9.655692191272533e-06,-1.7368143144404465e-05,-1.0020603500015902e-05,-2.182776109159446e-07,-1.0778231621163663e-05,-7.058479823305487e-08,4.257798919967584e-06,2.758902051359799e-06,-2.601311794797262e-07,5.5095868212192e-07,3.2766948226214563e-07
3.1374436858287713,8.66301589337065e-06,-1.3636288724631964e-05,-8.24266419143337e-06,2.1125323563774147e-06,-7.2572577512575485e-06,-6.844110300790708e-07,3.3409026972647562e-06,1.591583760583574e-06,5.988975192642186e-07,6.670386468353779e-07,1.1523943744673091e-07
3.2267449363712704,7.513423120967226e-06,-1.047241425537396e-05,-6.632945972505578e-06,3.1338411240798808e-06,-4.700836359146736e-06,-1.0602589560340986e-06,2.5812571803087336e-06,7.58459519923394e-07,1.0902480184538668e-06,6.944086069172899e-07,-1.1944326132868246e-08
3.318587973841922,6.32423581286304e-06,-7.867800458874252e-06,-5.221395633869217e-06,3.3685020842788733e-06,-2.8855050578853237e-06,-1.2528353371721424e-06,1.9602826962492373e-06,1.866010597519219e-07,1.3153027859626156e-06,6.634199447372142e-07,-8.122860317374068e-08
3.4130451452767367,5.177289897335491e-06,-5.779375047340857e-06,-4.017824742121063e-06,3.165872207491773e-06,-1.6305362098148125e-06,-1.3094559499896202e-06,1.459898724163555e-06,-1.851768775827765e-07,1.3566942969584467e-06,5.974304056804097e-07,-1.1255824432202065e-07
3.5101908569297917,4.125570118633544e-06,-4.145689689899517e-06,-3.0177351449417612e-06,2.7517537801577676e-06,-7.917023669003797e-07,-1.2701088410327415e-06,1.0629335680462197e-06,-4.0736697345919584e-07,1.2797792297329536e-06,5.138050301236402e-07,-1.2016599356885708e-07
3.6101016328849225,3.1993085263719028e-06,-2.8980819725835194e-06,-2.207066774348129e-06,2.2657428356646064e-06,-2.55549052876559e-07,-1.1677255313514046e-06,7.534000401143122e-07,-5.209144035447379e-07,1.134525893499573e-06,4.2490726674964877e-07,-1.139517316023243e-07
3.7128561753356126,2.4114320850065113e-06,-1.968093320729871e-06,-1.5659869881620784e-06,1.788723254481292e-06,6.577894665393594e-08,-1.0286281395451126e-06,5.166728732054617e-07,-5.584000046804025e-07,9.576289174394467e-07,3.390414301653639e-07,-1.0058970619447789e-07
3.818535426580676,1.7622857626636576e-06,-1.292071689412537e-06,-1.0717956721424847e-06,1.3627772819493024e-06,2.391369644701564e-07,-8.731145152847935e-07,3.395929277216462e-07,-5.452132639335676e-07,7.746870792845868e-07,2.613154772794864e-07,-8.440333101827832e-08
3.9272226327844786,1.2436148495608597e-06,-8.137539879413886e-07,-7.010844001558047e-07,1.0053789799372032e-06,3.1440597901130243e-07,-7.16143063415291e-07,2.105158713895318e-07,-5.006762219415107e-07,6.023306693952365e-07,1.9440883429062895e-07,-6.804294963419373e-08
4.039003409552053,8.418265256237495e-07,-4.853613506057221e-07,-4.3128610956707094e-07,7.192378024861467e-07,3.2796198646016106e-07,-5.68078627800024e-07,1.19313313004391e-07,-4.3908908274355025e-07,4.5021568645410123e-07,1.3923832621352645e-07,-5.300219453262758e-08
4.153965809370598,5.405586338892795e-07,-2.6763151976103605e-07,-2.416767335388645e-07,4.988742789075734e-07,3.056200422993531e-07,-4.354601061163789e-07,5.733217605312735e-08,-3.7067771030536553e-07,3.2280573015073733e-07,9.551405626116224e-08,-4.000157536881306e-08
4.272200390970624,3.2261584705296135e-07,-1.2924183208306094e-07,-1.1396985701655537e-07,3.349082667335914e-07,2.6509310519367407e-07,-3.217566859208714e-07,1.7321746657536956e-08,-3.024317486761816e-07,2.209032059693715e-07,6.21875345229711e-08,-2.926853837119664e-08
4.39380029066127,1.7135188399932318e-07,-4.598452267725075e-08,-3.258600242761975e-08,2.1683011494777887e-07,2.180118602033295e-07,-2.280826833140021e-07,-6.662675717582113e-09,-2.38829426990992e-07,1.4291728509879873e-07,3.780028436403972e-08,-2.0734844073625973e-08
4.518861295696139,7.157856040517529e-08,2.9142891607504055e-10,1.5317315776851015e-08,1.345634653119621e-07,1.71555051191847e-07,-1.538474421409625e-07,-1.9380061090572868e-08,-1.824509668784944e-07,8.586760570201731e-08,2.0741844355395478e-08,-1.4172654514510028e-08
4.647481919727249,1.0092681245843407e-08,2.2827160298924122e-08,4.000035239688785e-08,7.920353165336636e-08,1.297405682010657e-07,-9.732265074373617e-08,-2.454098118616273e-08,-1.3448686858370208e-07,4.614780181162499e-08,9.431248116063488e-09,-9.284260114840078e-09
4.779763480406694,-2.410359737745796e-08,3.097312513754994e-08,4.9386595646824095e-08,4.334129948316343e-08,9.442638815650636e-08,-5.611789227775969e-08,-2.4950796874135835e-08,-9.515025959744498e-08,2.0063248301541372e-08,2.4316579927580904e-09,-5.757780381557911e-09
4.915810179197071,-3.9805223640915705e-08,3.102922916274334e-08,4.9377792582844245e-08,2.116467962665446e-08,6.606807479164595e-08,-2.7559741584291394e-08,-2.2652276905895254e-08,-6.400411973792816e-08,4.1834343360955725e-09,-1.486442551677528e-09,-3.3006176953460935e-09
5.055729183453521,-4.375974077338957e-08,2.714318156791417e-08,4.419456622966818e-08,8.19162074406792e-09,4.427620425758489e-08,-8.97673908003148e-09,-1.9070691423832202e-08,-4.0214781439309297e-08,-4.455041570422093e-09,-3.3210142797714934e-09,-1.6556021612359373e-09
5.199630710842162,-4.091748170334771e-08,2.182320574465167e-08,3.671351034007075e-08,1.1808506902523059e-09,2.8212451026234833e-08,2.1027452625616034e-09,-1.5141037941934325e-08,-2.2742957681377655e-08,-8.261374823841991e-09,-3.842093325586197e-09,-6.076476174225921e-10
5.347628116161243,-3.472940066117068e-08,1.6449860315033464e-08,2.877016597002819e-08,-2.114168175426793e-09,1.6859056949218658e-08,7.828659831082047e-09,-1.1426560547358114e-08,-1.0482815312336047e-08,-9.087079312156178e-09,-3.613813403488556e-09,1.5955804530017315e-11
5.49983798063354,-2.745250264927562e-08,1.1768702547266659e-08,2.1428001503618823e-08,-3.2875251400689178e-09,9.191438479396842e-09,9.970756202751245e-09,-8.224644299186661e-09,-2.358656887991679e-09,-8.273640860948006e-09,-3.0256955732347633e-09,3.494736130189207e-10
5.656380203740238,-2.0439544286956138e-08,8.040964438407132e-09,1.5210783048366005e-08,-3.3486702426462426e-09,4.278776625230147e-09,9.909379707396262e-09,-5.647233376412178e-09,2.612356310689983e-09,-6.731953498178327e-09,-2.328110297519123e-09,4.937004878121441e-10
5.817378097668783,-1.4393484450139117e-08,5.212920004070751e-09,1.0284030341698331e-08,-2.854397656398428e-09,1.3335620666462061e-09,8.661076792494954e-09,-3.6874114299443102e-09,5.284098314134995e-09,-5.031304391719425e-09,-1.6665336784862755e-09,5.216852127599019e-10
5.982958484448901,-9.579308544775447e-09,3.246088642273889e-09,6.594922435439537e-09,-2.243296928413307e-09,-2.732720334992119e-10,6.926347298155481e-09,-2.277171822882187e-09,6.365697483032529e-09,-3.4871681435664877e-09,-1.1121759807260111e-09,4.84559874011042e-10
6.1532517958534845,-5.9911798817314796e-09,1.891957099838583e-09,3.9765352212203555e-09,-1.6162321407204916e-09,-1.0193174171522254e-09,5.148491846258696e-09,-1.3136320237579147e-09,6.420697955756483e-09,-2.239835738696319e-09,-6.876517730139418e-10,4.165178736237738e-10
6.3283921761428745,-3.4767518607359166e-09,1.0533873223021523e-09,2.2183150935633866e-09,-1.123577484461844e-09,-1.2492787660487122e-09,3.574628592187784e-09,-6.937673388436853e-10,5.876623063703114e-09,-1.3194622642352785e-09,-3.8707147187148964e-10,3.3908629437567334e-10
6.508517587733695,-1.8226468915424668e-09,5.304092967510941e-10,1.1085204668157755e-09,-7.302565114964471e-10,-1.1992890339357267e-09,2.3125069108253794e-09,-3.1962227553617287e-10,5.041139568424376e-09,-6.943502353367914e-10,-1.9024577213919775e-10,2.64779046939686e-10
6.693769919875216,-8.087707235920558e-10,2.3893092816299686e-10,4.5593923218404376e-10,-4.572203270946033e-10,-1.0214924868644682e-09,1.3791483653006442e-09,-1.1243366765540596e-10,4.12171734951328e-09,-3.046415037567394e-10,-7.210751765367208e-11,1.9995733914681817e-10
6.8842951004190445,-2.400802484408736e-10,9.231202203153982e-11,1.052645613606078e-10,-2.802816768355559e-10,-8.06786280680272e-10,7.396750851093441e-10,-1.079655386006967e-11,3.246326086744283e-09,-8.571082031059757e-11,-8.853126374862478e-12,1.4696662411927112e-10
7.0802432107701225,4.0655495684913925e-11,1.1195052628488302e-11,-6.392154901810376e-11,-1.5451966051694493e-10,-6.038712173534304e-10,3.3555381488181877e-10,2.993407400803928e-11,2.483309165168938e-09,2.0546472293355092e-11,1.9441195926010987e-11,1.0572904017652693e-10
7.281768604109507,1.4941704240634325e-10,-8.073665950320255e-12,-1.1460359944237071e-10,-9.275143897901996e-11,-4.341916989473896e-10,1.0435902311420376e-10,3.797225454398712e-11,1.85914865348557e-09,5.891521003176433e-11,2.7474207180030266e-11,7.488740017422234e-11
7.489030026982287,1.6622919937042354e-10,-1.5959888168513786e-11,-1.1514340563949909e-10,-5.065085411677288e-11,-3.031265470545596e-10,-1.1063792483503146e-11,3.22732101486384e-11,1.3733521856133728e-09,6.168710933783941e-11,2.5435417608309717e-11,5.256643946459233e-11
7.702190744346106,1.4164411418036893e-10,-1.5987158995492427e-11,-8.918322578983124e-11,-2.6438389967616744e-11,-2.0757620864855357e-10,-5.5565184322146815e-11,2.257296381229136e-11,1.0101526928005451e-09,4.946248387142136e-11,1.96035342598346e-11,3.683702802865983e-11
7.92141866817905,1.0448149469820781e-10,-2.1727921157033006e-12,-6.006063773213306e-11,-2.35438164681791e-11,-1.4092262704523545e-10,-6.187257809668253e-11,1.3268797837065368e-11,7.470653900271905e-10,3.367720041090538e-11,1.3333994952486123e-11,2.5969786456410556e-11
8.146886489748006,6.951635157702085e-11,-5.243134332991776e-12,-4.317551628727091e-11,-1.036912274600167e-11,-9.595714910801879e-11,-5.146191443539613e-11,6.9554812058586174e-12,5.606155654838897e-10,2.0164919541466746e-11,8.227485220111101e-12,1.8546749457437736e-11
8.378771815641947,4.230125868538575e-11,-7.609893180964152e-12,-1.728365351788269e-11,-2.2203845267082847e-12,-6.625251705837183e-11,-3.588059614431377e-11,3.1193346137074317e-12,4.2971921084780924e-10,1.0513147789596322e-11,4.627463375679938e-12,1.3482171697648162e-11
8.617257307676978,2.3758281623170225e-11,9.345911421175007e-13,-1.5939995025085224e-11,-7.02688190853276e-12,-4.676093029621831e-11,-2.2361550837866323e-11,8.570088279336801e-13,3.372651353383716e-10,4.787944818256413e-12,2.437037310844952e-12,9.991223304922789e-12
8.862530826783608,1.2170443181984265e-11,2.7077119998996037e-12,2.344307070661639e-12,-6.638856722974797e-12,-3.387112820836251e-11,-1.1755363804427033e-11,3.944527365844463e-14,2.704538431743307e-10,1.685868340827238e-12,1.193164945042853e-12,7.53473957240589e-12
9.114785580989393,5.631226445308198e-12,2.6654614333016527e-12,-2.258136221365522e-12,-5.427175818525152e-12,-2.5134268211790526e-11,-5.532685125064119e-12,-7.171692281200125e-14,2.2038065470869673e-10,3.4991812816503417e-13,5.81563639217885e-13,5.7582066249727055e-12
9.374220277613782,2.285908590730695e-12,3.7224714352555924e-12,-4.427750708619075e-12,-5.63958996836e-12,-1.8995342998221664e-11,-2.075885152810563e-12,3.9561832361574474e-14,1.8125939787241435e-10,-5.1918966273560924e-14,3.1729306481714666e-13,4.436014390513199e-12
9.641039279794736,8.265191969391006e-13,1.0522246341795156e-14,5.0503548813328885e-12,-1.5409508239351557e-12,-1.4521615006655572e-11,-1.1048959209990131e-13,3.4130128977757114e-13,1.495647716222698e-10,5.98883331549613e-14,2.494275964702311e-13,3.427884330981632e-12
9.915452767470663,3.0989734041342574e-13,-2.4460175740164337e-12,2.5558044453229853e-12,1.1400545698876383e-12,-1.1153413893009474e-11,3.9064532466735226e-13,5.472079403962915e-13,1.2326047836274713e-10,2.9471417153316615e-13,2.487603493895472e-13,2.6472669311304037e-12
10.197676902944291,1.0965053274569115e-13,-7.473394377489845e-13,-4.955600723120543e-12,-2.3228499463836557e-13,-8.562203430995171e-12,2.2519698765635636e-13,5.45130089489785e-13,1.0119337885780376e-10,3.3859351818519123e-13,2.1605422928355295e-13,2.0386907311728645e-12
10.48793400115918,1.130082121994866e-13,9.68362732223532e-13,3.2905756137705843e-12,-1.652526150271255e-12,-6.553622655497909e-12,4.1657596769702596e-13,4.807602415821261e-13,8.267500240916737e-11,4.083456898448309e-13,2.0376466958960476e-13,1.5636355699520223e-12
10.786452704822642,1.6657999575218899e-13,2.015698868321947e-12,5.478181183478479e-12,-2.460930073938455e-12,-4.997230353338989e-12,3.8732941841105496e-13,3.9953353909529964e-13,6.722872883911956e-11,4.770389149056801e-13,1.9983999840085395e-13,1.1944323111955979e-12
11.093468164513272,2.1344693009632726e-13,1.6612647129969457e-12,2.047076548450631e-12,-1.9900451307364947e-12,-3.797868781539599e-12,2.039520955427212e-13,3.4592540549299594e-13,5.4459281681407294e-11,4.809894306554143e-13,1.8303810734329047e-13,9.101150837079126e-13
11.409222223914924,1.8081591904423045e-13,2.322343174320344e-13,6.597997862504767e-12,-5.264222171560758e-13,-2.8796442124899955e-12,3.251560934502813e-13,3.240861125333383e-13,4.399676822682353e-11,3.777301783123332e-13,1.3792682439346235e-13,6.919321476718419e-13
11.733963610322865,1.0255737651150857e-13,-4.739026093085594e-13,4.312604097415301e-12,2.3013243583945895e-13,-2.1794003881658283e-12,2.4013932494752764e-13,2.851049825306772e-13,3.548646459777463e-11,2.5329337941736687e-13,8.892090511036162e-14,5.25042639102131e-13
12.067948130572578,7.187660201882968e-14,-5.610318588927135e-13,1.952529789745715e-12,3.7750747521281163e-13,-1.647597999722176e-12,1.617876048891284e-13,2.3538412269321467e-13,2.859918610273366e-11,1.8462705261578832e-13,7.189355847121864e-14,3.982693388378552e-13
12.411438872545041,1.49337537209329e-13,-4.129766161015243e-13,-8.744497357782958e-13,2.8665973170400493e-13,-1.2448794798813977e-12,6.845181749178873e-14,1.8734633377421829e-13,2.3040403840357366e-11,2.704360117125061e-13,1.0262630066779342e-13,3.0209471025643977e-13
12.76470641240763,2.0068250349850152e-14,-9.269136175667343e-14,-3.373459052624356e-12,1.5453001214662336e-14,-9.402404132128587e-13,-1.670902134184236e-14,1.4204894059164166e-13,1.8559293654394374e-11,9.358169228650373e-14,1.0137209191385493e-14,2.291101737382655e-13
13.128029027753554,1.916274128503074e-14,5.330575169643921e-13,-7.653852516247873e-13,-5.542119404058336e-13,-7.097400222797177e-13,6.655839255788413e-14,9.400430952961198e-14,1.494885122248027e-11,7.96449235097776e-14,5.750530404096736e-14,1.738595977775445e-13
13.50169291680817,1.894307374271465e-15,-3.4647273485648637e-13,4.224573122622973e-12,2.794099125364583e-13,-5.372599057399018e-13,2.2779202557929577e-13,9.874926608936921e-14,1.203969445804975e-11,5.188749713675898e-14,-1.5537186563237085e-14,1.3168495990389646e-13
13.88599242387431,1.6358240172937038e-13,1.371527993589692e-13,-3.835009443997924e-12,-1.5413579844037411e-13,-4.0555716298212116e-13,-5.017385680160457e-14,6.530751358591804e-14,9.695265618061258e-12,2.686723764714555e-13,1.362547638900867e-13,1.0005082251292178e-13
14.281230271194644,-9.005635680489565e-14,1.3721029271118726e-13,-4.879620213823223e-12,-1.517681591058397e-13,-3.064634468546436e-13,-9.278924395290767e-14,5.067969257450185e-14,7.805958698504805e-12,-9.054985415542397e-14,-6.891580317596261e-14,7.579235657568342e-14
14.687717797413365,3.8443224714216095e-14,-3.1920244781112775e-14,-2.375874309789637e-12,1.781328109910774e-14,-2.3174086697304896e-13,-1.6132104718946488e-14,4.4293348560046274e-14,6.282668912597805e-12,7.465240963010481e-14,-8.414106690366216e-14,5.744304164120011e-14
15.105775202825523,2.8505190201454064e-14,-5.916488377501878e-14,2.6272333525001435e-12,4.450318555389495e-14,-1.7510031775363045e-13,1.4491864169824132e-13,3.5838235129671906e-14,5.054071952437949e-12,5.764900490860319e-14,9.833126661604337e-14,4.3661438484407076e-14
15.53573180160663,1.2359163581956907e-13,4.217076435664335e-14,-9.93853942942106e-13,-4.922957908955335e-14,-1.3211411232483706e-13,1.69253544944386e-14,2.5312352330511358e-14,4.0643382939874595e-12,1.9220519986734924e-13,3.052010896558274e-13,3.298909640039694e-14
15.97792628122164,-5.6182323301852575e-14,-2.971502195802745e-14,4.124679924802662e-12,1.9494249657033576e-14,-9.989309948317772e-14,1.8314813928762216e-13,2.1743039360018178e-14,3.2684475520558024e-12,-6.58399059037551e-14,2.789135975509881e-13,2.4972803858311465e-14
16.432706969217335,-2.3725840390496783e-14,-5.1530890894741115e-14,-3.8988878842122105e-12,4.1311039472483896e-14,-7.550666462590577e-14,-9.145113995262364e-14,1.785971143515306e-14,2.628054993823289e-12,-1.9941775744380993e-14,2.7369132273116856e-13,1.9101098513758223e-14
16.900432107608754,2.22561538257901e-14,-4.334935214502263e-14,1.9262912625393291e-13,3.8009750340268375e-14,-5.70382169392344e-14,4.128730566495997e-14,1.4014099085281705e-14,2.1123272687556105e-12,3.739254340176273e-14,-1.2253610434948103e-13,1.4249134984173576e-14
17.381470135075183,2.1845672968613275e-14,-8.149493884808713e-15,3.0689734935198243e-12,7.740375452970496e-15,-4.3037541576414024e-14,1.33649394396491e-13,1.0099530598470318e-14,1.6969853889693508e-12,3.726818376405544e-14,-9.102156750556364e-13,1.0835221984681883e-14
17.876199977188445,5.621471649170647e-14,-2.6582490431848898e-14,-4.800729375993918e-13,2.4786390262830544e-14,-3.251934325839408e-14,1.0809159258544875e-14,8.473100117809983e-15,1.3631187340334886e-12,8.368721122588692e-14,1.8335667906154909e-13,8.283296866539117e-15
18.385011344902015,3.2587623756224274e-14,-3.2421289997997445e-14,-4.09262751105425e-12,2.326475925182896e-14,-2.4564909053757682e-14,-1.138260620366958e-13,6.940994362988428e-15,1.0950535077091675e-12,4.9624994378094915e-14,9.705173017313102e-14,6.233952626653815e-15
18.90830504153584,-1.3758932506224316e-13,-3.424729584550732e-14,-1.5461810859809662e-12,1.1256490963516477e-14,-1.8543681468976245e-14,-3.1099250468525744e-14,5.6615508647538436e-15,8.796234715033356e-13,-1.8631061025906426e-13,3.263333250912959e-13,4.6981942082201665e-15
19.446493278499258,8.137922575490829e-15,-2.497741715401023e-15,4.401648137325291e-12,-1.3817359063298512e-14,-1.3973155023875037e-14,1.660363883689354e-13,3.64112355052113e-15,7.065842231206683e-13,1.2919864570596405e-14,-1.5740239549839343e-12,3.549084682300716e-15
20.0,-8.728705871533677e-15,2.974867113581147e-14,-3.88860483499903e-12,2.734212736132753e-15,-1.0564575768522004e-14,-1.1474825825448324e-13,1.852902748101813e-15,5.677572683597738e-13,-9.390649638085196e-15,1.7292003898998601e-12,2.7051021802296904e-15
