k,AU,AT,DU,DT1,DT2,cU,cT1,cT2,J,S,sbar
1e-06,0.48999908371947765,11.966617740494952,-10.207732314598559,-257.3739264123527,-0.017641310687926733,0.1065543441905979,2.701454065053183,0.0008274047072261147,0.4973078863772432,0.0,0.0
1.028463060849779e-06,0.48999908371897344,11.966617740482555,-10.207732314584717,-257.3739264120053,-0.017641310687943272,0.10655434419047802,2.7014540650502186,0.0008274047072265493,0.49730788637676354,0.0,0.0
1.0577362675324964e-06,0.4899990837184402,11.966617740469445,-10.207732314570066,-257.37392641163814,-0.017641310687960758,0.10655434419035117,2.701454065047084,0.0008274047072270085,0.4973078863762556,0.0,0.0
1.087842679278294e-06,0.48999908371787615,11.96661774045558,-10.207732314554573,-257.37392641124944,-0.017641310687979313,0.1065543441902171,2.7014540650437646,0.0008274047072274942,0.49730788637571843,0.0,0.0
1.118806011653579e-06,0.48999908371727957,11.96661774044092,-10.207732314538193,-257.37392641083886,-0.017641310687998814,0.10655434419007527,2.7014540650402576,0.0008274047072280078,0.49730788637515067,0.0,0.0
1.1506506552423733e-06,0.4899990837166483,11.966617740425399,-10.207732314520845,-257.3739264104044,-0.017641310688019555,0.10655434418992518,2.701454065036543,0.0008274047072285511,0.49730788637454965,0.0,0.0
1.183401694859375e-06,0.4899990837159807,11.966617740409,-10.207732314502513,-257.37392640994483,-0.017641310688041492,0.10655434418976648,2.7014540650326193,0.0008274047072291262,0.49730788637391415,0.0,0.0
1.2170849293098917e-06,0.48999908371527484,11.966617740391637,-10.207732314483128,-257.3739264094585,-0.017641310688064626,0.10655434418959865,2.7014540650284666,0.000827404707229734,0.4973078863732416,0.0,0.0
1.251726891712188e-06,0.48999908371452766,11.966617740373279,-10.207732314462614,-257.3739264089444,-0.0176413106880891,0.10655434418942109,2.701454065024076,0.0008274047072303765,0.49730788637253104,0.0,0.0
1.2873548703982968e-06,0.48999908371373785,11.966617740353863,-10.207732314440921,-257.3739264084005,-0.017641310688115055,0.10655434418923332,2.7014540650194285,0.0008274047072310574,0.49730788637177914,0.0,0.0
1.323996930409703e-06,0.4899990837129022,11.966617740333325,-10.20773231441797,-257.3739264078248,-0.017641310688142495,0.10655434418903469,2.701454065014514,0.0008274047072317771,0.4973078863709834,0.0,0.0
1.361681935604878e-06,0.4899990837120182,11.9666177403116,-10.207732314393688,-257.37392640721623,-0.017641310688171496,0.10655434418882448,2.701454065009314,0.0008274047072325377,0.4973078863701417,0.0,0.0
1.4004395713960445e-06,0.4899990837110834,11.966617740288621,-10.207732314368016,-257.3739264065727,-0.01764131068820216,0.10655434418860231,2.701454065003821,0.0008274047072333431,0.49730788636925155,0.0,0.0
1.4403003681331284e-06,0.48999908371009443,11.966617740264317,-10.207732314340863,-257.3739264058918,-0.017641310688234626,0.10655434418836719,2.7014540649980026,0.0008274047072341946,0.49730788636831075,0.0,0.0
1.4812957251532608e-06,0.48999908370904827,11.966617740238606,-10.207732314312132,-257.37392640517197,-0.017641310688268925,0.10655434418811861,2.7014540649918546,0.0008274047072350949,0.49730788636731466,0.0,0.0
1.5234579355148189e-06,0.48999908370794226,11.966617740211401,-10.207732314281753,-257.3739264044098,-0.017641310688305222,0.10655434418785549,2.701454064985346,0.0008274047072360475,0.4973078863662614,0.0,0.0
1.566820211435456e-06,0.4899990837067721,11.966617740182647,-10.207732314249611,-257.37392640360406,-0.01764131068834362,0.10655434418757731,2.701454064978464,0.0008274047072370551,0.4973078863651473,0.0,0.0
1.611416710454207e-06,0.4899990837055341,11.966617740152229,-10.207732314215608,-257.37392640275203,-0.01764131068838424,0.10655434418728305,2.701454064971182,0.0008274047072381205,0.4973078863639691,0.0,0.0
1.6572825623382159e-06,0.4899990837042249,11.966617740120043,-10.207732314179655,-257.3739264018505,-0.01764131068842719,0.10655434418697182,2.7014540649634857,0.000827404707239248,0.4973078863627226,0.0,0.0
1.7044538967553262e-06,0.48999908370284023,11.966617740086,-10.207732314141618,-257.3739264008968,-0.01764131068847265,0.10655434418664256,2.701454064955339,0.0008274047072404407,0.4973078863614042,0.0,0.0
1.7529678717343196e-06,0.48999908370137535,11.966617740050003,-10.207732314101381,-257.3739263998883,-0.017641310688520716,0.10655434418629436,2.7014540649467262,0.0008274047072417021,0.49730788636000994,0.0,0.0
1.8028627029352012e-06,0.48999908369982603,11.966617740011914,-10.207732314058841,-257.3739263988218,-0.017641310688571547,0.10655434418592605,2.7014540649376135,0.0008274047072430355,0.4973078863585347,0.0,0.0
1.854177693752643e-06,0.489999083698187,11.966617739971632,-10.207732314013828,-257.37392639769314,-0.017641310688625313,0.10655434418553646,2.7014540649279777,0.0008274047072444466,0.4973078863569746,0.0,0.0
1.9069532662762274e-06,0.4899990836964538,11.966617739929024,-10.207732313966218,-257.37392639649954,-0.017641310688682223,0.1065543441851243,2.7014540649177805,0.0008274047072459396,0.4973078863553243,0.0,0.0
1.9612309931319364e-06,0.48999908369462,11.966617739883954,-10.20773231391587,-257.37392639523694,-0.0176413106887424,0.10655434418468845,2.701454064906998,0.0008274047072475182,0.49730788635357875,0.0,0.0
2.0170536302299236e-06,0.4899990836926806,11.966617739836288,-10.207732313862602,-257.37392639390157,-0.017641310688805992,0.10655434418422742,2.701454064895593,0.000827404707249188,0.49730788635173273,0.0,0.0
2.0744651504444257e-06,0.48999908369062933,11.96661773978587,-10.207732313806261,-257.373926392489,-0.01764131068887334,0.10655434418373971,2.7014540648835292,0.0008274047072509544,0.4973078863497798,0.0,0.0
2.1335107782522713e-06,0.4899990836884592,11.96661773973253,-10.207732313746666,-257.37392639099534,-0.017641310688944534,0.10655434418322392,2.701454064870768,0.0008274047072528225,0.49730788634771406,0.0,0.0
2.19423702535733e-06,0.48999908368616424,11.966617739676115,-10.207732313683646,-257.37392638941515,-0.01764131068901983,0.10655434418267828,2.701454064857274,0.0008274047072547989,0.49730788634552897,0.0,0.0
2.2566917273289136e-06,0.48999908368373646,11.966617739616447,-10.207732313616967,-257.37392638774355,-0.017641310689099507,0.10655434418210123,2.701454064842995,0.000827404707256889,0.4973078863432181,0.0,0.0
2.320924081283069e-06,0.48999908368116907,11.966617739553337,-10.207732313546442,-257.37392638597555,-0.017641310689183766,0.10655434418149078,2.701454064827895,0.0008274047072591001,0.4973078863407735,0.0,0.0
2.3869846846363467e-06,0.48999908367845296,11.966617739486571,-10.207732313471857,-257.3739263841056,-0.017641310689272896,0.10655434418084506,2.7014540648119203,0.0008274047072614383,0.4973078863381876,0.0,0.0
2.454925574962647e-06,0.4899990836755801,11.96661773941597,-10.20773231339295,-257.3739263821274,-0.017641310689367168,0.10655434418016213,2.7014540647950263,0.0008274047072639115,0.49730788633545303,0.0,0.0
2.524800270984487e-06,0.48999908367254136,11.966617739341277,-10.207732313309496,-257.3739263800349,-0.017641310689466876,0.10655434417943974,2.701454064777153,0.0008274047072665286,0.4973078863325603,0.0,0.0
2.5966638147310575e-06,0.48999908366932715,11.96661773926227,-10.207732313221225,-257.3739263778223,-0.017641310689572337,0.10655434417867565,2.701454064758252,0.0008274047072692957,0.4973078863295004,0.0,0.0
2.670572814896167e-06,0.48999908366592776,11.966617739178705,-10.207732313127849,-257.3739263754808,-0.017641310689683887,0.10655434417786748,2.7014540647382588,0.0008274047072722233,0.4973078863262637,0.0,0.0
2.746585491430322e-06,0.4899990836623315,11.966617739090315,-10.207732313029094,-257.37392637300496,-0.01764131068980192,0.10655434417701255,2.70145406471711,0.0008274047072753195,0.4973078863228404,0.0,0.0
2.8247617214020294e-06,0.48999908365852823,11.966617738996831,-10.20773231292463,-257.37392637038624,-0.01764131068992672,0.10655434417610836,2.7014540646947425,0.0008274047072785942,0.49730788631921924,0.0,0.0
2.905163086164422e-06,0.4899990836545049,11.966617738897941,-10.207732312814136,-257.3739263676159,-0.017641310690058733,0.10655434417515183,2.70145406467108,0.0008274047072820585,0.4973078863153894,0.0,0.0
2.987852919864452e-06,0.4899990836502492,11.966617738793335,-10.207732312697262,-257.3739263646857,-0.017641310690198385,0.10655434417414024,2.7014540646460565,0.0008274047072857229,0.49730788631133815,0.0,0.0
3.072896359332744e-06,0.489999083645748,11.96661773868269,-10.207732312573642,-257.3739263615863,-0.01764131069034607,0.10655434417307016,2.701454064619582,0.0008274047072895982,0.4973078863070533,0.0,0.0
3.1603603953935026e-06,0.48999908364098704,11.966617738565663,-10.207732312442886,-257.37392635830844,-0.01764131069050231,0.10655434417193832,2.701454064591581,0.0008274047072936978,0.4973078863025204,0.0,0.0
3.25031392563482e-06,0.48999908363595096,11.966617738441887,-10.207732312304572,-257.37392635484076,-0.01764131069066754,0.10655434417074111,2.7014540645619665,0.0008274047072980346,0.4973078862977262,0.0,0.0
3.3428278086810476e-06,0.4899990836306243,11.966617738310958,-10.207732312158287,-257.37392635117317,-0.01764131069084233,0.1065543441694748,2.701454064530641,0.0008274047073026201,0.4973078862926553,0.0,0.0
3.43797492000987e-06,0.48999908362498995,11.96661773817247,-10.207732312003541,-257.37392634729366,-0.017641310691027222,0.10655434416813536,2.7014540644975065,0.0008274047073074713,0.49730788628729156,0.0,0.0
3.535830209358125e-06,0.48999908361903066,11.96661773802598,-10.207732311839857,-257.37392634319036,-0.017641310691222788,0.10655434416671865,2.701454064462457,0.0008274047073126026,0.4973078862816178,0.0,0.0
3.6364707597615798e-06,0.489999083612727,11.966617737871038,-10.207732311666742,-257.37392633885,-0.017641310691429643,0.10655434416522006,2.701454064425386,0.0008274047073180305,0.49730788627561684,0.0,0.0
3.739975848275116e-06,0.4899990836060592,11.966617737707146,-10.207732311483623,-257.373926334259,-0.01764131069164845,0.10655434416363495,2.7014540643861755,0.0008274047073237716,0.4973078862692696,0.0,0.0
3.846427008421274e-06,0.4899990835990065,11.966617737533792,-10.207732311289924,-257.373926329403,-0.01764131069187984,0.10655434416195836,2.701454064344698,0.0008274047073298438,0.49730788626255507,0.0,0.0
3.955908094416211e-06,0.4899990835915468,11.966617737350436,-10.207732311085055,-257.3739263242665,-0.017641310692124643,0.10655434416018494,2.701454064300826,0.000827404707336267,0.49730788625545397,0.0,0.0
4.068505347223713e-06,0.48999908358365635,11.966617737156493,-10.207732310868348,-257.3739263188335,-0.017641310692383574,0.10655434415830912,2.70145406425442,0.0008274047073430612,0.49730788624794203,0.0,0.0
4.184307462489393e-06,0.48999908357531036,11.966617736951351,-10.207732310639129,-257.3739263130871,-0.017641310692657446,0.10655434415632507,2.7014540642053384,0.0008274047073502474,0.49730788623999667,0.0,0.0
4.303405660408413e-06,0.4899990835664823,11.966617736734362,-10.20773231039668,-257.37392630700845,-0.017641310692947085,0.10655434415422639,2.701454064153421,0.0008274047073578483,0.49730788623159283,0.0,0.0
4.425893757581901e-06,0.4899990835571449,11.966617736504851,-10.207732310140234,-257.3739263005792,-0.01764131069325352,0.10655434415200657,2.701454064098508,0.0008274047073658882,0.49730788622270333,0.0,0.0
4.551868240918621e-06,0.4899990835472681,11.966617736262084,-10.207732309868979,-257.373926293779,-0.017641310693577574,0.10655434414965867,2.7014540640404263,0.000827404707374392,0.49730788621330063,0.0,0.0
4.681428343640065e-06,0.4899990835368213,11.96661773600529,-10.207732309582063,-257.37392628658563,-0.017641310693920394,0.10655434414717513,2.7014540639789844,0.0008274047073833874,0.4973078862033553,0.0,0.0
4.814676123448972e-06,0.4899990835257713,11.96661773573369,-10.207732309278578,-257.3739262789771,-0.017641310694282993,0.10655434414454812,2.7014540639139986,0.0008274047073929019,0.4973078861928354,0.0,0.0
4.9517165429226785e-06,0.489999083514083,11.966617735446391,-10.20773230895757,-257.3739262709292,-0.017641310694666523,0.10655434414176951,2.7014540638452607,0.000827404707402965,0.4973078861817086,0.0,0.0
5.092657552194755e-06,0.4899990835017202,11.966617735142508,-10.207732308618041,-257.37392626241694,-0.01764131069507217,0.10655434413883054,2.7014540637725526,0.0008274047074136106,0.4973078861699391,0.0,0.0
5.237610173989961e-06,0.48999908348864335,11.966617734821089,-10.207732308258896,-257.3739262534129,-0.017641310695501292,0.10655434413572179,2.7014540636956528,0.0008274047074248696,0.49730788615749033,0.0,0.0
5.3866885910796595e-06,0.4899990834748115,11.966617734481108,-10.207732307879025,-257.37392624388923,-0.017641310695955162,0.1065543441324335,2.701454063614306,0.0008274047074367791,0.4973078861443225,0.0,0.0
5.54001023622637e-06,0.4899990834601811,11.966617734121487,-10.207732307477208,-257.37392623381567,-0.017641310696435236,0.10655434412895555,2.701454063528268,0.0008274047074493762,0.4973078861303944,0.0,0.0
5.69769588468848e-06,0.4899990834447062,11.966617733741128,-10.207732307052211,-257.3739262231606,-0.017641310696943024,0.1065543441252766,2.701454063437258,0.0008274047074627008,0.4973078861156623,0.0,0.0
5.859869749357916e-06,0.4899990834283377,11.966617733338788,-10.207732306602665,-257.37392621189,-0.017641310697480133,0.1065543441213854,2.7014540633409965,0.0008274047074767946,0.49730788610007953,0.0,0.0
6.026659578605669e-06,0.4899990834110241,11.966617732913218,-10.207732306127166,-257.373926199969,-0.017641310698048276,0.10655434411726943,2.7014540632391757,0.0008274047074917017,0.4973078860835969,0.0,0.0
6.198196756912426e-06,0.48999908339271103,11.96661773246308,-10.207732305624203,-257.3739261873594,-0.017641310698649177,0.1065543441129159,2.701454063131476,0.0008274047075074703,0.497307886066163,0.0,0.0
6.374616408363341e-06,0.4899990833733403,11.96661773198696,-10.207732305092211,-257.37392617402173,-0.017641310699284783,0.10655434410831094,2.7014540630175565,0.0008274047075241484,0.49730788604772275,0.0,0.0
6.556057503088586e-06,0.48999908335285147,11.96661773148335,-10.207732304529504,-257.37392615991433,-0.017641310699957124,0.1065543441034401,2.7014540628970596,0.0008274047075417901,0.49730788602821735,0.0,0.0
6.742662966733648e-06,0.48999908333117986,11.966617730950658,-10.207732303934302,-257.37392614499254,-0.017641310700668246,0.10655434409828804,2.7014540627696126,0.00082740470756045,0.49730788600758574,0.0,0.0
6.9345797930453395e-06,0.48999908330825664,11.966617730387206,-10.207732303304747,-257.37392612920894,-0.017641310701420415,0.10655434409283866,2.7014540626348023,0.0008274047075801872,0.4973078859857631,0.0,0.0
7.131959159662437e-06,0.48999908328401004,11.966617729791231,-10.207732302638828,-257.3739261125142,-0.01764131070221606,0.10655434408707447,2.701454062492206,0.0008274047076010643,0.4973078859626804,0.0,0.0
7.334956547202062e-06,0.4899990832583639,11.966617729160857,-10.207732301934477,-257.37392609485545,-0.01764131070305762,0.10655434408097758,2.7014540623413805,0.0008274047076231469,0.4973078859382648,0.0,0.0
7.543731861735561e-06,0.48999908323123637,11.966617728494073,-10.207732301189452,-257.373926076177,-0.01764131070394773,0.10655434407452861,2.701454062181843,0.0008274047076465039,0.4973078859124401,0.0,0.0
7.758449560750557e-06,0.4899990832025429,11.966617727788787,-10.207732300401414,-257.3739260564205,-0.017641310704889304,0.10655434406770736,2.7014540620130982,0.0008274047076712098,0.49730788588512403,0.0,0.0
7.979278782698142e-06,0.4899990831721928,11.966617727042783,-10.20773229956788,-257.3739260355231,-0.017641310705885194,0.10655434406049222,2.7014540618346072,0.0008274047076973421,0.49730788585623104,0.0,0.0
8.206393480227446e-06,0.4899990831400904,11.966617726253718,-10.207732298686208,-257.373926013419,-0.01764131070693856,0.10655434405286061,2.7014540616458165,0.000827404707724983,0.4973078858256697,0.0,0.0
8.43997255721239e-06,0.4899990831061343,11.966617725419084,-10.207732297753642,-257.3739259900391,-0.017641310708052794,0.1065543440447883,2.701454061446123,0.0008274047077542194,0.497307885793344,0.0,0.0
8.680200009678792e-06,0.4899990830702183,11.966617724536267,-10.207732296767235,-257.37392596530873,-0.017641310709231344,0.10655434403624986,2.701454061234898,0.000827404707785145,0.49730788575915186,0.0,0.0
8.927265070742531e-06,0.4899990830322281,11.966617723602475,-10.207732295723869,-257.3739259391512,-0.017641310710477927,0.10655434402721853,2.7014540610114794,0.0008274047078178551,0.49730788572298545,0.0,0.0
9.181362359673182e-06,0.48999908299204464,11.966617722614771,-10.207732294620275,-257.3739259114832,-0.017641310711796487,0.10655434401766582,2.7014540607751636,0.000827404707852454,0.49730788568473105,0.0,0.0
9.442692035200451e-06,0.48999908294954136,11.96661772157004,-10.207732293452953,-257.3739258822177,-0.01764131071319119,0.1065543440075615,2.701454060525199,0.000827404707889051,0.497307885644268,0.0,0.0
9.711459953184085e-06,0.48999908290458377,11.966617720464997,-10.207732292218239,-257.3739258512624,-0.01764131071466642,0.10655434399687383,2.7014540602608044,0.0008274047079277605,0.4973078856014686,0.0,0.0
9.987877828771756e-06,0.4899990828570305,11.966617719296154,-10.207732290912231,-257.3739258185199,-0.01764131071622681,0.106554343985569,2.7014540599811436,0.0008274047079687049,0.4973078855561983,0.0,0.0
1.0272163403172267e-05,0.4899990828067318,11.966617718059814,-10.207732289530824,-257.37392578388705,-0.017641310717877286,0.10655434397361155,2.7014540596853394,0.0008274047080120136,0.49730788550831423,0.0,0.0
1.0564540615175633e-05,0.48999908275352927,11.966617716752095,-10.207732288069655,-257.37392574725436,-0.017641310719623063,0.10655434396096367,2.701454059372456,0.0008274047080578226,0.4973078854576657,0.0,0.0
1.0865239777555338e-05,0.489999082697255,11.966617715368885,-10.207732286524134,-257.37392570850716,-0.01764131072146964,0.1065543439475856,2.701454059041504,0.0008274047081062765,0.4973078854040924,0.0,0.0
1.1174497758491336e-05,0.4899990826377313,11.966617713905816,-10.207732284889362,-257.37392566752266,-0.01764131072342282,0.1065543439334351,2.7014540586914477,0.0008274047081575279,0.4973078853474265,0.0,0.0
1.1492558168156995e-05,0.48999908257477104,11.966617712358252,-10.207732283160226,-257.3739256241716,-0.017641310725488756,0.1065543439184676,2.701454058321179,0.0008274047082117384,0.4973078852874887,0.0,0.0
1.1819671550616871e-05,0.48999908250817575,11.966617710721353,-10.207732281331245,-257.37392557831816,-0.017641310727674036,0.10655434390263599,2.7014540579295314,0.0008274047082690786,0.49730788522409025,0.0,0.0
1.2156095581186507e-05,0.4899990824377353,11.966617708989942,-10.207732279396664,-257.37392552981674,-0.01764131072998538,0.1065543438858903,2.7014540575152735,0.0008274047083297289,0.4973078851570318,0.0,0.0
1.2502095269409549e-05,0.4899990823632282,11.966617707158564,-10.207732277350392,-257.37392547851545,-0.017641310732430256,0.10655434386817778,2.7014540570770964,0.0008274047083938825,0.49730788508610113,0.0,0.0
1.2857943167812487e-05,0.4899990822844192,11.966617705221445,-10.207732275185977,-257.3739254242516,-0.017641310735016288,0.10655434384944251,2.701454056613622,0.0008274047084617387,0.4973078850110756,0.0,0.0
1.3223919586600963e-05,0.4899990822010603,11.966617703172508,-10.207732272896585,-257.37392536685525,-0.017641310737751593,0.10655434382962561,2.7014540561233886,0.0008274047085335133,0.4973078849317179,0.0,0.0
1.360031281446697e-05,0.48999908211288806,11.966617701005243,-10.207732270475022,-257.37392530614494,-0.017641310740644813,0.1065543438086646,2.701454055604851,0.0008274047086094316,0.4973078848477787,0.0,0.0
1.3987419345681172e-05,0.48999908201962555,11.966617698712868,-10.20773226791366,-257.37392524192944,-0.017641310743705126,0.10655434378649331,2.701454055056373,0.0008274047086897338,0.4973078847589934,0.0,0.0
1.4385544113648672e-05,0.489999081920978,11.966617696288136,-10.207732265204392,-257.3739251740067,-0.017641310746942092,0.10655434376304196,2.7014540544762298,0.0008274047087746713,0.49730788466508147,0.0,0.0
1.4795000731112636e-05,0.48999908181663526,11.966617693723398,-10.207732262338709,-257.3739251021616,-0.01764131075036598,0.10655434373823658,2.701454053862591,0.0008274047088645135,0.4973078845657477,0.0,0.0
1.5216111737194851e-05,0.4899990817062679,11.966617691010597,-10.207732259307573,-257.37392502616916,-0.017641310753987532,0.10655434371199911,2.701454053213522,0.0008274047089595426,0.49730788446067886,0.0,0.0
1.5649208851467664e-05,0.4899990815895284,11.966617688141149,-10.207732256101425,-257.373924945789,-0.017641310757818173,0.10655434368424672,2.7014540525269783,0.0008274047090600582,0.4973078843495433,0.0,0.0
1.609463323525789e-05,0.4899990814660486,11.966617685106046,-10.20773225271017,-257.37392486076754,-0.01764131076186996,0.10655434365489211,2.701454051800795,0.0008274047091663773,0.4973078842319916,0.0,0.0
1.6552735760387945e-05,0.4899990813354402,11.966617681895704,-10.207732249123113,-257.373924770838,-0.01764131076615573,0.1065543436238426,2.701454051032687,0.0008274047092788353,0.497307884107653,0.0,0.0
1.7023877285566182e-05,0.4899990811972906,11.966617678500011,-10.207732245328964,-257.3739246757157,-0.017641310770688923,0.10655434359100036,2.7014540502202324,0.0008274047093977861,0.49730788397613523,0.0,0.0
1.7508428940644423e-05,0.4899990810511647,11.966617674908264,-10.207732241315751,-257.3739245751016,-0.01764131077548385,0.106554343556262,2.7014540493608674,0.0008274047095236042,0.49730788383702396,0.0,0.0
1.8006772418966018e-05,0.48999908089660177,11.966617671109134,-10.207732237070829,-257.37392446867887,-0.017641310780555565,0.10655434351951794,2.701454048451888,0.0008274047096566865,0.49730788368988144,0.0,0.0
1.851930027803517e-05,0.48999908073311554,11.966617667090667,-10.207732232580824,-257.3739243561108,-0.017641310785920204,0.10655434348065243,2.701454047490424,0.0008274047097974534,0.49730788353424327,0.0,0.0
1.9046416248744217e-05,0.48999908056018987,11.966617662840173,-10.207732227831569,-257.373924237044,-0.017641310791594512,0.10655434343954293,2.701454046473452,0.0008274047099463465,0.49730788336961895,0.0,0.0
1.958853555340248e-05,0.4899990803772803,11.966617658344296,-10.207732222808124,-257.37392411110255,-0.017641310797596448,0.10655434339605997,2.7014540453977602,0.0008274047101038371,0.49730788319549,0.0,0.0
2.0146085232817037e-05,0.48999908018381005,11.96661765358883,-10.207732217494641,-257.3739239778898,-0.017641310803944914,0.1065543433500664,2.701454044259963,0.0008274047102704201,0.49730788301130735,0.0,0.0
2.0719504482683542e-05,0.4899990799791695,11.966617648558804,-10.207732211874369,-257.3739238369855,-0.01764131081065993,0.10655434330141744,2.7014540430564753,0.0008274047104466206,0.49730788281649063,0.0,0.0
2.1309244999551478e-05,0.489999079762714,11.966617643238346,-10.207732205929611,-257.37392368794656,-0.0176413108177626,0.10655434324995966,2.701454041783503,0.0008274047106329952,0.49730788261042613,0.0,0.0
2.1915771336636564e-05,0.48999907953376104,11.966617637610725,-10.207732199641619,-257.3739235303023,-0.017641310825275393,0.10655434319553084,2.7014540404370333,0.0008274047108301299,0.49730788239246415,0.0,0.0
2.253956126976109e-05,0.48999907929158915,11.966617631658176,-10.207732192990584,-257.37392336355606,-0.017641310833221915,0.10655434313795958,2.7014540390128237,0.0008274047110386464,0.4973078821619179,0.0,0.0
2.3181106173709626e-05,0.48999907903543516,11.966617625361964,-10.207732185955555,-257.3739231871834,-0.01764131084162729,0.10655434307706425,2.701454037506385,0.0008274047112592018,0.49730788191806036,0.0,0.0
2.3840911409297112e-05,0.48999907876449167,11.96661761870222,-10.207732178514336,-257.3739230006267,-0.017641310850517906,0.1065543430126531,2.7014540359129686,0.0008274047114924912,0.497307881660124,0.0,0.0
2.4519496721454177e-05,0.4899990784779051,11.966617611657961,-10.2077321706435,-257.3739228032991,-0.01764131085992187,0.10655434294452315,2.701454034227558,0.00082740471173925,0.4973078813872955,0.0,0.0
2.5217396648642885e-05,0.489999078174772,11.966617604206998,-10.207732162318221,-257.3739225945786,-0.017641310869868778,0.10655434287245957,2.7014540324448344,0.0008274047120002552,0.49730788109871416,0.0,0.0
2.593516094392622e-05,0.4899990778541372,11.966617596325843,-10.207732153512278,-257.37392237380726,-0.01764131088038996,0.10655434279623532,2.7014540305591863,0.0008274047122763308,0.4973078807934716,0.0,0.0
2.667335500802206e-05,0.48999907751499017,11.966617587989667,-10.207732144197905,-257.3739221402899,-0.01764131089151859,0.10655434271561015,2.7014540285646653,0.0008274047125683457,0.4973078804706055,0.0,0.0
2.743256033468315e-05,0.4899990771562622,11.966617579172192,-10.207732134345765,-257.37392189328966,-0.017641310903289797,0.10655434263033003,2.701454026454988,0.0008274047128772205,0.4973078801290982,0.0,0.0
2.821337496875447e-05,0.4899990767768222,11.966617569845623,-10.207732123924789,-257.37392163202855,-0.01764131091574056,0.10655434254012608,2.7014540242235063,0.0008274047132039282,0.4973078797678738,0.0,0.0
2.9016413977267764e-05,0.4899990763754752,11.96661755998057,-10.20773211290215,-257.3739213556834,-0.017641310928910237,0.1065543424447142,2.70145402186319,0.0008274047135494981,0.4973078793857932,0.0,0.0
2.9842309933945116e-05,0.48999907595095554,11.966617549545962,-10.207732101243094,-257.3739210633832,-0.01764131094284029,0.10655434234379355,2.701454019366596,0.0008274047139150213,0.497307878981653,0.0,0.0
3.0691713417492957e-05,0.48999907550192584,11.966617538508878,-10.207732088910905,-257.3739207542062,-0.017641310957574596,0.10655434223704605,2.7014540167258576,0.0008274047143016481,0.49730787855417935,0.0,0.0
3.156529352407911e-05,0.48999907502697115,11.966617526834563,-10.207732075866698,-257.37392042717903,-0.01764131097315958,0.10655434212413542,2.7014540139326533,0.0008274047147105968,0.49730787810202487,0.0,0.0
3.246373839439611e-05,0.4899990745245942,11.96661751448621,-10.207732062069361,-257.37392008126994,-0.017641310989644433,0.10655434200470572,2.7014540109781775,0.000827404715143157,0.4973078776237646,0.0,0.0
3.338775575572711e-05,0.4899990739932115,11.966617501424919,-10.207732047475425,-257.37391971538995,-0.017641311007080985,0.1065543418783806,2.701454007853122,0.0008274047156006917,0.4973078771178913,0.0,0.0
3.433807347944e-05,0.48999907343114885,11.966617487609522,-10.207732032038885,-257.373919328385,-0.017641311025524294,0.10655434174476192,2.7014540045476414,0.0008274047160846429,0.4973078765828111,0.0,0.0
3.531544015434949e-05,0.4899990728366351,11.966617472996466,-10.207732015711095,-257.37391891903604,-0.017641311045032467,0.10655434160342861,2.7014540010513106,0.0008274047165965353,0.4973078760168369,0.0,0.0
3.632062567639947e-05,0.48999907220779637,11.966617457539709,-10.207731998440604,-257.37391848605284,-0.017641311065666982,0.1065543414539353,2.7014539973531133,0.0008274047171379824,0.4973078754181855,0.0,0.0
3.7354421855128875e-05,0.48999907154265054,11.966617441190548,-10.207731980172971,-257.37391802807076,-0.01764131108749285,0.10655434129581073,2.7014539934413992,0.0008274047177106912,0.4973078747849706,0.0,0.0
3.8417643037399724e-05,0.4899990708391016,11.96661742389743,-10.207731960850637,-257.3739175436465,-0.017641311110578834,0.10655434112855669,2.7014539893038365,0.0008274047183164656,0.4973078741151962,0.0,0.0
3.95111267488784e-05,0.48999907009493276,11.966617405605877,-10.207731940412714,-257.373917031253,-0.017641311134997763,0.10655434095164593,2.701453984927388,0.0008274047189572148,0.4973078734067518,0.0,0.0
4.063573435377506e-05,0.4899990693077982,11.96661738625823,-10.207731918794769,-257.3739164892763,-0.017641311160826498,0.10655434076452114,2.701453980298259,0.000827404719634959,0.49730787265740384,0.0,0.0
4.1792351733362016e-05,0.4899990684752173,11.966617365793523,-10.207731895928688,-257.3739159160075,-0.017641311188146488,0.10655434056659238,2.7014539754018605,0.0008274047203518337,0.4973078718647915,0.0,0.0
4.2981889983804156e-05,0.4899990675945667,11.966617344147279,-10.207731871742412,-257.37391530964055,-0.017641311217043876,0.10655434035723602,2.7014539702227642,0.0008274047211100977,0.49730787102641666,0.0,0.0
4.420528613385168e-05,0.48999906666306997,11.966617321251247,-10.207731846159707,-257.3739146682643,-0.017641311247609648,0.10655434013579212,2.701453964744642,0.0008274047219121409,0.4973078701396374,0.0,0.0
4.546350388296139e-05,0.4899990656777924,11.966617297033286,-10.20773181909995,-257.37391398985744,-0.017641311279940213,0.10655433990156296,2.701453958950237,0.0008274047227604911,0.4973078692016585,0.0,0.0
4.675753436042629e-05,0.48999906463562876,11.966617271417078,-10.207731790477858,-257.3739132722819,-0.017641311314137376,0.10655433965381014,2.7014539528212826,0.0008274047236578224,0.49730786820952433,0.0,0.0
4.808839690611274e-05,0.4899990635332946,11.966617244321888,-10.207731760203243,-257.37391251327585,-0.01764131135030901,0.10655433939175314,2.701453946338467,0.0008274047246069617,0.4973078671601083,0.0,0.0
4.945713987341975e-05,0.48999906236731516,11.966617215662307,-10.207731728180681,-257.3739117104483,-0.01764131138856901,0.10655433911456587,2.701453939481355,0.0008274047256109008,0.4973078660501029,0.0,0.0
5.0864841455093035e-05,0.48999906113401687,11.966617185348035,-10.207731694309254,-257.37391086126763,-0.01764131142903803,0.10655433882137492,2.7014539322283437,0.0008274047266728043,0.49730786487600936,0.0,0.0
5.2312610532543714e-05,0.4899990598295124,11.966617153283533,-10.207731658482212,-257.37390996305885,-0.01764131147184357,0.10655433851125616,2.701453924556566,0.0008274047277960174,0.4973078636341287,0.0,0.0
5.38015875493423e-05,0.48999905844969077,11.966617119367738,-10.207731620586667,-257.3739090129911,-0.017641311517120502,0.10655433818323236,2.701453916441854,0.000827404728984081,0.4973078623205461,0.0,0.0
5.533294540957405e-05,0.4899990569902036,11.966617083493786,-10.207731580503157,-257.3739080080697,-0.01764131156501161,0.10655433783626962,2.701453907858623,0.0008274047302407392,0.4973078609311222,0.0,0.0
5.6907890401764265e-05,0.48999905544645106,11.96661704554861,-10.207731538105389,-257.3739069451285,-0.017641311615667756,0.1065543374692746,2.701453898779831,0.0008274047315699514,0.4973078594614783,0.0,0.0
5.852766314910223e-05,0.4899990538135682,11.966617005412608,-10.207731493259717,-257.3739058208162,-0.017641311669248604,0.10655433708109062,2.7014538891768645,0.0008274047329759082,0.4973078579069825,0.0,0.0
6.01935395867105e-05,0.48999905208640837,11.966616962959302,-10.20773144582483,-257.3739046315909,-0.017641311725922995,0.10655433667049434,2.7014538790194575,0.0008274047344630391,0.4973078562627359,0.0,0.0
6.190683196673063e-05,0.489999050259529,11.966616918054907,-10.207731395651237,-257.3739033737034,-0.01764131178586959,0.10655433623619186,2.7014538682755997,0.0008274047360360317,0.4973078545235567,0.0,0.0
6.366888989201686e-05,0.48999904832717245,11.966616870557893,-10.207731342580807,-257.37390204319115,-0.017641311849277256,0.10655433577681432,2.701453856911432,0.000827404737699843,0.497307852683964,0.0,0.0
6.548110137925122e-05,0.48999904628324886,11.966616820318572,-10.207731286446288,-257.37390063585957,-0.017641311916345822,0.106554335290914,2.7014538448911405,0.0008274047394597156,0.49730785073815964,0.0,0.0
6.73448939523194e-05,0.48999904412131673,11.966616767178648,-10.20773122707077,-257.3738991472741,-0.017641311987286676,0.10655433477695966,2.701453832176842,0.0008274047413211981,0.49730784868001215,0.0,0.0
6.926173576680631e-05,0.48999904183456267,11.966616710970605,-10.207731164267138,-257.3738975727432,-0.0176413120623234,0.1065543342333315,2.7014538187284662,0.0008274047432901546,0.4973078465030353,0.0,0.0
7.123313676649825e-05,0.48999903941578016,11.966616651517322,-10.207731097837451,-257.37389590730476,-0.017641312141692487,0.10655433365831635,2.701453804503632,0.0008274047453727919,0.49730784420036744,0.0,0.0
7.326064987280371e-05,0.489999036857346,11.966616588631434,-10.207731027572377,-257.3738941457102,-0.017641312225644017,0.10655433305010185,2.701453789457508,0.000827404747575673,0.49730784176475235,0.0,0.0
7.534587220802769e-05,0.48999903415119717,11.966616522114752,-10.207730953250442,-257.37389228240767,-0.01764131231444259,0.10655433240677138,2.7014537735426796,0.0008274047499057395,0.49730783918851384,0.0,0.0
7.749044635346445e-05,0.4899990312888063,11.966616451757641,-10.207730874637441,-257.3738903115252,-0.017641312408368116,0.10655433172629743,2.701453756708989,0.0008274047523703363,0.497307836463533,0.0,0.0
7.969606164329965e-05,0.4899990282611507,11.966616377338369,-10.207730791485629,-257.3738882268513,-0.017641312507716517,0.10655433100653547,2.7014537389033824,0.0008274047549772284,0.4973078335812216,0.0,0.0
8.19644554953408e-05,0.48999902505869014,11.966616298622403,-10.207730703532937,-257.37388602181613,-0.017641312612800875,0.10655433024521714,2.7014537200697477,0.000827404757734634,0.497307830532497,0.0,0.0
8.429741477962369e-05,0.4899990216713316,11.966616215361686,-10.207730610502184,-257.37388368947006,-0.01764131272395245,0.10655432943994311,2.701453700148729,0.0008274047606512413,0.49730782730775047,0.0,0.0
8.669677722597519e-05,0.4899990180883996,11.966616127293802,-10.207730512100184,-257.37388122246375,-0.01764131284152151,0.10655432858817565,2.701453679077546,0.0008274047637362431,0.49730782389681844,0.0,0.0
8.916443287163803e-05,0.48999901429860243,11.966616034141216,-10.20773040801683,-257.3738786130215,-0.01764131296587855,0.10655432768723033,2.7014536567897878,0.000827404766999361,0.49730782028895254,0.0,0.0
9.17023255500995e-05,0.48999901028999676,11.96661593561034,-10.207730297924082,-257.3738758529198,-0.017641313097415543,0.10655432673426778,2.701453633215224,0.0008274047704508787,0.4973078164727817,0.0,0.0
9.431245442229824e-05,0.48999900604994906,11.966615831390662,-10.207730181475005,-257.3738729334601,-0.017641313236546927,0.10655432572628468,2.701453608279551,0.0008274047741016749,0.49730781243627986,0.0,0.0
9.699687555141212e-05,0.48999900156509685,11.966615721153717,-10.207730058302579,-257.37386984544173,-0.017641313383711256,0.10655432466010453,2.701453581904184,0.0008274047779632537,0.49730780816672543,0.0,0.0
9.975770352247041e-05,0.4899989968213061,11.966615604552132,-10.207729928018653,-257.3738665791328,-0.01764131353937229,0.1065543235323671,2.701453554006006,0.0008274047820477862,0.4973078036506629,0.0,0.0
0.0001025971131080648,0.48999899180362666,11.966615481218403,-10.207729790212623,-257.3738631242397,-0.017641313704020667,0.10655432233951828,2.7014535244970865,0.0008274047863681445,0.4973077988738602,0.0,0.0
0.00010551734098147142,0.48999898649624535,11.966615350763835,-10.207729644450202,-257.3738594698739,-0.017641313878175177,0.10655432107779884,2.7014534932844385,0.0008274047909379435,0.4973077938212626,0.0,0.0
0.00010852068747853394,0.48999898088243576,11.96661521277731,-10.207729490271984,-257.3738556045188,-0.01764131406238472,0.10655431974323264,2.7014534602696845,0.0008274047957715861,0.4973077884769467,0.0,0.0
0.00011160951840969542,0.4899989749445061,11.966615066823978,-10.207729327192096,-257.3738515159924,-0.017641314257229843,0.10655431833161347,2.7014534253487863,0.0008274048008843054,0.4973077828240703,0.0,0.0
0.00011478626692360511,0.48999896866374265,11.96661491244384,-10.207729154696592,-257.3738471914103,-0.017641314463324554,0.10655431683849276,2.701453388411688,0.000827404806292214,0.4973077768448178,0.0,0.0
0.00011805343542377077,0.48999896202035115,11.966614749150368,-10.20772897224184,-257.373842617143,-0.01764131468131844,0.10655431525916483,2.7014533493419783,0.0008274048120123541,0.4973077705203461,0.0,0.0
0.00012141359753976303,0.4899989549933956,11.96661457642895,-10.207728779252847,-257.37383777877443,-0.017641314911898447,0.10655431358865242,2.7014533080165295,0.0008274048180627545,0.49730776383072284,0.0,0.0
0.000124869400154528,0.4899989475607301,11.96661439373525,-10.207728575121392,-257.3738326610568,-0.017641315155791305,0.10655431182169094,2.701453264305105,0.0008274048244624823,0.49730775675486627,0.0,0.0
0.00012842356548940176,0.48999893969893044,11.966614200493494,-10.207728359204157,-257.37382724786175,-0.017641315413765603,0.10655430995271183,2.7014532180699486,0.0008274048312317063,0.49730774927047605,0.0,0.0
0.0001320788932484723,0.4899989313832201,11.966613996094686,-10.207728130820682,-257.37382152212854,-0.017641315686634303,0.10655430797582492,2.7014531691653483,0.0008274048383917591,0.497307741353966,0.0,0.0
0.00013583826282397506,0.4899989225873917,11.966613779894674,-10.207727889251201,-257.37381546581344,-0.01764131597525749,0.10655430588479992,2.701453117437182,0.0008274048459652074,0.49730773298038583,0.0,0.0
0.00013970463556446213,0.48999891328372575,11.966613551212085,-10.207727633734413,-257.37380905982945,-0.017641316280544682,0.10655430367304694,2.7014530627224227,0.000827404853975919,0.49730772412334723,0.0,0.0
0.00014368105710752977,0.48999890344290103,11.966613309326236,-10.207727363465041,-257.37380228398854,-0.017641316603458034,0.10655430133359577,2.7014530048486427,0.0008274048624491385,0.4973077147549361,0.0,0.0
0.00014777065977894196,0.4899988930339045,11.966613053474807,-10.207727077591352,-257.37379511693564,-0.017641316945015154,0.1065542988590736,2.7014529436334493,0.0008274048714115702,0.49730770484562925,0.0,0.0
0.00015197666506004215,0.4899988820239314,11.96661278285148,-10.207726775212386,-257.37378753608465,-0.01764131730629245,0.10655429624168193,2.701452878883921,0.0008274048808914584,0.49730769436419564,0.0,0.0
0.0001563023861253926,0.48999887037828416,11.96661249660338,-10.207726455375212,-257.3737795175441,-0.01764131768842856,0.10655429347317177,2.7014528103960003,0.0008274048909186798,0.4973076832776037,0.0,0.0
0.00016075123045264548,0.48999885806026183,11.966612193828409,-10.207726117071857,-257.37377103604297,-0.01764131809262781,0.10655429054481844,2.701452737953846,0.0008274049015248368,0.4973076715509144,0.0,0.0
0.000165326702506696,0.4899988450310436,11.966611873572349,-10.207725759236132,-257.3737620648526,-0.01764131852016396,0.10655428744739304,2.70145266132916,0.0008274049127433526,0.49730765914717023,0.0,0.0
0.00017003240650023758,0.48999883124956717,11.966611534825924,-10.207725380740339,-257.37375257569937,-0.017641318972384443,0.10655428417113409,2.701452580280452,0.000827404924609584,0.4973076460272811,0.0,0.0
0.0001748720492328882,0.48999881667240097,11.966611176521562,-10.207724980391639,-257.37374253867875,-0.01764131945071439,0.10655428070571635,2.7014524945522975,0.0008274049371609265,0.49730763214989915,0.0,0.0
0.00017984944301112964,0.4899988012536044,11.96661079753006,-10.20772455692832,-257.37373192215824,-0.017641319956661346,0.10655427704021858,2.7014524038745265,0.0008274049504369371,0.4973076174712899,0.0,0.0
0.00018496850865135428,0.48999878494458504,11.966610396657053,-10.207724109015844,-257.3737206926809,-0.01764132049181974,0.10655427316308891,2.701452307961367,0.0008274049644794545,0.49730760194519363,0.0,0.0
0.00019023327856839087,0.48999876769394535,11.966609972639153,-10.207723635242623,-257.37370881485634,-0.01764132105787613,0.10655426906210858,2.7014522065105475,0.0008274049793327344,0.49730758552267945,0.0,0.0
0.00019564789995193594,0.48999874944731936,11.96660952414006,-10.20772313411552,-257.3736962512508,-0.017641321656614476,0.10655426472435309,2.701452099202343,0.0008274049950435862,0.497307568151992,0.0,0.0
0.00020121663803339957,0.48999873014720263,11.966609049746355,-10.207722604055268,-257.3736829622709,-0.017641322289921706,0.10655426013615232,2.7014519856985713,0.0008274050116615249,0.4973075497783878,0.0,0.0
0.00020694387944573218,0.48999870973277104,11.966608547962982,-10.20772204339135,-257.37366890603647,-0.01764132295979367,0.10655425528304627,2.7014518656415247,0.0008274050292389201,0.49730753034396163,0.0,0.0
0.00021283413567888562,0.4899986881396881,11.96660801720854,-10.207721450356859,-257.3736540382489,-0.017641323668341462,0.1065542501497406,2.7014517386528487,0.0008274050478311686,0.49730750978746585,0.0,0.0
0.00021889204663362387,0.4899986652999035,11.966607455810381,-10.207720823082832,-257.37363831205187,-0.017641324417798157,0.10655424472005738,2.70145160433233,0.0008274050674968632,0.49730748804411706,0.0,0.0
0.0002251223842764894,0.48999864114143726,11.96660686199924,-10.207720159592412,-257.3736216778853,-0.017641325210525593,0.10655423897688515,2.7014514622566583,0.0008274050882979814,0.49730746504539053,0.0,0.0
0.00023153005639879866,0.4899986155881536,11.966606233903711,-10.207719457794607,-257.37360408332546,-0.01764132604902207,0.10655423290212418,2.701451311978083,0.0008274051103000783,0.4973074407188062,0.0,0.0
0.00023812011048263045,0.4899985885595227,11.966605569544395,-10.207718715477702,-257.37358547292376,-0.017641326935930145,0.10655422647663006,2.701451153023005,0.0008274051335724937,0.49730741498769826,0.0,0.0
0.00024489773767685395,0.4899985599703619,11.966604866827524,-10.207717930302293,-257.3735657880293,-0.017641327874044866,0.10655421968015255,2.70145098489047,0.0008274051581885711,0.49730738777097555,0.0,0.0
0.0002518682768863234,0.4899985297305738,11.966604123538493,-10.20771709979388,-257.3735449666053,-0.01764132886632274,0.10655421249127278,2.7014508070506165,0.000827405184225888,0.49730735898286443,0.0,0.0
0.00025903721897746815,0.4899984977448574,11.966603337334828,-10.207716221335147,-257.37352294303304,-0.017641329915890843,0.10655420488733483,2.7014506189429754,0.000827405211766501,0.4973073285326391,0.0,0.0
0.00026641021110358136,0.48999846391240964,11.96660250573881,-10.207715292157603,-257.37349964790536,-0.017641331026057052,0.10655419684437503,2.7014504199747282,0.0008274052408972067,0.49730729632433623,0.0,0.0
0.0002739930611532253,0.48999842812660777,11.966601626129652,-10.207714309332989,-257.37347500780805,-0.017641332200319916,0.10655418833704598,2.7014502095188293,0.0008274052717098083,0.49730726225645067,0.0,0.0
0.00028179174232524683,0.4899983902746737,11.966600695735329,-10.207713269763921,-257.37344894508703,-0.01764133344238021,0.10655417933853699,2.70144998691203,0.0008274053043014142,0.4973072262216188,0.0,0.0
0.00028981239783401586,0.48999835023731625,11.966599711623651,-10.2077121701742,-257.3734213776071,-0.017641334756152195,0.10655416982048921,2.70144975145278,0.000827405338774736,0.49730718810627605,0.0,0.0
0.00029806134574858587,0.48999830788835846,11.966598670693221,-10.20771100709848,-257.37339221848885,-0.017641336145776294,0.10655415975290661,2.7014495023990355,0.0008274053752384184,0.4973071477903029,0.0,0.0
0.0003065450839695952,0.489998263094338,11.966597569663543,-10.207709776871354,-257.37336137583804,-0.017641337615631855,0.10655414910406129,2.701449238965902,0.000827405413807375,0.4973071051466436,0.0,0.0
0.0003152702953478224,0.4899982157140875,11.966596405064767,-10.207708475615764,-257.37332875245426,-0.017641339170351173,0.1065541378403937,2.701448960323184,0.0008274054546031585,0.4973070600409075,0.0,0.0
0.0003242438529484356,0.48999816559828824,11.966595173226647,-10.207707099230829,-257.37329424552536,-0.017641340814833827,0.10655412592640633,2.7014486655927317,0.0008274054977543359,0.49730701233094454,0.0,0.0
0.00033347282546507376,0.4899981125890013,11.966593870267072,-10.207705643378908,-257.3732577463035,-0.017641342554262494,0.1065541133245526,2.7014483538457092,0.0008274055433968994,0.4973069618663971,0.0,0.0
0.00034296448278803423,0.4899980565191687,11.966592492079796,-10.2077041034719,-257.37321913976245,-0.017641344394118904,0.10655409999511781,2.701448024099657,0.0008274055916746915,0.49730690848822756,0.0,0.0
0.00035272630173094306,0.48999799721208837,11.966591034321498,-10.207702474656832,-257.37317830423433,-0.017641346340201362,0.10655408589609498,2.701447675315381,0.0008274056427398606,0.4973068520282156,0.0,0.0
0.0003627659719204284,0.4899979344808539,11.966589492398048,-10.207700751800518,-257.3731351110268,-0.01764134839864289,0.10655407098305072,2.701447306393699,0.0008274056967533399,0.4973067923084285,0.0,0.0
0.00037309140185342915,0.4899978681277702,11.966587861450153,-10.207698929473432,-257.3730894240178,-0.01764135057593065,0.1065540552089874,2.7014469161719643,0.0008274057538853524,0.49730672914066093,0.0,0.0
0.00038371072512691267,0.4899977979437273,11.96658613633791,-10.207697001932564,-257.373041099226,-0.01764135287892627,0.10655403852419333,2.7014465034203985,0.0008274058143159495,0.49730666232584186,0.0,0.0
0.00039463230684491326,0.48999772370754213,11.966584311624654,-10.20769496310336,-257.3729899843578,-0.01764135531488769,0.10655402087608687,2.701446066838231,0.0008274058782355806,0.49730659165340624,0.0,0.0
0.0004058647502079287,0.48999764518526145,11.966582381559904,-10.20769280656047,-257.3729359183255,-0.017641357891491675,0.1065540022090508,2.701445605049591,0.0008274059458456873,0.4973065169006317,0.0,0.0
0.0004174169032898778,0.4899975621294255,11.966580340061116,-10.20769052550768,-257.37287873074325,-0.017641360616858403,0.10655398246425632,2.701445116599162,0.0008274060173593449,0.497306437831938,0.0,0.0
0.0004292978660079439,0.48999747427828794,11.966578180694595,-10.207688112756319,-257.3728182413862,-0.01764136349957673,0.1065539615794787,2.701444599947619,0.0008274060930019277,0.4973063541981435,0.0,0.0
0.0004415169972908087,0.489997381354988,11.966575896655158,-10.207685560702727,-257.3727542596254,-0.0176413665487314,0.10655393948890036,2.701444053466748,0.0008274061730118245,0.49730626573567976,0.0,0.0
0.00045408392245090877,0.48999728306668333,11.966573480744804,-10.207682861304233,-257.372686583825,-0.017641369773931843,0.10655391612290392,2.7014434754343464,0.000827406257641188,0.49730617216576145,0.0,0.0
0.0004670085407665358,0.48999717910362306,11.966570925349867,-10.207680006053826,-257.3726150007088,-0.017641373185342087,0.10655389140785282,2.701442864028775,0.0008274063471567264,0.49730607319350734,0.0,0.0
0.0004803010332797402,0.48999706913817265,11.96656822241719,-10.20767698595337,-257.37253928468635,-0.017641376793712953,0.10655386526585854,2.7014422173232107,0.0008274064418405486,0.4973059685070123,0.0,0.0
0.0004939718708161937,0.4899969528237827,11.966565363428636,-10.207673791485172,-257.37245919714377,-0.01764138061041617,0.10655383761453636,2.7014415332796142,0.0008274065419910519,0.49730585777636255,0.0,0.0
0.0005080318222333142,0.4899968297938959,11.966562339374278,-10.2076704125821,-257.3723744856907,-0.017641384647479854,0.10655380836674487,2.7014408097422575,0.0008274066479238601,0.4973057406525979,0.0,0.0
0.0005224919629031658,0.48999669966079207,11.966559140724016,-10.2076668385958,-257.37228488336444,-0.01764138891762658,0.10655377743031169,2.701440044430965,0.0008274067599728205,0.4973056167666107,0.0,0.0
0.000537363683436799,0.4899965620143653,11.966555757397508,-10.207663058263105,-257.37219010778995,-0.017641393434313393,0.10655374470774277,2.701439234933913,0.0008274068784910557,0.4973054857279832,0.0,0.0
0.0005526586986569221,0.48999641642083397,11.966552178732517,-10.207659059670624,-257.3720898602915,-0.017641398211774458,0.10655371009591562,2.701438378700036,0.000827407003852076,0.4973053471237574,0.0,0.0
0.0005683890568259543,0.48999626242137295,11.966548393451156,-10.207654830217152,-257.37198382494665,-0.01764140326506557,0.10655367348575398,2.7014374730309783,0.0008274071364509563,0.4973052005171336,0.0,0.0
0.00058456714913674,0.4899960995306657,11.966544389624428,-10.20765035657398,-257.3718716675959,-0.01764140861011174,0.10655363476188409,2.7014365150726105,0.0008274072767055807,0.49730504544609466,0.0,0.0
0.0006012057194734015,0.489995927235378,11.966540154634673,-10.207645624642863,-257.37175303478637,-0.017641414263757538,0.10655359380227174,2.7014355018060194,0.0008274074250579622,0.4973048814219491,0.0,0.0
0.000618317874450008,0.4899957449925389,11.966535675135786,-10.207640619511656,-257.3716275526599,-0.017641420243819962,0.10655355047783643,2.7014344300380007,0.0008274075819756323,0.49730470792779163,0.0,0.0
0.0006359170937349853,0.4899955522278305,11.96653093701107,-10.207635325407246,-257.37149482577405,-0.017641426569144525,0.10655350465204645,2.7014332963909933,0.0008274077479531148,0.49730452441687506,0.0,0.0
0.0006540172406693789,0.4899953483337766,11.966525925328918,-10.207629725645965,-257.3713544358567,-0.017641433259664933,0.10655345618048709,2.701432097292442,0.0008274079235134879,0.49730433031088583,0.0,0.0
0.0006726325731873567,0.4899951326678309,11.96652062429561,-10.20762380258088,-257.37120594048776,-0.01764144033646569,0.10655340491040614,2.7014308289635385,0.0008274081092100274,0.49730412499812293,0.0,0.0
0.0006917777550475318,0.48999490455035005,11.966515017205662,-10.207617537546284,-257.3710488717057,-0.017641447821848497,0.10655335068023315,2.7014294874073164,0.0008274083056279517,0.49730390783157175,0.0,0.0
0.000711467867383974,0.4899946632624552,11.966509086389141,-10.207610910798882,-257.37088273453054,-0.017641455739402647,0.10655329331906924,2.7014280683960505,0.0008274085133862728,0.49730367812686266,0.0,0.0
0.0007317184205859866,0.48999440804376404,11.966502813155964,-10.207603901455569,-257.3707070054087,-0.017641464114079342,0.10655323264614949,2.7014265674579447,0.0008274087331397356,0.4973034351601158,0.0,0.0
0.0007525453665160305,0.489994138089995,11.966496177737048,-10.207596487427555,-257.37052113056006,-0.0176414729722702,0.1065531684702732,2.701424979863032,0.0008274089655808889,0.49730317816566216,0.0,0.0
0.0007739651110753956,0.4899938525504358,11.966489159222021,-10.207588645350942,-257.3703245242336,-0.017641482341890547,0.1065531005892009,2.701423300608279,0.0008274092114422673,0.49730290633362706,0.0,0.0
0.0007959945271275413,0.4899935505252598,11.966481735493298,-10.207580350512883,-257.3701165668626,-0.017641492252467233,0.10655302878901812,2.701421524401833,0.0008274094714986952,0.4973026188073821,0.0,0.0
0.0008186509677892636,0.4899932310626937,11.966473883156478,-10.207571576773967,-257.3698966031125,-0.017641502735231945,0.10655295284346061,2.7014196456463155,0.0008274097465697359,0.49730231468084496,0.0,0.0
0.00084195228010018,0.48999289315601763,11.966465577466508,-10.207562296485651,-257.36966393981584,-0.017641513823219185,0.10655287251320172,2.7014176584212244,0.0008274100375222677,0.49730199299562405,0.0,0.0
0.0008659168190812825,0.4899925357403923,11.96645679224989,-10.207552480403283,-257.3694178437883,-0.017641525551370732,0.10655278754509843,2.701415556464259,0.0008274103452732186,0.4973016527379994,0.0,0.0
0.0008905634621936402,0.4899921576895054,11.96644749982201,-10.207542097593915,-257.36915753951934,-0.017641537956645477,0.10655269767139379,2.701413333151592,0.0008274106707924547,0.49730129283573,0.0,0.0
0.0009159116242086486,0.4899917578120237,11.966437670900119,-10.207531115338863,-257.3688822067284,-0.017641551078136055,0.10655260260887328,2.7014109814770144,0.0008274110151058391,0.49730091215467287,0.0,0.0
0.0009419812725015193,0.4899913348478385,11.966427274510991,-10.207519499030612,-257.3685909777818,-0.017641564957191963,0.10655250205797255,2.7014084940298404,0.0008274113792984606,0.4973005094952136,0.0,0.0
0.0009687929427800833,0.48999088746409647,11.966416277893286,-10.207507212063824,-257.36828293495705,-0.017641579637549653,0.10655239570183392,2.7014058629715842,0.0008274117645180569,0.49730008358848415,0.0,0.0
0.0009963677552612693,0.48999041425100004,11.966404646394453,-10.207494215720025,-257.3679571075553,-0.01764159516547057,0.10655228320530777,2.701403080011249,0.0008274121719786291,0.4972996330923673,0.0,0.0
0.0010247274313080297,0.489989913717368,11.96639234336151,-10.207480469045546,-257.3676124688391,-0.017641611589886842,0.10655216421389713,2.7014001363792195,0.0008274126029642698,0.4972991565872676,0.0,0.0
0.0010538943105397878,0.48998938428593514,11.966379330025589,-10.207465928722655,-257.36724793280297,-0.017641628962555347,0.10655203835264059,2.7013970227996364,0.0008274130588332055,0.49729865257164024,0.0,0.0
0.001083891368429919,0.48998882428838664,11.96636556537977,-10.207450548933013,-257.36686235074876,-0.017641647338220736,0.1065519052249316,2.7013937294611527,0.0008274135410220811,0.4972981194572611,0.0,0.0
0.00111474223440409,0.4899882319601011,11.966351006049996,-10.207434281213336,-257.3664545076683,-0.01764166677478802,0.10655176441126875,2.7013902459860675,0.0008274140510504829,0.4972975555642212,0.0,0.0
0.0011464712104537534,0.48998760543459224,11.96633560615838,-10.20741707430281,-257.3660231184168,-0.017641687333504918,0.10655161546793421,2.7013865613976105,0.000827414590525731,0.4972969591156402,0.0,0.0
0.0011791032902794185,0.4899869427376302,11.96631931717866,-10.207398873981592,-257.3655668236651,-0.01764170907915486,0.10655145792559718,2.7013826640853735,0.0008274151611479427,0.49729632823206527,0.0,0.0
0.0012126641789788175,0.48998624178102357,11.966302087783543,-10.207379622900085,-257.36508418561743,-0.017641732080260788,0.10655129128783407,2.7013785417687335,0.000827415764715387,0.49729566092555216,0.0,0.0
0.001247180313295439,0.48998550035604055,11.966283863682767,-10.207359260398185,-257.36457368348334,-0.017641756409301407,0.10655111502956613,2.701374181458186,0.000827416403130158,0.4972949550934058,0.0,0.0
0.0012826788824434148,0.4899847161264545,11.966264587452322,-10.207337722314403,-257.3640337086894,-0.017641782142939173,0.10655092859540505,2.7013695694144344,0.000827417078404161,0.4972942085115549,0.0,0.0
0.0013191878495251283,0.489983886621186,11.966244198353541,-10.20731494078368,-257.36346255981005,-0.01764180936226186,0.10655073139790429,2.701364691105101,0.0008274177926654551,0.49729341882755107,0.0,0.0
0.001356735973558451,0.48998300922652027,11.966222632141783,-10.207290844023747,-257.3628584372143,-0.017641838153037943,0.1065505228157088,2.70135953115898,0.0008274185481649632,0.49729258355315686,0.0,0.0
0.0013953528321309309,0.48998208117787323,11.966199820864109,-10.207265356109042,-257.3622194373935,-0.017641868605986735,0.10655030219159806,2.7013540733176185,0.0008274193472835562,0.4972917000565108,0.0,0.0
0.0014350688446987852,0.4899810995510921,11.966175692645393,-10.207238396731592,-257.3615435469708,-0.017641900817064078,0.10655006883041694,2.701348300384133,0.000827420192539563,0.49729076555384105,0.0,0.0
0.0014759152965490702,0.48998006125324167,11.966150171461894,-10.207209880948216,-257.3608286363619,-0.01764193488776461,0.10654982199688658,2.7013421941690425,0.0008274210865967017,0.4972897771006999,0.0,0.0
0.001517924363443866,0.48997896301286836,11.966123176901897,-10.207179718913054,-257.3600724530655,-0.017641970925441234,0.10654956091328899,2.7013357354330023,0.000827422032272471,0.4972887315826882,0.0,0.0
0.0015611291369659326,0.4899778013696994,11.966094623912584,-10.207147815594658,-257.35927261457806,-0.017642009043643353,0.10654928475701869,2.70132890382623,0.000827423032547033,0.4972876257056574,0.0,0.0
0.001605563650585757,0.4899765726637474,11.966064422532183,-10.207114070476873,-257.35842660088736,-0.017642049362474217,0.10654899265799239,2.701321677824426,0.0008274240905725993,0.49728645598532945,0.0,0.0
0.0016512629064705745,0.4899752730237897,11.96603247760679,-10.207078377242333,-257.3575317465428,-0.0176420920089693,0.10654868369591027,2.7013140346610234,0.0008274252096833674,0.4972852187363334,0.0,0.0
0.0016982629030564294,0.48997389835517896,11.965998688490817,-10.207040623437887,-257.35658523226385,-0.01764213711749607,0.10654835689735888,2.701305950255518,0.000827426393406018,0.49728391006060224,0.0,0.0
0.0017466006634050488,0.4899724443269579,11.965962948730212,-10.20700069012051,-257.35558407606453,-0.017642184830177186,0.10654801123274663,2.7012973991376548,0.0008274276454708343,0.497282525835103,0.0,0.0
0.001796314264367811,0.4899709063582216,11.965925145727281,-10.206958451483098,-257.35452512387155,-0.017642235297337938,0.10654764561306283,2.7012883543672688,0.0008274289698234535,0.49728106169885705,0.0,0.0
0.0018474428665798401,0.48996927960370573,11.965885160386383,-10.206913774458403,-257.353405039594,-0.017642288677979224,0.10654725888645127,2.70127878744949,0.0008274303706372958,0.4972795130392187,0.0,0.0
0.0019000267453077922,0.4899675589385324,11.965842866739148,-10.206866518300325,-257.3522202946287,-0.017642345140278383,0.106546849834584,2.7012686682450564,0.0008274318523267146,0.4972778749773525,0.0,0.0
0.0019541073221756976,0.48996573894208545,11.965798131547947,-10.206816534141087,-257.3509671567538,-0.017642404862118304,0.10654641716882818,2.7012579648755044,0.000827433419560904,0.4972761423528869,0.0,0.0
0.0020097271977937833,0.4899638138809523,11.965750813886736,-10.206763664522777,-257.3496416783861,-0.01764246803164726,0.10654595952619056,2.7012466436228104,0.0008274350772786082,0.49727430970767217,0.0,0.0
0.0020669301853160457,0.4899617776908864,11.965700764697704,-10.206707742901942,-257.3482396841644,-0.017642534847871365,0.10654547546502999,2.7012346688233393,0.0008274368307036835,0.49727237126860724,0.0,0.0
0.0021257613449529415,0.4899596239577266,11.965647826322122,-10.206648593125841,-257.3467567578127,-0.017642605521280337,0.10654496346052107,2.7012220027556273,0.0008274386853615541,0.4972703209294821,0.0,0.0
0.0021862670194664454,0.48995734589722056,11.96559183200466,-10.206586028878187,-257.3451882282476,-0.017642680274510218,0.10654442189985812,2.70120860552173,0.0008274406470966145,0.4972681522317612,0.0,0.0
0.002248494870675386,0.4899549363336865,11.96553260536866,-10.206519853093287,-257.34352915489274,-0.017642759343043556,0.10654384907718198,2.7011944349217276,0.0008274427220906462,0.4972658583442772,0.0,0.0
0.0023124939169998355,0.4899523876774434,11.965469959861519,-10.206449857336288,-257.3417743121356,-0.0176428429759504,0.1065432431882152,2.7011794463209893,0.0008274449168822932,0.4972634320417437,0.0,0.0
0.0023783145720741483,0.48994969190094545,11.965403698168059,-10.206375821147804,-257.33991817290155,-0.017642931436671748,0.10654260232458801,2.701163592509843,0.0008274472383876492,0.4972608656820323,0.0,0.0
0.0024460086844590107,0.4899468405135377,11.965333611590042,-10.20629751135084,-257.33795489127516,-0.017643025003848026,0.10654192446783849,2.701146823555111,0.0008274496939220546,0.4972581511821463,0.0,0.0
0.002515629578483858,0.4899438245347676,11.965259479390111,-10.206214681317777,-257.3358782841244,-0.017643123972195723,0.10654120748306624,2.7011290866431246,0.0008274522912231339,0.4972552799928102,0.0,0.0
0.0025872320962517484,0.4899406344661509,11.96518106809791,-10.206127070195251,-257.3336818116666,-0.0176432286534337,0.10654044911222212,2.7011103259137403,0.0008274550384751662,0.4972522430715933,0.0,0.0
0.002660872640839866,0.48993726026132106,11.965098130776267,-10.206034402084452,-257.33135855691813,-0.017643339377263634,0.10653964696701056,2.7010904822847444,0.0008274579443348673,0.4972490308544906,0.0,0.0
0.0027366092207296035,0.4899336912944555,11.965010406245296,-10.205936385174178,-257.32890120396195,-0.017643456492406447,0.10653879852138588,2.7010694932662,0.0008274610179586532,0.4972456332258717,0.0,0.0
0.0028145014955012993,0.48992991632689287,11.96491761826164,-10.205832710824243,-257.32630201496346,-0.01764358036769823,0.10653790110361473,2.701047292764121,0.0008274642690314786,0.4972420394866944,0.0,0.0
0.002894610822829547,0.48992592347182723,11.964819474650792,-10.205723052596051,-257.3235528058681,-0.017643711393249783,0.10653695188788341,2.7010238108728326,0.0008274677077973375,0.4972382383209011,0.0,0.0
0.0029770003068161762,0.4899217001569707,11.964715666389433,-10.205607065227474,-257.32064492070265,-0.017643849981672156,0.10653594788542278,2.7009989736554245,0.0008274713450915259,0.49723421775987114,0.0,0.0
0.003061734847698896,0.489917233085077,11.964605866635017,-10.20548438354896,-257.3175692043979,-0.017643996569373085,0.10653488593512388,2.7009727029115767,0.0008274751923747633,0.4972299651448447,0.0,0.0
0.003148881192974842,0.4899125081921916,11.964489729699636,-10.205354621337255,-257.314315974054,-0.01764415161792793,0.10653376269361245,2.700944915932038,0.0008274792617692822,0.4972254670871752,0.0,0.0
0.0032385079899792096,0.4899075106035097,11.964366889964978,-10.205217370103407,-257.310874988551,-0.017644315615529232,0.1065325746247562,2.700915525239045,0.0008274835660970009,0.49722070942631164,0.0,0.0
0.0033306858399604834,0.4899022245866929,11.964236960735061,-10.205072197811253,-257.3072354164221,-0.017644489078519635,0.10653131798856692,2.7008844383117805,0.0008274881189198923,0.49721567718535625,0.0,0.0
0.0034254873536947797,0.4898966335025153,11.964099533022818,-10.204918647522174,-257.30338580187794,-0.01764467255301291,0.10652998882946861,2.700851557296135,0.0008274929345826881,0.49721035452408324,0.0,0.0
0.003522987208683143,0.489890719752669,11.963954174267606,-10.20475623596249,-257.29931402888576,-0.01764486661660789,0.10652858296388998,2.700816778697778,0.0008274980282580379,0.49720472468925453,0.0,0.0
0.003623262207976888,0.48988446472458724,11.963800426978656,-10.204584452008298,-257.2950072831882,-0.017645071880201122,0.10652709596714754,2.700779993057645,0.0008275034159942828,0.4971987699620898,0.0,0.0
0.003726391340677239,0.48987784873309004,11.963637807301003,-10.20440275508391,-257.2904520121467,-0.017645288989903026,0.10652552315957531,2.7007410846088282,0.0008275091147659623,0.49719247160272506,0.0,0.0
0.003832455844157029,0.4898708509587035,11.963465803499268,-10.204210573468261,-257.28563388228196,-0.01764551862906457,0.10652385959185967,2.7006999309137827,0.0008275151425272632,0.49718580979148885,0.0,0.0
0.003941539268053362,0.4898634493824301,11.963283874354506,-10.204007302504438,-257.2805377343893,-0.017645761520419658,0.10652210002953671,2.70065640248078,0.0008275215182685158,0.4971787635668117,0.0,0.0
0.004053727540081762,0.48985562071679273,11.963091447469237,-10.203792302706871,-257.2751475360773,-0.017646018428350466,0.1065202389365989,2.700610362358389,0.0008275282620759758,0.497171310759589,0.0,0.0
0.004169109033723534,0.48984734033293603,11.962887917475706,-10.20356489776009,-257.2694463315998,-0.017646290161282833,0.10651827045816555,2.7005616657067546,0.0008275353951950313,0.49716342792377927,0.0,0.0
0.004287774637839775,0.48983858218354825,11.962672644141396,-10.20332437240322,-257.26341618881753,-0.017646577574218388,0.1065161884021624,2.700510159344398,0.0008275429400970604,0.49715509026304067,0.0,0.0
0.0044098178282667485,0.4898293187213859,11.962444950366436,-10.203069970193605,-257.25703814312897,-0.017646881571411924,0.10651398621995255,2.700455681269015,0.0008275509205501384,0.49714627155316965,0.0,0.0
0.00453533474144915,0.48981952081314084,11.96220412006657,-10.202800891142651,-257.2502921381988,-0.017647203109201898,0.10651165698586307,2.700398060151016,0.0008275593616938235,0.49713694406011066,0.0,0.0
0.004664424250169134,0.4898091576483901,11.961949395935243,-10.202516289216975,-257.24315696330785,-0.017647543199002667,0.10650919337554154,2.7003371147980735,0.0008275682901182389,0.4971270784532859,0.0,0.0
0.004797188041430887,0.4897981966433507,11.961679977078013,-10.202215269696916,-257.2356101871319,-0.017647902910467854,0.10650658764307742,2.7002726535891677,0.000827577733947726,0.49711664371398256,0.0,0.0
0.004933730696561968,0.48978660333914487,11.961395016512135,-10.20189688638463,-257.22762808774036,-0.017648283374834397,0.10650383159682068,2.7002044738763273,0.0008275877229292952,0.4971056070385098,0.0,0.0
0.005074159773594634,0.48977434129427655,11.961093618523554,-10.201560138653177,-257.21918557861954,-0.017648685788457335,0.10650091657382178,2.700132361352313,0.0008275982885261869,0.4970939337358493,0.0,0.0
0.005218585891991964,0.4897613719709762,11.960774835873742,-10.201203968327887,-257.2102561304806,-0.017649111416546386,0.10649783341281638,2.7000560893823136,0.00082760946401681,0.4970815871194714,0.0,0.0
0.00536712281978553,0.4897476546150865,11.960437666847286,-10.200827256390426,-257.2008116886295,-0.017649561597115372,0.1064945724256749,2.6999754182976203,0.0008276212845993746,0.49706852839300275,0.0,0.0
0.005519887563193328,0.48973314612912394,11.960081052131931,-10.200428819495613,-257.19082258563776,-0.017650037745156853,0.10649112336722857,2.699890094649138,0.0008276337875025488,0.4970547165293957,0.0,0.0
0.005677000458788438,0.489717800938127,11.959703871521546,-10.200007406290872,-257.18025744906765,-0.0176505413570539,0.10648747540338273,2.6997998504185756,0.0008276470121024793,0.4970401081432377,0.0,0.0
0.005838585268291164,0.4897015708478972,11.95930494043173,-10.199561693526958,-257.16908310396354,-0.017651074015243195,0.1064836170774219,2.699704402184824,0.0008276610000465515,0.4970246573558195,0.0,0.0
0.006004769276059158,0.48968440489520904,11.958883006218432,-10.199090281948616,-257.1572644698263,-0.01765163739314278,0.10647953627440537,2.6996034502431727,0.0008276757953842532,0.497008315652557,0.0,0.0
0.00617568338935252,0.48966624918953966,11.958436744287868,-10.19859169195296,-257.14476445176206,-0.017652233260359803,0.10647522018354842,2.6994966776746203,0.0008276914447055798,0.49699103173234815,0.0,0.0
0.006351462241452631,0.4896470467458472,11.957964753986715,-10.19806435900255,-257.1315438254832,-0.017652863488193046,0.10647065525847632,2.699383749362601,0.0008277079972873769,0.4969727513484079,0.0,0.0
0.006532244297716178,0.4896267373079122,11.95746555426014,-10.197506628780074,-257.1175611158284,-0.017653530055447748,0.10646582717523467,2.69926431095421,0.0008277255052481149,0.4969534171401226,0.0,0.0
0.006718171964647695,0.48960525716171344,11.956937579065043,-10.19691675206982,-257.1027724684377,-0.017654235054578943,0.1064607207879333,2.69913798776281,0.0008277440237115345,0.4969329684554232,0.0,0.0
0.006909391702076749,0.48958253893829373,11.956379172525047,-10.196292879351654,-257.0871315142123,-0.017654980698182297,0.10645532008189038,2.699004383608898,0.0008277636109797113,0.496911341163154,0.0,0.0
0.007106054138527918,0.48955851140553996,11.955788583813023,-10.195633055091367,-257.07058922616693,-0.017655769325851205,0.10644960812414524,2.6988630795957795,0.000827784328716043,0.49688846745489995,0.0,0.0
0.0073083141898746705,0.48953309924827676,11.955163961746317,-10.194935211711096,-257.053093768259,-0.017656603411420172,0.10644356701119109,2.698713632816522,0.0008278062421387514,0.4968642756356822,0.0,0.0
0.007516331181370376,0.4895062228360262,11.954503349079113,-10.194197163222077,-257.03459033575564,-0.017657485570616145,0.10643717781377944,2.698555574988419,0.0008278294202254808,0.4968386899029304,0.0,0.0
0.007730268973152821,0.4894777979777807,11.953804676475434,-10.193416598502372,-257.0150209866884,-0.017658418569140032,0.106430420518639,2.6983884110111402,0.000827853935929642,0.49681163011309054,0.0,0.0
0.00795029608932083,0.48944773566307626,11.953065756145678,-10.192591074199422,-256.9943244639192,-0.017659405331200858,0.10642327396693683,2.6982116174442594,0.0008278798664091482,0.4967830115352001,0.0,0.0
0.008176585850684927,0.4894159417886331,11.952284275128378,-10.191718007238284,-256.9724360072977,-0.017660448948529115,0.10641571578931393,2.6980246409000697,0.0008279072932682809,0.49675274459073404,0.0,0.0
0.008409316511296424,0.48938231686979317,11.951457788198411,-10.190794666913742,-256.9492871554095,-0.017661552689893167,0.10640772233730708,2.6978268963469016,0.0008279363028133971,0.49672073457898647,0.0,0.0
0.008648671398862506,0.489346755735944,11.950583710381787,-10.189818166545084,-256.92480553633607,-0.01766272001114717,0.10639926861096591,2.697617765318431,0.0008279669863232879,0.49668688138721206,0.0,0.0
0.008894839059158081,0.48930914720907615,11.94965930905584,-10.188785454669661,-256.8989146468693,-0.017663954565838323,0.10639032818246487,2.6973965940237776,0.0008279994403350185,0.49665107918473494,0.0,0.0
0.00914801340454789,0.48926937376459134,11.948681695613672,-10.187693305751816,-256.8715336195636,-0.01766526021640401,0.10638087311549826,2.697162691353318,0.0008280337669461094,0.4966132161001618,0.0,0.0
0.00940839386673614,0.48922731117342666,11.947647816668931,-10.186538310381373,-256.8425769769923,-0.01766664104598928,0.10637087388023625,2.6969153267746537,0.0008280700741340122,0.49657317388082917,0.0,0.0
0.009676185553863738,0.48918282812452696,11.946554444778291,-10.18531686493563,-256.8119543725562,-0.01766810137091837,0.10636029926361439,2.696653728113149,0.0008281084760938344,0.4965308275335544,0.0,0.0
0.009951599412077126,0.48913578582663886,11.945398168655695,-10.184025160677287,-256.779570317146,-0.017669645753853967,0.10634911627471089,2.696377079210867,0.0008281490935953612,0.49648604494572685,0.0,0.0
0.010234852391695703,0.48908603758837504,11.944175382852613,-10.182659172259353,-256.7453238909337,-0.017671279017680484,0.10633729004496471,2.696084517457891,0.0008281920543604461,0.49643868648572465,0.0,0.0
0.010526167618109044,0.48903342837543967,11.942882276877368,-10.181214645607447,-256.7091084395564,-0.0176730062601492,0.10632478372296744,2.695775131189376,0.0008282374934619514,0.4963886045816156,0.0,0.0
0.010825774567538277,0.48897779434384714,11.941514823724626,-10.179687085147858,-256.67081125389785,-0.01767483286932361,0.10631155836355724,2.6954479569416074,0.0008282855537454012,0.49633564327703317,0.0,0.0
0.01113390924780011,0.4889189623479537,11.940068767786201,-10.178071740349376,-256.63031323265676,-0.017676764539867162,0.10629757281092969,2.6951019765599895,0.0008283363862746816,0.49627963776309536,0.0,0.0
0.01145081438421616,0.4888567494220317,11.93853961211175,-10.176363591545002,-256.5874885268643,-0.01767880729021521,0.10628278357546891,2.6947361141516817,0.0008283901508030835,0.4962204138851728,0.0,0.0
0.011776739610813632,0.4887909622340974,11.936922604988212,-10.174557334998376,-256.5422041654634,-0.017680967480676282,0.10626714470398975,2.6943492328752017,0.0008284470162711545,0.49615778762327967,0.0,0.0
0.012111941666968247,0.48872139651063695,11.935212725804195,-10.172647367179307,-256.4943196610547,-0.017683251832508514,0.10625060764307438,2.693940131559055,0.0008285071613328225,0.4960915645447977,0.0,0.0
0.012456684599644139,0.48864783643084986,11.933404670165702,-10.170627768210354,-256.44368659485855,-0.017685667448019853,0.10623312109516891,2.693507541141345,0.0008285707749113963,0.49602153922822007,0.0,0.0
0.012811239971390316,0.4885700539889392,11.931492834227138,-10.168492284446248,-256.39014817993115,-0.01768822183174172,0.10621463086710112,2.6930501209217126,0.0008286380567870847,0.49594749465653376,0.0,0.0
0.01317588707425712,0.4884878083229808,11.92947129820149,-10.16623431014595,-256.3335388016346,-0.017690922912728304,0.10619507971066396,2.692566454617013,0.00082870921821781,0.4958692015788341,0.0,0.0
0.013550913149801518,0.4884008450088186,11.927333809011731,-10.16384686819696,-256.27368353433457,-0.01769377906803458,0.10617440715490124,2.6920550462115935,0.0008287844825951396,0.49578641783870986,0.0,0.0
0.013936613615354417,0.48830889531740884,11.925073762044583,-10.161322589849087,-256.210397633267,-0.017696799147429124,0.10615254932972228,2.691514315593032,0.0008288640861373006,0.49569888766789405,0.0,0.0
0.01433329229672811,0.48821167543399135,11.922684181967009,-10.158653693415566,-256.1434860005064,-0.017699992499398482,0.1061294387804598,2.6909425939636993,0.0008289482786212954,0.49560634094365547,0.0,0.0
0.01474126166754755,0.48810888563742144,11.920157702564625,-10.155831961896828,-256.0727426239232,-0.01770336899850203,0.10610500427298016,2.6903381190185183,0.0008290373241563112,0.4955084924083431,0.0,0.0
0.015160843095393471,0.488000209437964,11.917486545560422,-10.152848719483048,-255.99794998802125,-0.017706939074138044,0.10607917058894213,2.689699029878973,0.0008291315020006376,0.4954050408494867,0.0,0.0
0.015592367094951641,0.4878853126718314,11.914662498371568,-10.149694806889709,-255.91887845551844,-0.01771071374078259,0.10605185831080115,2.6890233617731822,0.0008292311074245258,0.49529566823880955,0.0,0.0
0.016036173588367342,0.4877638425507031,11.911676890761337,-10.146360555481111,-255.8352856185297,-0.017714704629764474,0.10602298359614065,2.6883090404519945,0.0008293364526214483,0.49518003882851824,0.0,0.0
0.01649261217301066,0.48763542666446513,11.908520570342999,-10.142835760135396,-255.74691561819532,-0.01771892402264113,0.10599245794091695,2.687553876330562,0.0008294478676704219,0.4950577982031654,0.0,0.0
0.01696204239686287,0.487499671935388,11.905183876891975,-10.139109650806123,-255.65349843162457,-0.017723384886240368,0.10596018793119988,2.6867555583452054,0.0008295657015521284,0.4949285722854423,0.0,0.0
0.017444834041741346,0.48735616352196953,11.901656615423189,-10.135170862734475,-255.55474912499963,-0.017728100909434576,0.10592607498298573,2.6859116475150864,0.0008296903232217651,0.49479196629419836,0.0,0.0
0.017941367414585727,0.4872044636706623,11.897928027989948,-10.13100740526763,-255.45036707173358,-0.017733086541713242,0.1058900150696753,2.6850195701985298,0.0008298221227416403,0.49464756365303436,0.0,0.0
0.018452033647035324,0.48704411051376617,11.893986764162333,-10.126606629239806,-255.340035134582,-0.017738357033621012,0.10585189843679933,2.6840766110336935,0.0008299615124767152,0.4944949248478271,0.0,0.0
0.018977235003533058,0.4868746168117501,11.88982085014312,-10.12195519287392,-255.223418810661,-0.017743928479127237,0.10581160930360095,2.6830799055539254,0.0008301089283564518,0.4943335862315782,0.0,0.0
0.019517385198199177,0.4866954686383802,11.885417656481346,-10.117039026163841,-255.1001653383668,-0.017749817859992374,0.10576902555108356,2.6820264324680356,0.0008302648312064467,0.49416305877504735,0.0,0.0
0.02007290972072414,0.48650612400706283,11.880763864345175,-10.111843293700197,-254.96990276526327,-0.017756043092195396,0.10572401839615977,2.6809130055965795,0.0008304297081535425,0.4939828267616887,0.0,0.0
0.02064424617153723,0.48630601143692354,11.875845430318105,-10.106352355905424,-254.8322389760881,-0.017762623074483713,0.10567645205155837,2.6797362654555577,0.0008306040741082453,0.49379234642550823,0.0,0.0
0.021231844606515515,0.4860945284572673,11.870647549685767,-10.100549728648486,-254.68676068012755,-0.017769577739105785,0.10562618337117641,2.6784926704797747,0.0008307884733284602,0.49359104453058655,0.0,0.0
0.02183616789150382,0.4858710400492015,11.86515461818432,-10.094418041213984,-254.5330323573339,-0.017776928104780865,0.10557306148059677,2.6771784878790132,0.0008309834810687492,0.4933783168911372,0.0,0.0
0.022457692066925727,0.4856348770233932,11.859350192185328,-10.087938992606832,-254.37059516270912,-0.01778469633195803,0.10551692739254108,2.6757897841212355,0.0008311897053194683,0.4931535268311565,0.0,0.0
0.023096906722772235,0.485385334333139,11.853216947298385,-10.081093306179923,-254.19896578865024,-0.017792905780409447,0.10545761360707483,2.674322415038318,0.0008314077886403658,0.4929160035829275,0.0,0.0
0.02375431538426417,0.4851216693221784,11.846736635378207,-10.073860682581012,-254.01763528515573,-0.017801581069196416,0.10539494369644584,2.672772015551394,0.000831638410093386,0.49266504062388644,0.0,0.0
0.024430435908491324,0.484843099906983,11.839890039930662,-10.066219751023837,-253.8260678380295,-0.01781074813903912,0.10532873187450882,2.671133989014578,0.0008318822872796111,0.49239989395162587,0.0,0.0
0.025125800892341392,0.48454880269359024,11.832656929920676,-10.058148018899766,-253.62369950549456,-0.01782043431711024,0.10525878255077306,2.6694034961780804,0.0008321401784855087,0.4921197802971735,0.0,0.0
0.025840958092039536,0.4842379110294563,11.825016011995206,-10.049621819758606,-253.40993691393666,-0.017830668384262744,0.10518488986920563,2.6675754437738886,0.0008324128849437888,0.4918238752770391,0.0,0.0
0.02657647085462985,0.48390951299124324,11.816944881145183,-10.040616259701475,-253.18415591386514,-0.017841480644685784,0.10510683723203293,2.6656444727302304,0.0008327012532144144,0.4915113114849787,0.0,0.0
0.027332918561737557,0.48356264930999704,11.808419969844117,-10.031105162244648,-252.9457001975795,-0.017852902997971383,0.1050243968089131,2.6636049460238613,0.0008330061776914869,0.4911811765249079,0.0,0.0
0.028110897085962407,0.48319631123573653,11.799416495714974,-10.021061011732241,-252.69387988049303,-0.017864969013552515,0.10493732903199059,2.661450936183062,0.0008333286032419062,0.4908325109869798,0.0,0.0
0.02891101926026203,0.4828094383441632,11.78990840779438,-10.010454895395279,-252.4279700485969,-0.017877714007454637,0.10484538207750861,2.659176212458026,0.0008336695279819019,0.49046430636947363,0.0,0.0
0.029733915360696004,0.48240091628893983,11.77986833148124,-9.999256444178988,-252.14720927510797,-0.017891175121280172,0.10474829133483773,2.6567742276800166,0.0008340300061976976,0.49007550294985475,0.0,0.0
0.030580233602909672,0.4819695745038294,11.769267512278223,-9.98743377248548,-251.85079811003177,-0.017905391403315256,0.10464577886398228,2.6542381048356467,0.0008344111514167607,0.48966498760919286,0.0,0.0
0.03145064065274975,0.481514183859924,11.75807575845839,-9.974953417007805,-251.53789754707293,-0.01792040389162177,0.10453755284285378,2.651560623388425,0.0008348141396361922,0.4892315916149967,0.0,0.0
0.032345822151413565,0.4810334542842412,11.746261382814344,-9.961780274864513,-251.207627473154,-0.01793625569894035,0.10442330700585496,2.6487342053857876,0.0008352402127150133,0.4887740883685462,0.0,0.0
0.03326648325554538,0.48052603234711505,11.733791143677161,-9.947877541277881,-250.8590651066947,-0.01795299209919262,0.10430272007559935,2.645750901397204,0.0008356906819371569,0.4882911911238924,0.0,0.0
0.034213349192706126,0.47999049882709444,11.720630185423932,-9.93320664708005,-250.49124343180068,-0.017970660615327975,0.10417545518989957,2.6426023763362188,0.0008361669317521287,0.4877815506869332,0.0,0.0
0.035187165832652856,0.4794253662634536,11.706741978727564,-9.917727196372686,-250.10314963658843,-0.017989311108211375,0.1040411593264993,2.6392798952282677,0.0008366704237003091,0.48724375310428414,0.0,0.0
0.036188700274879,0.4788290765079616,11.692088260841595,-9.90139690471472,-249.69372356508558,-0.018008995866193915,0.10389946272839724,2.635774308994997,0.000837202700529935,0.48667631735316286,0.0,0.0
0.03721874145287729,0.478199998289243,11.676628976254028,-9.884171538262796,-249.26185619343087,-0.018029769694950414,0.10374997833302049,2.6320760403361505,0.0008377653905127828,0.4860776930450744,0.0,0.0
0.038278100755602736,0.4775364248048576,11.660322218090384,-9.866004854346215,-248.80638814252438,-0.018051690007098258,0.1035923012089423,2.628175069801398,0.0008383602119655027,0.4854462581578351,0.0,0.0
0.039367612666623426,0.47683657135822466,11.643124170695444,-9.84684854401813,-248.3261082408128,-0.018074816911042374,0.1034260080043251,2.624060922155899,0.0008389889779834638,0.484780316812336,0.0,0.0
0.04048813542146414,0.4760985730596235,11.624989053876119,-9.826652177190583,-247.81975215254784,-0.018099213298407014,0.10325065641178044,2.6197226531569084,0.0008396536013937684,0.48407809711246946,0.0,0.0
0.04164055168365937,0.475320482612765,11.605869069345252,-9.805363151030818,-247.28600108863242,-0.018124944929328885,0.10306578465489456,2.615148836872127,0.0008403560999338753,0.48333774906879223,0.0,0.0
0.04282576924004974,0.4745002682108816,11.585714349967118,-9.782926642371434,-246.72348061906624,-0.018152080514788036,0.10287091100225658,2.610327553685646,0.0008410986016619097,0.4825573426287889,0.0,0.0
0.04404472171586787,0.47363581156881757,11.564472912469828,-9.75928556496653,-246.13075960803252,-0.01818069179504636,0.10266553331545591,2.605246379152777,0.0008418833506043269,0.4817348658390571,0.0,0.0
0.04529836931017829,0.47272490612033974,11.54209061435853,-9.734380532510027,-245.5063492947825,-0.018210853613151782,0.10244912863817618,2.599892373881982,0.0008427127126460422,0.48086822316724603,0.0,0.0
0.04658769955224966,0.47176525541270703,11.518511115834388,-9.708149828420684,-244.8487025457395,-0.0182426439823367,0.10222115283420366,2.594252074639288,0.0008435891816675016,0.4799552340143113,0.0,0.0
0.04791372807945657,0.47075447173348983,11.49367584759931,-9.680529383490734,-244.1562133055674,-0.018276144146010056,0.10198104028289898,2.5883114868889328,0.0008445153859323157,0.4789936314503656,0.0,0.0
0.04927749943732191,0.4696900750076855,11.467523985503378,-9.65145276258965,-243.42721627738274,-0.018311438628894044,0.101728203641417,2.582056079002807,0.0008454940947281687,0.4779810612103039,0.0,0.0
0.050680087902331354,0.4685694920062505,11.43999243307025,-9.620851161713425,-242.65998686478517,-0.01834861527770411,0.10146203368372936,2.575470778390432,0.0008465282252625041,0.47691508098824537,0.0,0.0
0.052122598328167666,0.46739005591034327,11.41101581301644,-9.58865341676802,-241.85274141089468,-0.018387765289604566,0.10118189922727816,2.568539969820949,0.0008476208498131919,0.47579316007279454,0.0,0.0
0.053606167016030895,0.46614900627868316,11.380526468959715,-9.554786025575899,-241.0036377721597,-0.018428983226498906,0.10088714715886153,2.5612474962281975,0.0008487752031327763,0.47461267936799073,0.0,0.0
0.0551319626097316,0.46484348946850257,11.348454478590567,-9.519173184693365,-240.11077626719108,-0.018472367013027423,0.10057710257211439,2.5535766623092786,0.0008499946901030346,0.47337093184768547,0.0,0.0
0.05670118701626013,0.4634705595635515,11.314727679657564,-9.481736842722242,-239.1722010433696,-0.01851801791595361,0.10025106902969134,2.5455102412461867,0.0008512828936345148,0.4720651234937708,0.0,0.0
0.05831507635255877,0.4620271798653979,11.279271710188777,-9.442396771890778,-238.18590190629726,-0.018566040502416302,0.09990832896395721,2.537030484897665,0.0008526435828032292,0.4706923747712394,0.0,0.0
0.05997490191924116,0.4605102250067995,11.24201006443835,-9.401070659764097,-237.14981665936293,-0.018616542574318013,0.09954814423063149,2.5281191378254806,0.0008540807212138674,0.46924972269529897,0.0,0.0
0.06168197120202805,0.4589164837481387,11.20286416610494,-9.357674223018837,-236.06183400262256,-0.018669635075903985,0.09916975683040893,2.5187574555336996,0.0008555984755757404,0.46773412354771254,0.0,0.0
0.0634376289016857,0.4572426625197044,11.161753460417023,-9.312121345280712,-234.91979704184698,-0.01872543197136764,0.09877238981403354,2.508926227312084,0.000857201224473973,0.4661424563010372,0.0,0.0
0.06524325799328021,0.4554853897738402,11.11859552671438,-9.264324241071087,-233.7215074598345,-0.018784050089099922,0.09835524838666443,2.4986058040840606,0.000858893567314386,0.46447152681039067,0.0,0.0
0.06710028081558078,0.45364122121161377,11.073306213174934,-9.214193647937917,-232.46473040286523,-0.018845608928977606,0.09791752122755343,2.4877761316651275,0.0008606803334157733,0.4627180728327207,0.0,0.0
0.06901016019147191,0.45170664594851495,11.025799795335814,-9.161639048852402,-231.14720013536783,-0.0189102304288748,0.09745838204107952,2.4764167898389546,0.0008625665912181321,0.46087876993314464,0.0,0.0
0.07097440058025478,0.4496780936826906,10.975989160036631,-9.106568926933164,-229.7666265153936,-0.018978038686371726,0.09697699135499127,2.4645070376542177,0.0008645576575693656,0.45895023833661786,0.0,0.0
0.07299454926274732,0.4475519429271742,10.923786016365755,-9.04889105450821,-228.32070234222465,-0.019049159631441073,0.09647249858128265,2.4520258653353753,0.0008666591070464747,0.45692905078093876,0.0,0.0
0.07507219756011509,0.44532453036443287,10.869101135115699,-8.988512818438355,-226.80711162525455,-0.019123720645716148,0.09594404435442078,2.438952053183568,0.0008688767812597797,0.45481174142369585,0.0,0.0
0.07720898208739527,0.44299216137714326,10.811844618145804,-8.925341583500723,-225.2235388200937,-0.019201850123787452,0.09539076316064664,2.4252642378194924,0.000871216798080511,0.45259481585113837,0.0,0.0
0.0794065860426983,0.4405511218032612,10.75192619890908,-8.859285095459173,-223.56767907349456,-0.01928367697184959,0.0948117862707386,2.410940986087101,0.0008736855607228951,0.4502747622309717,0.0,0.0
0.08166674053310484,0.43799769095621915,10.689255575218494,-8.790251925231175,-221.83724951310268,-0.019369330038929374,0.09420624498692617,2.3959608768949696,0.0008762897666017402,0.447848063643667,0.0,0.0
0.0839912259383019,0.43532815594213464,10.623742775107587,-8.718151955288416,-220.03000161105433,-0.019458937475876213,0.09357327421257484,2.3803025912199622,0.00087903641587522,0.4453112116179,0.0,0.0
0.08638187331303132,0.4325388272954309,10.555298556375508,-8.642896909101465,-218.14373464202168,-0.01955262601729964,0.09291201635077553,2.3639450104357835,0.0008819328195701928,0.4426607208851632,0.0,0.0
0.08884056582945803,0.429626055941967,10.483834840097058,-8.5644009240519,-216.1763102462983,-0.019650520181698182,0.0922216255350754,2.346867323055238,0.0008849866071736747,0.4398931453564042,0.0,0.0
0.09136924026059069,0.42658625148483,10.409265178024912,-8.48258116778812,-214.1256680969218,-0.019752741385152435,0.09150127219226978,2.3290491398909827,0.0008882057335591614,0.43700509530967724,0.0,0.0
0.09396988850592616,0.42341590179227134,10.331505253410418,-8.397358497489504,-211.98984265656466,-0.019859406964160508,0.09075014793343002,2.3104706175436225,0.0008915984851000318,0.43399325576234593,0.0,0.0
0.0966445591605173,0.4201115938499634,10.250473414326263,-8.308658160931882,-209.7669809949616,-0.019970629103482258,0.08996747076519904,2.2911125900197593,0.0008951734848044164,0.4308544059843959,0.0,0.0
0.09939535912870316,0.41667003582099726,10.166091238088896,-8.216410537610892,-207.45536162108448,-0.020086513665246747,0.08915249060885963,2.270956708165447,0.0008989396962864417,0.42758544009103105,0.0,0.0
0.10222445528376908,0.4130880802369169,10.07828412485601,-8.120551917488553,-205.05341426607316,-0.02020715891606144,0.08830449510981289,2.249985586474006,0.0009029064263676827,0.4241833886331875,0.0,0.0
0.10513407617484674,0.4093627482219295,9.986981917919351,-8.021025314179647,-202.5597405332918,-0.020332654149467753,0.08742281571494749,2.2281829566923417,0.0009070833260798714,0.4206454410840483,0.0,0.0
0.10812651378239671,0.4054912546304807,9.892119547633847,-7.917781308599288,-199.97313531088994,-0.02046307820180286,0.08650683399000415,2.205533827508139,0.0009114803898154421,0.416968969098515,0.0,0.0
0.11120412532365953,0.40147103395602457,9.79363769532655,-7.810778918259031,-197.29260882015865,-0.02059849786038058,0.0855559881435177,2.1820246494535525,0.0009161079523462021,0.4131515504011367,0.0,0.0
0.1143693351094933,0.3972997668464866,9.691483472926896,-7.699986486532537,-194.51740915000897,-0.020738966163881434,0.08456977971835455,2.157643484011992,0.0009209766834024759,0.4091909931367693,0.0,0.0
0.11762463645406383,0.3929754070400438,9.58561111346145,-7.585382585329801,-191.64704510439736,-0.020884520595964375,0.08354778040636157,2.1323801757653555,0.0009260975794753197,0.40508536049756855,0.0,0.0
0.12097259363888899,0.388496208513994,9.475982666975789,-7.466956923731325,-188.68130916583712,-0.021035181174368735,0.0824896389363079,2.1062265262727813,0.0009314819524730486,0.40083299542048134,0.0,0.0
0.12441584393278828,0.38386075262016894,9.362568695898364,-7.344711254257144,-185.6203003546628,-0.02119094843918041,0.08139508798028447,2.079176468232065,0.0009371414148304586,0.3964325451316125,0.0,0.0
0.12795709966932384,0.37906797496315026,9.24534896335795,-7.218660267596549,-182.46444674096023,-0.021351801345474566,0.0802639510191289,2.0512262383444577,0.0009430878606347849,0.39188298529837906,0.0,0.0
0.13159915038337305,0.37411719176301045,9.124313107524387,-7.088832465820015,-179.21452734444534,-0.021517695067229763,0.07909614910341192,2.022374547185923,0.0009493334422970411,0.38718364353768425,0.0,0.0
0.1353448650085145,0.36900812543301037,8.999461294676014,-6.95527100335401,-175.87169313769635,-0.021688558721217423,0.07789170744318198,1.9926227442869615,0.0009558905422610828,0.3823342220191096,0.0,0.0
0.13919719413695697,0.3637409290950807,8.870804843418988,-6.8180344843399086,-172.43748685046265,-0.021864293021506484,0.07665076175711816,1.9619749765417924,0.0009627717392059154,0.377334818896699,0.0,0.0
0.1431591723437957,0.3583162097525076,8.738366812308207,-6.677197704439489,-168.91386125789904,-0.022044767877267876,0.07537356431011168,1.9304383380089465,0.0009699897681599968,0.37218594830185037,0.0,0.0
0.14723392057742116,0.3527350498403053,8.602182543055788,-6.532852324708745,-165.30319562402144,-0.022229819948708374,0.07406048956764888,1.8980230091323147,0.0009775574739099928,0.36688855863341774,0.0,0.0
0.15142464861796814,0.34699902687962153,8.462300151571327,-6.385107464856562,-161.60830996398695,-0.02241925017818837,0.07271203939576974,1.8647423834061143,0.0009854877570514141,0.36144404888957943,0.0,0.0
0.15573465760573776,0.3411102309732109,8.318780959263002,-6.234090203050097,-157.83247678546877,-0.022612821315865596,0.07132884773686135,1.830613179530941,0.0009937935119956971,0.35585428279954096,0.0,0.0
0.16016734264158938,0.3350712798946016,8.171699857343832,-6.079945969440279,-153.97942997089095,-0.02281025546153396,0.0699116846941109,1.795655537161825,0.0010024875562183347,0.35012160053158287,0.0,0.0
0.16472619546134434,0.3288853315438318,8.021145597331909,-5.922838820768872,-150.05337046901704,-0.023011231646666633,0.06846145996105467,1.759893094433474,0.0010115825500070135,0.3442488277772536,0.0,0.0
0.16941480718631355,0.3225560935672794,7.867221001503484,-5.762951583795889,-146.05896847673023,-0.023215383483004677,0.06697922553726007,1.7233530455615038,0.00102109090594851,0.3382392820392186,0.0,0.0
0.17423687115211117,0.3160878299676357,7.710043087745666,-5.600485855859389,-142.00136181006,-0.023422296906318467,0.06546617767666682,1.6860661769606755,0.0010310246873799676,0.33209677598201154,0.0,0.0
0.17919618581798882,0.30948536456191017,7.54974310404928,-5.435661851656078,-137.88615018787223,-0.023631508046182536,0.06392365802135379,1.6480668804893086,0.0010413954950256135,0.3258256177399936,0.0,0.0
0.18429665775897455,0.30275408117976516,7.386466468770153,-5.2687180863164995,-133.71938518227097,-0.023842501254714488,0.06235315388035497,1.6093931426206787,0.0010522143410462287,0.31943060811451673,0.0,0.0
0.18954230474317915,0.29589992053059744,7.220372613748927,-5.099910886043692,-129.5075556267147,-0.02405470732918796,0.06075629762043425,1.5700865085536988,0.001063491509747385,0.31291703463170273,0.0,0.0
0.194937258896692,0.2889293737047433,7.051634728398993,-4.929513718992434,-125.25756831618773,-0.02426750196521663,0.0591348651432588,1.5301920205028912,0.0010752364042264332,0.30629066247246656,0.0,0.0
0.20048576995855769,0.281849472311034,6.8804394039269345,-4.757816340687056,-120.97672388328836,-0.024480204478765838,0.057490773431004935,1.4897581296473097,0.0010874573782896162,0.2995577223264791,0.0,0.0
0.20619220862840293,0.27466777528867153,6.706986177920483,-4.585123750106725,-116.67268778969641,-0.024692076836550902,0.05582607714988009,1.4488365814654907,0.0011001615530422835,0.2927248952606121,0.0,0.0
0.2120610700093435,0.26739235246518334,6.531486980602895,-4.411754954606827,-112.35345643382607,-0.024902323035376307,0.05414296430820553,1.4074822744347244,0.001113354617649941,0.2857992947291567,0.0,0.0
0.21809697714888912,0.2600317649631246,6.354165485090073,-4.238041544086151,-108.02731844212865,-0.025110088871619304,0.05244375097238014,1.3657530923234882,0.001127040613888752,0.27878844588674284,0.0,0.0
0.22430468468063083,0.2525950425855164,6.175256364979576,-4.064326077246142,-103.70281128299574,-0.02531446214231011,0.050730875050157644,1.3237097105529052,0.0011412217042540119,0.27170026239467326,0.0,0.0
0.23068908256958612,0.24509165833310145,5.995004463531204,-3.890960285408313,-99.38867341778061,-0.02551447331907462,0.04900688915609054,1.281415377342917,0.0011558979235774458,0.2645430209365353,0.0,0.0
0.23725519996414396,0.23753150022490643,5.813663879554358,-3.718303102144078,-95.09379228232643,-0.02570909673552104,0.04727445257870193,1.2389356705894545,0.001171066914321645,0.25732533367899313,0.0,0.0
0.2440082091576504,0.2299248406069995,5.631496975886446,-3.546718529906549,-90.82714847346804,-0.025897252327433177,0.04553632237293011,1.1963382316385065,0.00118672364597584,0.25005611892810087,0.0,0.0
0.2509534296627502,0.2222823031426776,5.448773317022126,-3.3765733579087103,-86.5977565970889,-0.026077807963323953,0.04379534360469994,1.1536924773304182,0.0012028601192737589,0.2427445702401696,0.0,0.0
0.2580963324017018,0.2146148276806038,5.265768543031112,-3.2082347486306015,-82.41460331599463,-0.026249582400456134,0.04205443877720162,1.1110692918827616,0.0012194650562942846,0.2354001242490443,0.0,0.0
0.26544254401595624,0.20693363319601243,5.082763187381765,-3.0420677135151677,-78.28658321547567,-0.02641134889830905,0.04031659647075285,1.06854070036337,0.0012365235778904393,0.22803242746881905,0.0,0.0
0.2729978512984031,0.19925017899436018,4.9000414466711035,-2.8784325015711416,-74.22243318006986,-0.026561839517614077,0.03858485923014804,1.026179525676777,0.001254016870323157,0.22065130232272842,0.0,0.0
0.2807682057517685,0.19157612435739968,4.71788991055413,-2.7176819276764705,-70.23066604466503,-0.026699750128456073,0.036862310735390036,0.9840590311491368,0.0012719218434538218,0.21326671263574898,0.0,0.0
0.2887597282767644,0.18392328679928682,4.536596260372835,-2.5601586702880446,-66.31950434440971,-0.026823746145516136,0.035152062293885615,0.9422525509500732,0.0012902107833724144,0.2058887288108323,0.0,0.0
0.29697871399367154,0.17630359908592394,4.35644794511838,-2.406192570925825,-62.49681503861272,-0.02693246900227076,0.033457238694831415,0.90083311073598,0.0013088510029049287,0.19852749288742758,0.0,0.0
0.30543163720116256,0.16872906515514582,4.177730843425644,-2.2560979701127315,-58.770046121428855,-0.02702454336886257,0.031780963469876,0.8598730410397907,0.0013278044940504032,0.19119318365677926,0.0,0.0
0.31412515647626754,0.16121171505967827,4.000727920309888,-2.110171116313428,-55.146166054320865,-0.027098585110393602,0.030126343608470097,0.8194435860678493,0.0013470275870398772,0.18389598198227786,0.0,0.0
0.3230661199194979,0.15376355903999436,3.82571788731995,-1.968687685717058,-51.6316069597688,-0.027153209973579357,0.028496453781848667,0.7796145106957167,0.001366470621379225,0.17664603644579718,0.0,0.0
0.3322615705492686,0.1463965408212951,3.652973874708518,-1.8319004513453963,-48.232212500502335,-0.027187042980051493,0.026894320136504717,0.7404537085812346,0.0013860776349264583,0.16945342941334557,0.0,0.0
0.34171875184985556,0.13912249021889644,3.482762124118864,-1.7000371398393361,-44.953191332081225,-0.027198728494148148,0.02532290372648175,0.7020268144338626,0.0014057860777495585,0.16232814358646455,0.0,0.0
0.35144511347726926,0.13195307513012625,3.3153407101612995,-1.5732985132954667,-41.79907695784689,-0.027186940921835535,0.02378508366388716,0.6643968235917888,0.0014255265582000126,0.155280029080411,0.0,0.0
0.3614483171275303,0.12489975298936012,3.1509582991090017,-1.45185671162267,-38.77369473374455,-0.02715039598553279,0.022283640078736247,0.62762372215985,0.0014452226293022986,0.14831877104719324,0.0,0.0
0.3717362425719814,0.1179737217666951,2.989852952782342,-1.3358538880220407,-35.880136666599306,-0.027087862507163277,0.020821236992480993,0.5917641310472672,0.001464790624181979,0.14145385784170517,0.0,0.0
0.38231699386437595,0.11118587060057265,2.8322509855144844,-1.2254011663503652,-33.120744524364774,-0.02699817461884325,0.01940040522418672,0.5568709673099285,0.0014841395498122604,0.1346945497132911,0.0,0.0
0.39319890572464306,0.10454673017082838,2.67836588189605,-1.1205779443299735,-30.49710163274403,-0.02688024430738713,0.018023525463994498,0.5229931262408708,0.0015031710488257143,0.12804984799363034,0.0,0.0
0.40439055010435015,0.09806642294135162,2.528397282780476,-1.0214315608802058,-28.010033572482026,-0.02673307418542408,0.016692811664863905,0.4901751876586283,0.001521779439487339,0.12152846474547004,0.0,0.0
0.4159007429390459,0.09175461343082925,2.3825300467875956,-0.927977339371563,-25.659617819436704,-0.026555770368578712,0.015410294920112338,0.4584571498085654,0.0015398518441269754,0.11513879283581885,0.0,0.0
0.42773855109278824,0.0856204587057144,2.2409333942658343,-0.8401990114892549,-23.445202189967628,-0.026347555325089488,0.01417780801034825,0.4278741942103945,0.0015572684163517132,0.10888887640211947,0.0,0.0
0.43991329950033947,0.07967255933108734,2.103760140353814,-0.7580495188209754,-21.36543177252797,-0.026107780551669346,0.012996970818316,0.39845648464845096,0.0015739026771692645,0.10278638169076702,0.0,0.0
0.45243457851264474,0.07391891106183075,1.9711460234145943,-0.681452181472373,-19.418283848369605,-0.025835938917633593,0.011869176823147018,0.3702290033037773,0.0015896219697176133,0.0968385682642492,0.0,0.0
0.46531225145139427,0.06836685760746661,1.8432091346903627,-0.6103022152037042,-17.601110135856352,-0.02553167650862495,0.010795580895683755,0.343211426763288,0.001604288041580997,0.09105226059600696,0.0,0.0
0.478556462378603,0.06302304485785265,1.7200494545373524,-0.5444685710299055,-15.910685539860152,-0.025194803791992484,0.009777088623024626,0.3174180443074728,0.001617757762645773,0.08543382010059988,0.0,0.0
0.49217764408734016,0.05789337701215133,1.6017485000418437,-0.48379606419405685,-14.343262455474884,-0.024825305918364574,0.008814347392341007,0.29285772047223796,0.001629883985082333,0.07998911768046295,0.0,0.0
0.5061865263199,0.05298297510822006,1.4883690881850922,-0.42810775316238353,-12.894629568583294,-0.024423351968579185,0.007907739460499575,0.2695339034030152,0.0016405165503065745,0.0747235069088327,0.0,0.0
0.5205941442198817,0.04829613850170014,1.3799552180133527,-0.37720752402606644,-11.560174018440138,-0.02398930295226894,0.007057377226312551,0.24744467997305614,0.0016495034456572334,0.06964179801042077,0.0,0.0
0.5354118470248508,0.043836309891292495,1.276532074475887,-0.33088283162692,-10.334945742039444,-0.0235237183644372,0.00626310090572717,0.22658287802836047,0.0016566921110130841,0.06474823284612781,0.0,0.0
0.5506513070064117,0.03960604452643549,1.1781061557186037,-0.2889075459997225,-9.213722807967706,-0.023027361109698243,0.005524478786497621,0.20693621545767996,0.0016619308926659117,0.06004646115421616,0.0,0.0
0.5663245286647467,0.03560698426314435,1.0846655246619106,-0.2510448514401445,-8.191076568659888,-0.02250120061085534,0.0048408102076570245,0.1884874950786554,0.0016650706384724965,0.055539518346384056,0.0,0.0
0.5824438581848539,0.031839837150510024,0.9961801846507274,-0.21705014570223202,-7.2614355130658055,-0.02194641392952194,0.004211131370509232,0.1712148435947014,0.0016659664246578456,0.051229805201545506,0.0,0.0
0.5990219931619494,0.02830436323143951,0.9126025778446379,-0.18667388847843053,-6.419146783987413,-0.021364384741853124,0.003634224042250332,0.15509199212861907,0.0016644794006746468,0.047119069840773485,0.0,0.0
0.616071992603674,0.024999367224331385,0.833868203823067,-0.15966435133669318,-5.658534431924647,-0.020756700032402535,0.0031086271614722055,0.1400885950972216,0.0016604787343014185,0.043208392402026084,0.0,0.0
0.6336072872169982,0.021922698715047692,0.759896354623201,-0.13577022554338358,-4.9739536054115,-0.02012514439383154,0.002632651297727104,0.12617058347759214,0.001653843634764821,0.039498172860621024,0.0,0.0
0.651641689987919,0.01907126042909485,0.6905909611211576,-0.11474304950336438,-4.359840021140107,-0.01947169184973044,0.002204395856485253,0.11330054785220826,0.0016444654272014638,0.03598812245898494,0.0,0.0
0.670189407062298,0.016441025070939003,0.6258415443275911,-0.09633942367705713,-3.810754209895194,-0.018798495152119583,0.0018217688578915528,0.10143814602957384,0.0016322496473537358,0.03267725921477942,0.0,0.0
0.6892650489363895,0.014027061110274384,0.5655242638203086,-0.0803229875414612,-3.3214201906375194,-0.018107872544072597,0.0014825090547018111,0.09054052954102158,0.0016171181211654222,0.02956390796815211,0.0,0.0
0.7088836419658919,0.011823567764076429,0.5095030542030238,-0.0664661401899342,-2.886758379369084,-0.01740229202096835,0.0011842100938197987,0.08056278293262309,0.0015990109900668862,0.026645705404882123,0.0,0.0
0.7290606402025817,0.009823919269529325,0.4576308391884878,-0.054551493257181755,-2.501912686551866,-0.01668435317057528,0.0009243463692200511,0.0714583695203138,0.0015778886393896941,0.023919610451143176,0.0,0.0
0.7498119375678466,0.008020718368833316,0.40975081168356164,-0.04437305176744433,-2.1622718923787994,-0.015956766721741178,0.0007003001640181556,0.06317957716878778,0.001553733484712892,0.02138192037670825,0.0,0.0
0.7711538803727309,0.006405858735821168,0.3656977671307995,-0.03573712501780993,-1.8634855095017964,-0.015222331982935428,0.000509389638193067,0.055677957697825915,0.0015265515692066739,0.019028292866261308,0.0,0.0
0.7931032801943232,0.004970595871018651,0.32529947636659473,-0.028462975538373552,-1.6014744452623138,-0.014483912404106427,0.00034889718794277146,0.04890475371583027,0.0014963739243827267,0.01685377422360263,0.0,0.0
0.8156774271186552,0.0037056257819527427,0.28837808342237653,-0.02238321936706664,-1.372436858396126,-0.013744409546909175,0.00021609768447121284,0.04281130702634563,0.0014632576472616277,0.014852833762092586,0.0,0.0
0.8388941033605247,0.002601170555826355,0.25475151305617105,-0.017343995240822585,-1.1728496679190665,-0.013006735797813349,0.00010828609533520845,0.037349443240561636,0.0014272866489749014,0.01301940430878132,0.0,0.0
0.8627715972709962,0.0016470697295825167,0.22423487239812448,-0.01320492375836558,-0.9994662146857975,-0.01227378620426033,2.2804000983100144e-05,0.032471827844183905,0.0013885720333352968,0.011346928612365241,0.0,0.0
0.8873287177435816,0.0008328761755063759,0.19664183094923562,-0.009838880115184332,-0.8493105998973531,-0.011548409854186412,-4.293545716573361e-05,0.02813228969059142,0.0013472520690246698,0.009828411300037154,0.0,0.0
0.9125848090304755,0.00014795505694801704,0.17178596332508528,-0.007131605627018719,-0.7196692312544851,-0.010833381252124132,-9.14246233293482e-05,0.02428610870201023,0.0013034917257610259,0.008456475880167442,0.0,0.0
0.9385597659804938,-0.0004184157239246109,0.1494820395802725,-0.004981184043342586,-0.6080800984859536,-0.010131372169076894,-0.0001250407448999927,0.020890265426538462,0.0012574817530601355,0.007223426141541736,0.0,0.0
0.965274049710751,-0.0008769452589415914,0.12954724871264342,-0.003297408610614471,-0.5123202780716246,-0.009444924456897602,-0.00014602807622996373,0.017903650995037053,0.0012094372899155421,0.006121311161258899,0.0,0.0
0.9927487037243807,-0.0012382312700117185,0.11180234198865724,-0.00200106517006281,-0.4303921345507563,-0.008776424319708353,-0.00015648291424312424,0.015287236913542833,0.0011595960046320002,0.005141993008298917,0.0,0.0
1.0210053704870292,-0.001512665372216758,0.09607268409196325,-0.0010231552356128988,-0.36050864561659346,-0.008128078523974536,-0.00015834173537561657,0.01300420499203521,0.001108215775952015,0.004277216124048075,0.0,0.0
1.0500663084751527,-0.0017103436369221747,0.08218920169297064,-0.00030408130106766477,-0.3010782325582387,-0.007501893004624426,-0.00015337252370136456,0.011020038514794257,0.0010555719391468486,0.003518677280366439,0.0,0.0
1.0799544097095837,-0.0018409840250616807,0.06998922092633789,0.00020718556560199423,-0.25068942909522424,-0.006899654286934173,-0.00014316929978593459,0.009302576489485839,0.0010019541334795954,0.002858094964750344,0.0,0.0
1.1106932177881348,-0.0019138521079377984,0.059317187299377724,0.0005539380601478972,-0.20809567197740103,-0.006322914093194126,-0.00012914978173478065,0.007822033439648702,0.0009476628000214724,0.00228727702408999,0.0,0.0
1.1423069464314755,-0.0019376962943831269,0.050025263770709934,0.0007725496778597367,-0.17220044786335295,-0.005772977440339561,-0.00011255603676488874,0.006550987725030216,0.0008930053905958959,0.0017981854153484532,0.0,0.0
1.1748204985568822,-0.0019206935451139531,0.04197380501200527,0.0008932637559867696,-0.1420429841634131,-0.0052508944612454575,-9.445791580365517e-05,0.005464341769636219,0.0008382923593211896,0.0013829969638885448,0.0,0.0
1.2082594858948745,-0.0018704062854778783,0.035031708118327246,0.0009409442517532681,-0.11678462784288678,-0.004757456100226968,-7.575900705651338e-05,0.004539257844024533,0.0007838330171744078,0.001034159117813918,0.0,0.0
1.242650249164223,-0.0017937509362081889,0.029076642305560535,0.000935780503065567,-0.09569601667350207,-0.004293193744847109,-5.720479869513546e-05,0.003755073200244016,0.0007299313369434364,0.0007444398078658778,0.0,0.0
1.2780198788211774,-0.0016969781795859713,0.023995162221562765,0.0008939403462860393,-0.07814511225853303,-0.0038583827642475156,-3.939270686522515e-05,0.0030931983855483486,0.0006768818003608084,0.0005069706731991525,0.0,0.0
1.3143962363992945,-0.001585664777861851,0.019682711449105418,0.0008281680089472105,-0.06358613382163719,-0.003453049831902069,-2.2783603662590613e-05,0.002537002487719447,0.0006249653809401425,0.00031528308729971615,0.0,0.0
1.3518079764566482,-0.0014647164737937467,0.01604352450136486,0.0007483250753369316,-0.05154940613227014,-0.003076983821122696,-7.714470560252497e-06,0.002071688899497924,0.000574445754801846,0.0001633366076224922,0.0,0.0
1.3902845691477506,-0.0013383812401078696,0.01299043700166382,0.0006618742914106635,-0.041632113802643055,-0.002729749977963338,5.588194621246624e-06,0.0016841649420806474,0.0005255658275891726,4.553966990023606e-05,0.0,0.0
1.4298563234379118,-0.0012102719144887538,0.01044461484261561,0.0005743072996519574,-0.033489937453188325,-0.0024107070013085403,1.6994575772198243e-05,0.0013629083833736834,0.00047854465844787545,-4.323745303819511e-05,0.0,0.0
1.4705544109783693,-0.0010833970673868568,0.008335213922459946,0.0004895185033282743,-0.02682953453492887,-0.0021190265965291225,2.645767737590519e-05,0.0010978335433676372,0.0004335748522351913,-0.00010765721517314024,0.0,0.0
1.5124108906609577,-0.0009601988082200154,0.00659898248248551,0.00041012804421045496,-0.02140181832867585,-0.0018537150193554176,3.399970926739414e-05,0.0008801593065764903,0.0003908204788232222,-0.00015191649323824925,0.0,0.0
1.555458733871709,-0.0008425961449163945,0.005179818165600529,0.00033775747187534246,-0.01699598240961228,-0.0016136360921665917,3.9698985382194554e-05,0.0007022809797750169,0.0003504155641304285,-0.00017975486888918522,0.0,0.0
1.5997318504632196,-0.0007320324714994945,0.004028291714463587,0.0002732621115430457,-0.013434214235541756,-0.0013975351566918323,4.367756348874486e-05,0.0005576475570781367,0.0003124631816691029,-0.00019446882236922745,0.0,0.0
1.6452651154662874,-0.0006295257656274544,0.0031011487019606517,0.0002169243613658879,-0.01056703998234592,-0.0012040634254992563,4.6089809528362136e-05,0.0004406455901980449,0.000277035156729371,-0.0001989310612817715,0.0,0.0
1.692094396561823,-0.0005357201298218826,0.0023607999788366842,0.00016861220960952375,-0.008269243030155835,-0.0010318022091976467,4.711202616296383e-05,0.0003464905286828962,0.0002441723781962067,-0.00019561413667032213,0.0,0.0
1.7402565823347322,-0.00045093740285690386,0.0017748105565497656,0.00012790720905119155,-0.006436299976055057,-0.0008792865260028166,4.693324185075134e-05,0.0002711260885094912,0.00021388569619589963,-0.0001866174613601043,0.0,0.0
1.7897896113319542,-0.00037522769476293116,0.0013153955285884057,9.420599730285748e-05,-0.004981280494205529,-0.0007450276435703796,4.574721560627704e-05,0.00021113193809155553,0.0001861573678135524,-0.0001736968421009093,0.0,0.0
1.8407325019475982,-0.0003084178511090833,0.0009589304801166502,6.679922108637552e-05,-0.003832160584601579,-0.0006275341576162663,4.374567475833939e-05,0.00016363976596127396,0.0001609429985720355,-0.00015829566258728498,0.0,0.0
1.8931253831587025,-0.00025015702005637717,0.0006854825565880861,4.493143302000788e-05,-0.0029295022903442582,-0.000525331275410375,4.111276940936719e-05,0.00012625760261001257,0.0001381739147769557,-0.00014157690333923615,0.0,0.0
1.94700952613581,-0.0001999586701154649,0.00047836708078862313,2.7845202208130325e-05,-0.0022244567394129637,-0.0004369780419628018,3.802069856288945e-05,9.700211646167657e-05,0.0001177598915331343,-0.0001244552519030789,0.0,0.0
2.002427376753313,-0.00015723858145179717,0.0003237334238715058,1.4812332635284036e-05,-0.0016770512715844734,-0.0003610823197405257,3.462643921058205e-05,7.423849287393576e-05,9.959215360885421e-05,-0.00010762863977090767,0.0,0.0
2.059422589025106,-0.0001213485044940344,0.00021018267901564203,5.15473553449354e-06,-0.0012547251850230658,-0.00029631340629663005,3.106949090509862e-05,5.662742307451881e-05,8.354656160014074e-05,-9.160863821364524e-05,0.0,0.0
2.1180400594919413,-9.160533861533903e-05,0.0001284186009397524,-1.7428365694913541e-06,-0.0009310822793566423,-0.00024141224560743466,2.747053454360271e-05,4.3078675045654984e-05,6.948689409525477e-05,-7.674924630961683e-05,0.0,0.0
2.17832596258753,-6.731582401832605e-05,7.093233428516871e-05,-6.426314546548623e-06,-0.0006848317668541234,-0.00019519925577968315,2.3930895151952704e-05,3.2710690695011876e-05,5.726813777285634e-05,-6.327370355889723e-05,0.0,0.0
2.2403277870113123,-4.7796862772007396e-05,3.172065147324425e-05,-9.370522114127532e-06,-0.0004988923713327918,-0.00015657985609810374,2.0532693589980245e-05,2.481564696754673e-05,4.6739701483007275e-05,-5.129905830777097e-05,0.0,0.0
2.3040943731364663,-3.2391689282582273e-05,6.0367492481716335e-06,-1.098076910261477e-05,-0.0003596373554365969,-0.00012454782853670935,1.7339570749418865e-05,1.8829427609293744e-05,3.77484771256991e-05,-4.085831966264916e-05,0.0,0.0
2.3696759514826877,-2.048219085911964e-05,-9.827895799161567e-06,-1.1596773658379082e-05,-0.0002562608177820408,-9.818669171877835e-05,1.4397869876909551e-05,1.4305972554267525e-05,3.0141679234834093e-05,-3.19201055286627e-05,0.0,0.0
2.4371241822839975,-1.1497736655899395e-05,-1.873253280079904e-05,-1.1498076401057206e-05,-0.00018024811036475392,-7.666929822747241e-05,1.1738167478063625e-05,1.0895500770072017e-05,2.3769406193814006e-05,-2.4405772632103446e-05,0.0,0.0
2.506492196182815,-4.920910472924093e-06,-2.2849208741371977e-05,-1.0910296900008968e-05,-0.0001249351434761312,-5.925588893868443e-05,9.377050235964916e-06,8.32613794375848e-06,1.8486878470862485e-05,-1.8204076256457783e-05,0.0,0.0
2.577834636082263,-2.9056215423642236e-07,-2.3800289503863718e-05,-1.0011740930980713e-05,-8.514362807041213e-05,-4.529085090992933e-05,7.319043959525049e-06,6.388518894222775e-06,1.4156322631376936e-05,-1.3183458222582193e-05,0.0,0.0
2.6512077001897456,2.7974025446988352e-06,-2.277390260379515e-05,-8.939993796965534e-06,-5.688048584721097e-05,-3.419842893685852e-05,5.558610179380651e-06,4.922973426283928e-06,1.064848360468055e-05,-9.20210476016552e-06,0.0,0.0
2.7266691862856494,4.6910784737926314e-06,-2.0619778015208245e-05,-7.798239355154317e-06,-3.709185249389616e-05,-2.5477636101792682e-05,4.082136168931141e-06,3.8089431019172605e-06,7.84376118410382e-06,-6.1159538343905165e-06,0.0,0.0
2.8042785372521153,5.6850694984350455e-06,-1.7927897376547816e-05,-6.661131447232304e-06,-2.3462525778015784e-05,-1.8696596660828775e-05,2.869855187283375e-06,2.9563138179858125e-06,5.632979465008177e-06,-3.78485249913606e-06,0.0,0.0
2.8840968878976514,6.0240902343967735e-06,-1.5092252251017912e-05,-5.580122333393498e-06,-1.4254049104734248e-05,-1.3486536786693338e-05,1.8976454907819595e-06,2.2983835601793774e-06,3.917809380324817e-06,-2.077067681303425e-06,0.0,0.0
2.9661871131145405,5.907328655005072e-06,-1.2361862189407648e-05,-4.5881925479018755e-06,-8.174265919044815e-06,-9.535616417230506e-06,1.138667195456836e-06,1.7862166827199023e-06,2.6108742537865742e-06,-8.723708302386999e-07,0.0,0.0
3.0506138774069567,5.493284123652345e-06,-9.881025932930575e-06,-3.7039638999636012e-06,-4.273591545517761e-06,-6.5827701784613745e-06,5.648074891566174e-07,1.3841653523546047e-06,1.635576025288286e-06,-6.390435952842114e-08,0.0,0.0
3.1374436858287713,4.9048224533172774e-06,-7.720587833543054e-06,-2.935211484648748e-06,-1.862831895238901e-06,-4.411698417772667e-06,1.4791414095709206e-07,1.066365236447441e-06,9.256852894075839e-07,4.409490644547571e-07,0.0,0.0
3.2267449363712704,4.234244265487264e-06,-5.901805243940787e-06,-2.2818032521005075e-06,-4.4834320490456367e-07,-2.8451220509641376e-06,-1.3919195857792304e-07,8.140363273093918e-07,4.2474144334785337e-07,7.205030309604017e-07,0.0,0.0
3.318587973841922,3.548191288898174e-06,-4.414203055045169e-06,-1.7381162329151845e-06,3.1744625286224543e-07,-1.7393882844969048e-06,-3.219266423731802e-07,6.134416286200005e-07,8.531009636844631e-08,8.393170331318999e-07,0.0,0.0
3.4130451452767367,2.8922640348346815e-06,-3.2286155319853344e-06,-1.2949796727638662e-06,6.753936168114628e-07,-9.79489226212184e-07,-4.233670141731625e-07,4.543757567613823e-07,-1.318563822753676e-07,8.491985976802902e-07,0.0,0.0
3.5101908569297917,2.2952495518705147e-06,-2.3064430187680065e-06,-9.412019956618717e-07,7.889846410617658e-07,-4.7453263540459585e-07,-4.6387709661958787e-07,3.2907294359448987e-07,-2.587124343014585e-07,7.90501193183216e-07,0.0,0.0
3.6101016328849225,1.7729025990666562e-06,-1.6059773583329204e-06,-6.647292149448126e-07,7.656508238666791e-07,-1.5368405666894076e-07,-4.609149950265914e-07,2.3144085110063633e-07,-3.208288866543214e-07,6.935988877036132e-07,0.0,0.0
3.7128561753356126,1.3312425003868402e-06,-1.0864952347890145e-06,-4.535063899924203e-07,6.7433575116164e-07,3.741738212224875e-08,-4.289971860384546e-07,1.5654188725958393e-07,-3.382861217131575e-07,5.804268493355011e-07,0.0,0.0
3.818535426580676,9.693499651875857e-07,-7.107074646269539e-07,-2.960754466890331e-07,5.578524759743946e-07,1.397810391895572e-07,-3.797944609996861e-07,1.0025588539993357e-07,-3.265247768994793e-07,4.659944737596986e-07,0.0,0.0
3.9272226327844786,6.81677797830924e-07,-4.460529117784982e-07,-1.819628486143464e-07,4.4049102644085234e-07,1.8374696837897522e-07,-3.223307042591142e-07,5.9069321362862195e-08,-2.971344500928655e-07,3.598107461931305e-07,0.0,0.0
4.039003409552053,4.599067273243601e-07,-2.651626468943438e-07,-1.0190873672506994e-07,3.344104446980927e-07,1.9125844483690365e-07,-2.632555642330748e-07,2.995164088667332e-08,-2.585672207030425e-07,2.6718130101053407e-07,0.0,0.0
4.153965809370598,2.9437900251364676e-07,-1.457475558670396e-07,-4.795874051512689e-08,2.4492870512109704e-07,1.7776024833728434e-07,-2.0716557400368036e-07,1.0288252399085739e-08,-2.167685918040427e-07,1.9033932186089689e-07,0.0,0.0
4.272200390970624,1.751570239868382e-07,-7.016894771928933e-08,-1.346601545998652e-08,1.7348111062469786e-07,1.537611082206494e-07,-1.5694764413143105e-07,-2.156780806635558e-09,-1.7572348007324512e-07,1.2939647775944957e-07,0.0,0.0
4.39380029066127,9.276145626988078e-08,-2.4893751637045907e-08,6.977245351761148e-09,1.1901195480998003e-07,1.2609983109939513e-07,-1.1412371277150216e-07,-9.267914134131078e-09,-1.3791896004369392e-07,8.311476312532766e-08,0.0,0.0
4.518861295696139,3.864162786051784e-08,1.57327683181148e-10,1.7651085136605372e-08,7.903714794489524e-08,9.895433199346494e-08,-7.917858845055089e-08,-1.2599109072047465e-08,-1.0472853975768899e-07,4.9505835661843444e-08,0.0,0.0
4.647481919727249,5.434102068049036e-09,1.2290600432957396e-08,2.1848804130092597e-08,5.062975727038079e-08,7.463116202013483e-08,-5.185788485276787e-08,-1.3395005355734623e-08,-7.672484671726557e-08,2.6277961690963057e-08,0.0,0.0
4.779763480406694,-1.2945081855480361e-08,1.6634432520247134e-08,2.2022886634280414e-08,3.104966698069223e-08,5.4170661283916726e-08,-3.142558859524556e-08,-1.261931439669058e-08,-5.3928816650758897e-08,1.1143786134190392e-08,0.0,0.0
4.915810179197071,-2.1326313879937136e-08,1.6624428657349542e-08,1.9933897065239317e-08,1.800442085088923e-08,3.779993621351546e-08,-1.6876947935734587e-08,-1.0990424754484879e-08,-3.600394367093706e-08,2.016244966732717e-09,0.0,0.0
5.055729183453521,-2.339119166263024e-08,1.4509029405264949e-08,1.6790181732262168e-08,9.639416275945523e-09,2.5262633722732227e-08,-7.104997018233572e-09,-9.013767690727955e-09,-2.2404035779902034e-08,-2.8838035285938547e-09,0.0,0.0
5.199630710842162,-2.1824060518375736e-08,1.163979155613346e-08,1.337622213627444e-08,4.542398204821639e-09,1.6050746417879513e-08,-1.0224343786617086e-09,-7.024110964263256e-09,-1.2482423342231615e-08,-4.9870159936698825e-09,0.0,0.0
5.347628116161243,-1.84849509553093e-08,8.755545776930141e-09,1.0159926661479087e-08,1.6578428894678513e-09,9.560523306831737e-09,2.357343422448979e-09,-5.222382443831809e-09,-5.569777849017848e-09,-5.382273512928021e-09,0.0,0.0
5.49983798063354,-1.4582795180150102e-08,6.25154579699287e-09,7.382427259973089e-09,1.6610533413878567e-10,5.191034039603903e-09,3.8737437152076865e-09,-3.70633447595748e-09,-1.0268370684529805e-09,-4.851328691733411e-09,0.0,0.0
5.656380203740238,-1.0837011569621058e-08,4.263305647336763e-09,5.134043744750763e-09,-5.178157914389479e-10,2.400607344195086e-09,4.2000313094657425e-09,-2.5051762097758755e-09,1.7225357233658021e-09,-3.9200681143412165e-09,0.0,0.0
5.817378097668783,-7.617696963060172e-09,2.7589181138901687e-09,3.409717408134747e-09,-7.514078174089773e-10,7.337702150397389e-10,3.845292504747364e-09,-1.6055417786882606e-09,3.173408709132164e-09,-2.9136639578496674e-09,0.0,0.0
5.982958484448901,-5.061154045287108e-09,1.7150459897301217e-09,2.1510965378920618e-09,-7.693466826861961e-10,-1.7144202224980448e-10,3.170294253348928e-09,-9.644590911071484e-10,3.733133930964467e-09,-2.009673651044355e-09,0.0,0.0
6.1532517958534845,-3.1602538445476544e-09,9.97977829864648e-10,1.2764449106665483e-09,-6.605960093802156e-10,-5.885895782721083e-10,2.411251359898821e-09,-5.341298228729983e-10,3.722774724238308e-09,-1.2847931077929776e-09,0.0,0.0
6.3283921761428745,-1.8311017917166747e-09,5.547877603706512e-10,6.999888333100363e-10,-5.465150131145265e-10,-7.142952756271717e-10,1.706754754048639e-09,-2.6114314937882015e-10,3.3840570482595225e-09,-7.530220200064066e-10,0.0,0.0
6.508517587733695,-9.585260913707826e-10,2.7894109020663806e-10,3.426543303439807e-10,-4.117359952561061e-10,-6.827164248099873e-10,1.1242391605895122e-09,-1.0162404571199329e-10,2.889619913836357e-09,-3.936878422676914e-10,0.0,0.0
6.693769919875216,-4.247382736424255e-10,1.254781844324889e-10,1.3634991390141952e-10,-2.8665048919236003e-10,-5.799455683863489e-10,6.835207302273215e-10,-1.707612541716399e-11,2.35492683729965e-09,-1.7079119568346045e-10,0.0,0.0
6.8842951004190445,-1.2591508057896126e-10,4.841490191577628e-11,2.7747089721982084e-11,-1.972430208709352e-10,-4.5719025497435533e-10,3.7577254525450983e-10,2.0963704602628845e-11,1.8504524679767921e-09,-4.6278134363769085e-11,0.0,0.0
7.0802432107701225,2.1295649115669346e-11,5.86409485057319e-12,-2.3743833303126232e-11,-1.5990041880276954e-10,-3.417298976272405e-10,1.7800482849156718e-10,3.2054116629100653e-11,1.413192394699588e-09,1.3670610049958608e-11,0.0,0.0
7.281768604109507,7.81728462615018e-11,-4.224030985392813e-12,-3.74857845735747e-11,-1.2917801768161143e-10,-2.454556229189605e-10,6.206246620319885e-11,3.065720378954504e-11,1.0568234477362676e-09,3.4930255440138094e-11,0.0,0.0
7.489030026982287,8.687038129067588e-11,-8.340543333264733e-12,-3.635996531189988e-11,-4.647413260879764e-11,-1.7123266675919008e-10,2.541921170374838e-12,2.3923876474360802e-11,7.80128540275754e-10,3.6036353923746376e-11,0.0,0.0
7.702190744346106,7.39428334480296e-11,-8.345820064886992e-12,-2.695756789670071e-11,3.891602554272953e-11,-1.171932056602508e-10,-2.20882214669983e-11,1.6489503088586433e-11,5.735680200653481e-10,2.8747027209053803e-11,0.0,0.0
7.92141866817905,5.4487168910702245e-11,-1.1331128213476581e-12,-1.7105049189709147e-11,4.395467721139387e-11,-7.95294074599532e-11,-2.7281729351934375e-11,1.0684298715413167e-11,4.2404832440500876e-10,1.9551385008532434e-11,0.0,0.0
8.146886489748006,3.621771475795182e-11,-2.731655697021586e-12,-1.2657574381950414e-11,-9.763705015141145e-12,-5.4133486092878425e-11,-2.320454245600104e-11,6.128766335217608e-12,3.1808713221665867e-10,1.1732092842321585e-11,0.0,0.0
8.378771815641947,2.201872541930505e-11,-3.961094214030264e-12,-4.010995821523431e-12,-4.210884743555882e-11,-3.7359868863731884e-11,-1.6838103315106325e-11,3.2571552819440293e-12,2.4366166661717495e-10,6.161469979058498e-12,0.0,0.0
8.617257307676978,1.2355724915697216e-11,4.860495916715293e-13,-3.571215338576885e-12,-3.5926152076019633e-12,-2.6353148635317206e-11,-1.0196715305183484e-11,1.9777365150790163e-12,1.910555702269063e-10,2.852609116543456e-12,0.0,0.0
8.862530826783608,6.324355535471774e-12,1.407030070266709e-12,1.2471957345677087e-12,4.41294763159731e-12,-1.907384411195042e-11,-5.838680855724437e-12,1.2729985608752237e-12,1.5301830245098398e-10,1.053336215767332e-12,0.0,0.0
9.114785580989393,2.924210298710269e-12,1.3839924744419815e-12,7.893568949108585e-13,4.689918697672156e-12,-1.4140249779968558e-11,-2.515615132404876e-12,9.48376891023376e-13,1.2451043176567437e-10,2.6786019708981866e-13,0.0,0.0
9.374220277613782,1.1856555388696133e-12,1.9313947391989218e-12,-2.1784603782946408e-12,-1.756714532166334e-11,-1.0675159159077179e-11,-6.990402073403877e-13,8.605559078142825e-13,1.0225565651087616e-10,1.9923672799727862e-14,0.0,0.0
9.641039279794736,4.279084783916527e-13,5.455734763426989e-15,3.7320653323544665e-12,9.420222880480556e-12,-8.152050482120527e-12,-2.156166554111801e-13,6.864791959165802e-13,8.425294517407361e-11,6.810191269879209e-14,0.0,0.0
9.915452767470663,1.6030995239547456e-13,-1.2673762728072662e-12,-1.8398458436265735e-12,-1.0024545305631883e-12,-6.254606002168981e-12,1.3967721370135208e-13,5.579200580690954e-13,6.934082330774007e-11,1.8945975372772057e-13,0.0,0.0
10.197676902944291,5.735957369022034e-14,-3.8698145175690886e-13,3.465637653737665e-12,-4.348687223502848e-12,-4.796767385436999e-12,4.172846825957659e-13,5.485874688401377e-13,5.68561736662603e-11,2.0696437718898148e-13,0.0,0.0
10.48793400115918,6.026184387778479e-14,5.011307897045799e-13,-2.4208821103394863e-12,3.805580732800521e-12,-3.668180826164119e-12,8.294808496492242e-14,5.274759158069215e-13,4.639903841210293e-11,2.4131618801121665e-13,0.0,0.0
10.786452704822642,8.891711802371075e-14,1.0425410314876643e-12,-4.636805545611276e-12,-3.986871633335559e-12,-2.794720660163799e-12,-5.294916629097737e-14,4.809467557737039e-13,3.769156736300597e-11,2.7652210726727516e-13,0.0,0.0
11.093468164513272,1.1242581181324707e-13,8.587637818455793e-13,1.2384024024135369e-11,1.3693285861482764e-12,-2.1223525885380006e-12,2.0316180235605333e-14,3.935901586108864e-13,3.050362871686785e-11,2.7642747783633777e-13,0.0,0.0
11.409222223914924,9.03356358469649e-14,1.199889530959688e-13,1.688813868334836e-11,-1.5810161773766612e-12,-1.6080835199445378e-12,-1.5423533048049685e-13,2.809217606354277e-13,2.4621765878600966e-11,2.1725831645871305e-13,0.0,0.0
11.733963610322865,4.246533615730189e-14,-2.447345224719548e-13,2.6934900611114777e-12,-9.44982150711604e-13,-1.2162380640798774e-12,-8.561626354167031e-14,2.0206265163759965e-13,1.9842753093138277e-11,1.467923065959778e-13,0.0,0.0
12.067948130572578,3.871851388620935e-14,-2.8959840067396164e-13,-1.438895447767887e-11,1.2984439949629828e-12,-9.188846333121264e-13,-8.714232390277474e-15,1.5343486115439763e-13,1.5979089198485426e-11,1.0658337895359196e-13,0.0,0.0
12.411438872545041,9.59890476452565e-14,-2.130821457661477e-13,-2.981743865721848e-11,-3.1328551813404005e-13,-6.938722089492876e-13,8.503112988674324e-14,1.2152520537907065e-13,1.2863641868271488e-11,1.4909193523929298e-13,0.0,0.0
12.76470641240763,-2.6186882716505617e-14,-4.780615666985372e-14,-3.453340855986203e-11,-9.398447665273335e-13,-5.237773053719907e-13,1.6692741364417688e-13,1.0271554740060859e-13,1.0354407327675557e-11,4.59304222346062e-14,0.0,0.0
13.128029027753554,4.8388482524939264e-14,2.748217837242378e-13,-1.6241422774249332e-11,-1.1568730690153447e-12,-3.9516208929185637e-13,7.583674916730332e-14,9.967961219174223e-14,8.334394413455439e-12,4.987567384043156e-14,0.0,0.0
13.50169291680817,-4.805787419289415e-14,-1.7856137904293267e-13,3.000032087232719e-11,1.9724704540386248e-12,-2.989777510899156e-13,-9.618141494774438e-14,5.382466333515831e-14,6.708090144399296e-12,3.5220051458075634e-14,0.0,0.0
13.88599242387431,1.6585182007475483e-13,7.065989672559242e-14,6.005665905429805e-11,1.6416946706510177e-13,-2.255788835135128e-13,1.708248020357701e-13,5.4957915058407933e-14,5.398512184283879e-12,1.3518508443329628e-13,0.0,0.0
14.281230271194644,-1.1135415968458414e-13,7.066639481282089e-14,5.940643289356889e-12,-1.0174415881843371e-12,-1.703835112542301e-13,2.0173844181120233e-13,4.382547579642178e-14,4.343891861567393e-12,-2.316510668464443e-14,0.0,0.0
14.687717797413365,-1.2789499115201995e-13,-1.6434556812142837e-14,-2.7796681560460105e-11,2.5015711741665397e-12,-1.2878485802537212e-13,1.1332807766941924e-13,2.975203392261721e-14,3.494159300072837e-12,5.635065108574915e-15,0.0,0.0
15.105775202825523,1.2686552357392304e-13,-3.0452891646895707e-14,3.221791352992928e-11,-2.3839441745757804e-12,-9.72686441441071e-14,-5.896375886790327e-14,2.2050939719344592e-14,2.8093265332826973e-12,4.6516451879087283e-14,0.0,0.0
15.53573180160663,4.1215093132731574e-13,2.1699795111836745e-14,-2.841352855329701e-11,1.2369531723969698e-12,-7.336163126316495e-14,5.959301134439363e-14,1.9906722680774977e-14,2.2579862020640285e-12,1.741144622895005e-13,0.0,0.0
15.97792628122164,3.8089624037996423e-13,-1.5286437390951006e-14,-1.8373595050774276e-11,1.1290575299362456e-12,-5.544945367991504e-14,-1.158644207546045e-13,1.3469023459760982e-14,1.8148831321329687e-12,-7.653192812663763e-14,0.0,0.0
16.432706969217335,3.7312260481517507e-13,-2.6502696573523207e-14,3.35013074794625e-11,-2.7507469888230645e-12,-4.189843651274653e-14,1.5174522166432976e-13,9.534265852560917e-15,1.4584894528659898e-12,-1.4898518326160682e-13,0.0,0.0
16.900432107608754,-1.7398772025099086e-13,-2.2289639582580223e-14,-1.0620102435698046e-11,2.0446582808674895e-12,-3.164009594381187e-14,1.1452283690444973e-14,7.260909995915689e-15,1.1715677663470463e-12,-2.3484270892013007e-13,0.0,0.0
17.381470135075183,-1.2648421007125136e-12,-4.18942522974861e-15,-1.6065422700045637e-11,8.194955428024726e-13,-2.386638259551605e-14,-8.767724757189929e-14,6.40344528116721e-15,9.408483637956864e-13,-3.550639729443359e-13,0.0,0.0
17.876199977188445,2.512851997908155e-13,-1.366244079370525e-14,1.0795561679668147e-11,-9.787420152666032e-13,-1.8028298252831665e-14,2.9990752285155733e-14,4.305443818744027e-15,7.560048379860184e-13,-3.845665271821891e-13,0.0,0.0
18.385011344902015,1.3169605618616152e-13,-1.6660056990892144e-14,1.6666706719716251e-12,-2.5988014428246337e-13,-1.3614721765362866e-14,1.5010933545437177e-13,2.9495388695071043e-15,6.068345686838983e-13,4.2257628957993654e-14,0.0,0.0
18.90830504153584,4.5272476325228243e-13,-1.7595060906109218e-14,-1.783186496360929e-11,4.578697283779938e-13,-1.0274886398137248e-14,6.277600208483416e-14,1.982560534586961e-15,4.864745499742326e-13,5.141105392537307e-13,0.0,0.0
19.446493278499258,-2.184350551150141e-12,-1.2830246962866347e-15,5.3196485097362064e-12,2.2357113300930138e-13,-7.740506150762553e-15,-1.390911656621489e-13,2.2777955512497194e-15,3.921094725209109e-13,-1.1008062345170109e-12,0.0,0.0
20.0,2.3967205413457115e-12,1.5278532226310163e-14,2.56796366510361e-12,2.982404885843287e-14,-5.850938768013986e-15,1.3937418976405406e-13,2.7569422999965998e-15,3.1308406257308455e-13,1.0808994067359898e-12,0.0,0.0
